shipMonitorNumber,shipType,shipGroup,airportCode,keyword1Code,keyword1,keyword2,statusCode,status,ataNo,priorityCode,priority,recordLevelCode,recordLevel,notification,title,importReport,importDeferralItem,exportReport,exportMaintPlan,description,memo,createFromCode,createFrom,createUserId,createdAt,updateUserId,updatedAt
46899,ERJ190,JA241J,ITM,,,"From JAMIS",2,CLOSE,"33 ",02,P3,02,R3,,"FWD LAVのNO SMOKE、RTN TO SEAT、ATT CALL SW L'Tが点灯せず。",0,0,0,0,"朝一、FWD LAVのNO SMOKE、RTN TO SEAT、ATT CALL SW L'Tが点灯せず。ATT PNLのTEST SWでも点灯しない。ATT CALL SWを押すとCBN SIDEのRAINBOW L'Tは点灯してCHIMEもOK。CCB RESETするもSAME。LAV SINK下のPCBのCONNをRE-CONNするとRTN TO SEATのみが点灯しないSQに変わった。PCB在庫無い為、RTN TO SEAT L'T INOPでMEL適用しました。PLACARDはCOCKPIT FSTN SEAT BELT LT SWとFWD LAV RTN TO SEAT LTに貼ってます。PAがOKであれば、LAV BLOCKの必要は無しの為、LAVは使用可能。
PCB(P/N:CDSP4643-501)在庫無しの為ORDER。AMOS W/O:100208522
SHIP離れるときにFWD LAVのATT LTが点きっぱなしでSW反応しないとINFO。PCBのCONNECTOR揺すってNML。PCB、CONNECTORが悪さしてると思われます。
⇒PCBは最速で、明日の夜入荷予定。241Jは7日はSTBY予定です。O/N STAYにてPCBやL'TのCONNECTIONの確認お願いします。(LS 前甲)
⇒L'T PANEL ASSY (NO SOMKE, RTN TO SEAT, ALL CALL SW LT)REMVし、CONNECTOR CONDITIONを見ましたがOKでした。PCB CONNECTORもOKでしたので、PCB CHGが怪しい（遠藤）
⇒PCB入荷しました。（2/7村上）
⇒PCB交換するもSAMEだったのでPCBはORGINALに戻しました。LAV CALL PNL ASSYを交換したら OPE C'K OKになったのでC/O CLOSEDしました。（2/7安田）",三浦A,2,Field,99999999,2017/02/06,15506983,2026/09/04
46923,ERJ190,JA241J,ITM,,,"From JAMIS",2,CLOSE,"33 ",02,P3,02,R3,,"FWD LAV ATT CALL SW左上のLED L'TがCALL SW 押しても点灯しない",0,0,0,0,"CAB MEMO 18章C/O
FWD LAV ATT CALL SW左上のLED L'TがCALL SW 押しても点灯しない
FWD LAV ATT CALL SYS FUNCTION IS NORM. 
別SQでPCB CHGされます。それでFIXされると思います。
(それでも直らない場合は、PASSENGER SERVICE UNIT P/N:4263-10あり IPC33-20-01）
AMOS NO.100208906
⇒PCB CONNのLOCK部分の爪が甘くPOOR CONTACTでした。直してOKになったのでCLOSEしました（安田）",杉山,2,Field,99999999,2017/02/07,15506983,2026/09/04
58385,ERJ190,JA241J,KMI,,,"From JAMIS",2,CLOSE,"33 ",02,P3,02,R3,,"FWD LAV ATT CALL SW LT(GREEN)が点灯せずMEL",0,0,0,0,"2437/694  FWD LAV ATT CALL SW LT(GREEN)が点灯せずMELあててます。


⇒IPC33-20-01 LAV CALL PNL P/N 4263-10在庫有り。(LS金澤)

⇒PCBが焦げていました。交換してALL OK  MEL CLOSEしました。　　ITM  岡元　相　　3/24",中重,2,Field,99999999,2018/03/22,15506983,2026/09/04
58446,ERJ190,JA241J,ITM,,,"From JAMIS",2,CLOSE,"33 ",02,P3,02,R3,,"FWD LAV ATT CALL LT INOP（MEL C/O SQ）",0,0,0,0,"FWD LAV ATT CALL LT INOP（MEL C/O SQ）
⇒LAV CALL PNL ASSY交換してもGREENのCALL LTはSTAY ONのままでRESET不可。PCBをRMVした所、BURN OUTしていた。PCB ASSY交換し
　てALL OKになりました。　MEL CLOSED..",岡元　相,2,Field,99999999,2018/03/24,15506983,2026/09/04
45543,ERJ190,JA244J,KOJ,,,"From JAMIS",2,CLOSE,"24 ",02,P3,02,R3,,"29HK AC ELEC OUTLET AMBER",0,0,0,0,"(2016/12/15KOJ) 2411/2412 BOARDING直前に29HK AC ELEC OUTLET AMBERでCBNより呼ばれました。RESET SW LONG PUSHするもSAME.
SHIP搭載携帯充電器にて数回抜き差ししてGREENに戻りました。NO CBN LOG.
⇒( 2026/12/15KOJ＠田村S )以後NML.STYでもGREENでした。( KOJ＠田村S )",田村S,2,Field,99999999,2016/12/15,15506983,2026/08/22
35550,ERJ170,JA225J,ITM,,,"From JAMIS",2,CLOSE,"23 ",02,P3,02,R3,,"DAP 1のMIC SELECTORでCOMM #1をSELECTしているのにTXするとCOMM #2につながる",0,0,0,0,"DAP 1のMIC SELECTORでCOMM #1をSELECTしているのにTXするとCOMM #2につながるという不思議現象が起こったそうです。一度MIC SELECTをCOMM1⇔COMM2切り替えて戻ったそうです。",山北S,2,Field,99999999,2015/08/29,15506983,2026/08/17
51737,ERJ170,JA227J,ITM,,,"From JAMIS",2,CLOSE,"23 ",02,P3,02,R3,,"#1DAPでVHF1にMIC SELECT出来ない（MIC LTが点灯しない）この状態でTXするとVHF2がTXする。",0,0,0,0,"-CREW INFO-
出発直前に呼び出しあり。#1DAPでVHF1にMIC SELECT出来ない（MIC LTが点灯しない）この状態でTXするとVHF2がTXする。（MIC SELECTがVHF2でSTUCKしている？MIC LTは消灯している）
⇒MIC SELECT SWを一度VHF2にSELECTしてからVHF1に戻すとSELECT出来るようになり以後NMLでVHF OPE CK OKです。(NO SQ UP) DAP P/N:7511900-92502 2ea 在庫有り",仙波,2,Field,99999999,2017/08/11,15506983,2026/08/17
34428,ERJ170,JA221J,ITM,,,"From JAMIS",2,CLOSE,"33 ",02,P3,02,R3,,　,0,0,0,0,"(2015/07/03) ANN LGTの件、COCKPIT CREWもCAP SIDE SPEAKER PNL辺りを叩けば直る事を知っていました。GND OPE C'K OKとSW LGTの機能を説明し、MEL適用は無しとの了解を頂きました。参考までにEDP SOV SW LGTのMELは29-11-01 2)、APUはAPU INOPしか有りません。
⇒STY ARRではな全くNMLでした。TB2101とTB2102にACCESSする為OVHD PNL OPENし、周辺WIRE揺すりながらC'Kしましたが全く再現せず。可能性としてはTB2101(P/N:M81714/60-20-02)の片側に一時的に不具合があったのか、上流SPLICEに不具合があったものと思われますが、現象でず解りませんでした。PARTS(TB2101&TB2102)はORDERしました。(大山)",玉城T,2,Field,99999999,2015/07/03,15506983,2026/05/19
32769,ERJ170,JA214J,ITM,,,"From JAMIS",2,CLOSE,"49 ",02,P3,02,R3,,"APU AUTO S/D　APU BACK UP OVERSPEED"" FAULT CODE:""49105412APU""",0,0,0,0,"F2204 SDJにてWALK AROUND中にAPU AUTO S/Dした。RESTART後は現状NML。CMCではFAULT NAME:""APU BACK UP OVERSPEED"" FAULT CODE:""49105412APU""拾っていました。POSSIBLE LRUはSPEED SENSORとAPU FADECをSTOREしていました。OIL LVL等は確認していません。214Jは去年10月にAUTO S/D過去歴あります。
⇒その後STYまでNML.
CMC見ると3/10に同じMAINT MSG拾ってました。このMAINT MSGの過去歴はそれのみです。本日はSPEED SENSORと、FUEL MODULE CONNE CLEANINGしてOPE OKです。(加藤M)
",石川Y,2,Field,99999999,2015/04/01,15506983,2026/05/02
58765,ERJ190,JA246J,"LS ",,,"From JAMIS",2,CLOSE,"21 ",02,P3,01,R2,,"3531 FUK DEP TAXI中、""ENG REF ECS DISAG"" MSG APPEAR。",0,0,0,0,"(2018/04/03）3531 FUK DEP TAXI中、""ENG REF ECS DISAG"" MSG APPEAR。MSGが出たり消えたりをしばらく繰り返していたそうです。MSGが出ていた時のECS PAGEでPACKのINDは確認できていません。現状MSG OFFでPACKもNORM OPEの為そのままSDJへ向かいます。
⇒SDJにて状況を確認したところ、上記MSGが出て、T/O DATA等の入力、確認をしていたら消えたとのことでした。BLEED FAULT,
PACK OFFなどのMSGはなかったそうです。CMC C'K,NO POS.LRU、FAULT CODE:73217702CMCをMEMORYしてました。 NO SQ UPでした。引き続き状況みてもらってます。SDJ@小林A
⇒(4/3) その後STYまでNML.P/MでBLD CONT PNL交換しました。ENG RUNでのOPE C'K OK.明日以降もMONITORお願いします。(ITM岸)
⇒(4/20)　PERFORMED T/SHOOT & REPLACED AMS CONTROLLER MODULE SLOT 19 ""AMS CH1 LO LVL MODULE""PER AMM 21-00-03/400
⇒その後4/26日までのFHDBではMAINT MSG無し。SHIP MONITORも無し。CLOSEします。(5/6 LUT木戸)","続いているENG REF ECS DISAGの件についてまとめます。
12/25:LH FCV交換。
1/6  :LH FCV交換。(VLV OPENの為のCURRENTはOK)
1/7  :LH HPSOV交換。
1/14 :SER-PACK 1 VENTURI DP SNSR交換。
1/29 :SER-SPDA2 LOW LVLV I/O～LH PACK VENTURI DP SNSR間WIRING C'K。
     :AMS PROC(SPDA2,SLOT25)交換。(過去にAMS CONT CH2 STOREしてた)
1/30 :AMS PROC CH1 SLOT18とCH2 SLOT25 SWAP。
2/1  :AMS MOTOR DRIVE MOD CH1 SLOT20交換。
     :AMS LOW LVL I/O SLOT19,SLOT22 SWAP。
     :ENG AIR LEAK C'K OK。
     :PACK1 AREA LEAK C'K & FCV OPE SMOOTH C'K OK。
2/5  :PACK 1 ACM交換。
2/20 :LH EMG FADEC交換。
     :ENG START SIGが入るGEN I/O MOD 1&2 SWAP
2/27 :MCDU1交換。(P/N:7025725-932⇒7033700-930)
     :SPDA1 DISCRETE I/O SLOT9交換。
2/28 :EMER RAM AIR SOV交換。
4/3 BLD CONT PNL交換",1,Fleet,99999999,2018/04/03,15506983,2026/04/18
57810,ERJ190,JA246J,"LS ",,,"From JAMIS",2,CLOSE,"21 ",02,P3,01,R2,,"ENG REF ECS DISAG",0,0,0,0,"続いているENG REF ECS DISAGの件についてまとめます。
12/25:LH FCV交換。
1/6  :LH FCV交換。(VLV OPENの為のCURRENTはOK)
1/7  :LH HPSOV交換。
1/14 :SER-PACK 1 VENTURI DP SNSR交換。
1/29 :SER-SPDA2 LOW LVLV I/O～LH PACK VENTURI DP SNSR間WIRING C'K。
     :AMS PROC(SPDA2,SLOT25)交換。(過去にAMS CONT CH2 STOREしてた)
1/30 :AMS PROC CH1 SLOT18とCH2 SLOT25 SWAP。
2/1  :AMS MOTOR DRIVE MOD CH1 SLOT20交換。
     :AMS LOW LVL I/O SLOT19,SLOT22 SWAP。
     :ENG AIR LEAK C'K OK。
     :PACK1 AREA LEAK C'K & FCV OPE SMOOTH C'K OK。
2/5  :PACK 1 ACM交換。
2/20 :LH EMG FADEC交換。
     :ENG START SIGが入るGEN I/O MOD 1&2 SWAP
2/27 :MCDU1交換。(P/N:7025725-932⇒7033700-930)
     :SPDA1 DISCRETE I/O SLOT9交換。
2/28 :EMER RAM AIR SOV交換。

3/4にSERでWIRING C'Kの作業が出る予定です。内容はFLOW SNSR DP SWとAMS DRIVE MOD/LOW LVL I/O間のC'Kです。
他に何か手立てがありましたらLSまで助言お願いします。(LS 梅本)
",梅本,1,Fleet,99999999,2018/03/02,15506983,2026/04/18
14178,ERJ170,JA214J,HND,,,"From JAMIS",2,CLOSE,"31 ",02,P3,02,R3,,"朝一、PWR INで「ADS2 FAIL(C)」「AVNX MAU 2B FAULT(A)」「TAT2 FAIL(A)」CAS MSG APPEAR",0,0,0,0,"朝一、PWR INで「ADS2 FAIL(C)」「AVNX MAU 2B FAULT(A)」「TAT2 FAIL(A)」CAS MSG APPEAR。かつ、CLOCKがBATT SW ON時点からバグってました。ALL PWR RESETでBACK TO NORM。CMC上では、3つのMSG共通でGEN I/O MOD 2＠MAU2 SLOT9&10を拾ってました。",角田,2,Field,99999999,2012/04/02,15506983,2026/04/18
48153,ERJ170,JA213J,SDJ,,,"From JAMIS",2,CLOSE,"33 ",02,P3,02,R3,,"COMPANYにて「SEATBELT SIGN LTが消えない。CHIMEも鳴らない」",0,0,0,0,"（2017/3/31SDJ伊藤）2900 SPKSDJ COMPANYにて「SEATBELT SIGN LTが消えない。CHIMEも鳴らない」このままSDJに向かっています。PIS SW PNL ASSY:170-04955-413 在庫なし(C-CKにはあり)、SW単体 MS21347-221 在庫あり。RLY FWD E-BAY LH RLY SUPT K0011:M83536/16-022L 在庫あり。=> NO SMOKEとFASTEN SEAT BELT SIGN LT両方ともCONT不可でした。RLY K0011 TAPPINGするもSAME。MEL 33-23-00を適用して飛（2017/3/31SPK関根）ばしています(AMOS:100234371)。時間無き為、ALL PWR REST出来ませんでした。（SDJ 伊藤礼二）
⇒ALL PWR RESETでBACK TO NML。C/O CLOSED。(SPK@関根Ｔ)
⇒その後NMLでした。(安田)
⇒(2026/4/12EST上田) 2017/4/8にPASS WARNING SIGN STAY ON BY SW OFF POSI AT C OF A GRD INSP. *GRD INSP 2.3.B(1) (G) (1) (C)でREPLACED PASS WARNING SIGN RELAY(K0011) PER SWPM20-32-01. PASS WARNING SYS OPE C`KED OK.となっています。",近藤,2,Field,99999999,2017/03/31,15506983,2026/04/12
26909,ERJ170,JA212J,ITM,,,"From JAMIS",2,CLOSE,"52 ",02,P3,02,R3,,"COCKPIT DOORのLOCKがガチャガチャいっていたとCREWより口頭でINFO",0,0,0,0,"2206便でCOCKPIT DOORのLOCKがガチャガチャいっていたとCREWより口頭でINFOありました。GNDでOPE C'Kしても再現せず。CREUISE中だったのでDOORが開いたりすることもなかったようです。後半はCOCKPIT３人乗っているので、MONITOR依頼しています。
⇒ELEC LATCHのDOOR CLS S'WがDOOR OPNにもかかわらずCLSをSENSINGしてます。STYで確認願います。ELEC LATCHあり(AS-200-00075)90-C（関根Ｔ）
⇒SDJ STAYではNORMNでしたが、COCKPIT DOORがCLOSEすると押されるSENSOR PINのCLEANING & LUBを実施し、COCKPIT DOOR ELEC LATCH OPE TEST実施しNORMである事を確認しました。
もう少し様子見て不具合が続くようでしたら、ELEC LATCH交換願います。　　SDJ 高橋YO
",長岩M,2,Field,99999999,2014/05/05,15506983,2026/04/08
20192,ERJ170,JA213J,FUK,,,"From JAMIS",2,CLOSE,"27 ",02,P3,02,R3,,"FLAP5でLDGする時に、ROLL TRIMが0.4UNIT必要",0,0,0,0,"(11APR2013FUK濱崎) FLAP5でLDGする時に、ROLL TRIMが0.4UNIT必要だそうです。JL2179から傾向はあったそうです。FLAP OPE NORMALでRODも曲がってはいませんでした。",濱崎S,2,Field,99999999,2013/04/11,15506983,2023/06/20
20449,ERJ170,JA213J,ITM,,,"From JAMIS",2,CLOSE,"27 ",02,P3,02,R3,,"FLAP DOWNにするとAIL TRIMがLHに1/3～1/2UNITとらないとダメ。",0,0,0,0,"(25APR2013ITM廣中) 3588/2060便にてCREW INFO 1件
他機と比べFLAP DOWNにするとAIL TRIMがLHに1/3～1/2UNITとらないとダメ。
APPではFLAP""5""までAP ENGAGEだったので不明、TO時には感じるようで、AILをRHにきった時は若干重い気がするとのこと。
取り敢えずFLAP DOWNしてVISUAL C'K、AIL及びAIL TRIMのMOVE C'K実施。全てNMLでした。次便FUKまで様子見でお願いしました。FUKで様子聞いてみてください。
⇒状況は変わらないそうです。FUK LDGはCO-PIさんが行ったそうですがCAPTと同じFEELINGと言っていました。NO LOGです。4/11にも同様の履歴があるので暫くMONITORE必要かと。FIMのROLL TENDENCY REPORTED(TASK27-10-00-810-806-A)を読むとAIL CABLE TENTION CK,SURFACE RIGG,FLAP RIGG等が謡われているので生産と調整でITM STYでPRECAUTION MAINTしても良いのでは。（FUK伊藤）
⇒3/25～4/6 OKAでのC CHECKでAILERON CABLEのPULLYを交換してたと思います。（いわた）
⇒本日後半CREWはFINAL APP中に全LEGでL/HにTRIM必要だったそうです。W/W内AIL RIG PIN HOLE確認しましたが(完全目視)、分かるレベルでのズレはなし。FLAP DOWN時のみ顕著にTRIM必要な状況から、RUDDのNEUTRALも値でのみ確認すると、L/Hに0.05でした。つじつまが合わないので“？？”ですが、AILはパッと見OKの為、NO ACTIONです。(5/25 SPK 下川M)",廣中,2,Field,99999999,2013/04/25,15506983,2023/06/20
26497,ERJ170,JA213J,ITM,,,"From JAMIS",2,CLOSE,"27 ",02,P3,02,R3,,"APPでFLAP 5 にSETするとRHに機体が取られる",0,0,0,0,"(10APR2014ITM砂川) JL2424 ARR時のINFOでAPPでFLAP 5 にSETするとRHに機体が取られるとのことでした。
ROLL TRIM LH 0.2くらいとったそうです。4/1にも出ているようです(石川さん申し送り）。　砂川T 4/10",砂川,2,Field,99999999,2014/04/10,15506983,2023/06/20
37885,ERJ170,JA213J,ITM,,,"From JAMIS",2,CLOSE,"27 ",02,P3,02,R3,,"AILRON NEUTRALで右に曲がっていく。",0,0,0,0,"(03JAN2016ITM小森) CREW INFO  AILRON NEUTRALで右に曲がっていく。過去歴ありで持病もちです。12/28日にINSP行っています。
⇒最終便のCREWに聞いたところ少しTRIM取るけど、とあまり気にはしていなかったです。APPでTRIM CENTERに戻してA/PをDISCした時に少しずつ右に傾いていくとのことでYAWかROLLかはROLLだとの事でした。WING&FLAP周りにも特に異常無く今日はNO ACTION。(安田)",小森S,2,Field,99999999,2016/01/03,15506983,2023/06/20
44765,ERJ170,JA213J,ITM,,,"From JAMIS",2,CLOSE,"27 ",02,P3,02,R3,,"FINAL APP中にROLL TRIM LEFT WING DOWNにFULLの25%ほどとる",0,0,0,0,"(12NOV2016ITM安田) NOTEでFINAL APP中にROLL TRIM LEFT WING DOWNにFULLの25%ほどとるとの事でした。以前から度々INFOのある持病の様です。様子見てもらってます。",安田,2,Field,99999999,2016/11/12,15506983,2023/06/20
49829,ERJ170,JA213J,ITM,,,"From JAMIS",2,CLOSE,"27 ",02,P3,02,R3,,"AP ENGAGE時及びMM OPE時に右にROLLINGする。",0,0,0,0,"(05JUN2017ITM恩田) STYでNOTEで1件あがりました。
AP ENGAGE時及びMM OPE時に右にROLLINGする。FLAP UP/DN関係なく起きる。ROLL TRIMの値はかなり切られていた。
このSQは2016年からの持病持ちです。

DETAIL CKした所、GND LVLから見てRH MOST OB MFSがFLOAT UPしていた。FLAPとSPOILER間のGAP:0.178INCH(LIMIT:0.040～0.160INCH)
GAP ADJしてOPEしました。AFT ADJ:0.100INCH
CMC STATUS PAGEもOK.検査押印OK.

お願い。明日まっすぐと飛んでるか確認お願いします。参考にSMARTのREPORTに本日CREWに聞いた当て舵TRIMの度合いの写真を入れておきましたので比較してください。
まだRHにROLLする時は、さらに1ノッチADJ願います。ROD END切らなくてもPCU SIDEのNUTを回せばできるかもしれません。AMM参照
次回TRY願います。恩田

AIRCRAFT ROLLINGの件。FLAP 5の時のみ　右にROLLINGしたそうです。SMARTの画像を見せたところ、画像の半分くらいの TRIM量だそうです。
それほど気にならない様子でした。FUK安達",恩田,2,Field,99999999,2017/06/05,15506983,2023/06/20
49869,ERJ170,JA213J,FUK,,,"From JAMIS",2,CLOSE,"27 ",02,P3,02,R3,,"FLAP 5の時のみ　右にROLLING",0,0,0,0,"(06JUN2017FUK安達) AIRCRAFT ROLLINGの件。FLAP 5の時のみ　右にROLLINGしたそうです。SMARTの画像を見せたところ、画像の半分くらいの TRIM量だそうです。それほど気にならない様子でした。",安達,2,Field,99999999,2017/06/06,15506983,2023/06/20
5100,ERJ170,JA214J,FUK,,,"From JAMIS",2,CLOSE,"25 ",02,P3,00,R1,,"MEGAPHONEのBATTERY交換時によく破損しているSET SCREW",0,0,0,0,"(21AUG2010ITM森本) 昨日の申し送りのMEGAPHONEのSET SCREWですが、BATTERY交換時によく破損しています。
SETSCREW KIT(SCREW 4～5個とWRENCHと＋α）ということで、CMMにPARTSが記載されており、以前にも購入して交換しています。
多分記載の場所のSETSCREWはこれで対応できると思いますので、CKしてみてください。
P/N 9416です。在庫ありとのこと。袋の中にイモネジ3個とALLEN WRが入っています。
⇒交換しました。(沖野)",森本,2,Field,99999999,2010/08/21,15506983,2023/06/04
55825,ERJ170,JA225J,KIJ,,,"From JAMIS",2,CLOSE,"22 ",02,P3,02,R3,,"JL2872 LDG後TAXI中にAP FAIL、AT FAILが出た",0,0,0,0,"(27DEC2017) JL2872 LDG後TAXI中にAP FAIL、AT FAILが出たそうです。CMCには ""IRS 1/IRS 2 [ATA1]/WRG FAULT""”IRS 1/IRS 2 [ATA2]/WRG FAULT""がCORRELATEしていました。昨日の215Jと同じようです。本日KIJ平均風速35KT以上の中でのTAXIなので、風の影響と思われます。CREWには様子見をお願いしました。",岩井,2,Field,99999999,2017/12/27,15506983,2023/06/02
49102,ERJ190,JA244J,SDJ,,,"From JAMIS",2,CLOSE,"22 ",02,P3,02,R3,,"RTO 2 TIMES FD MODE OFF(FD BAR OUT OF VEWしたそうです。SDJ GUT 40NT)",0,0,0,0,"(08MAY2017) RTO 2 TIMES FD MODE OFF(FD BAR OUT OF VEWしたそうです。SDJ GUT 40NT)
AUTO LAND 1NOT AVAIL"" MSG APPERED.CMC 'AP FAIL''AT  FAIL' ' FD LATERAL MODE OFF''FD VERTICAL MODE OFF' MEMORY,IRS WHEEL SPEED TRANSDUSER&OTHER MEMORY.ALL PEOWER RESET MSG OFF,IRS ALIGHN OK.
AMOS W/O: A100249606
⇒CREWのFLT TECHNICAL GUIDE 3-15-05(I-BOXから閲覧可能)に下記の文章があります。
""TAKEOFF IN ADVERSE CONDITIONS""
Auto land 装備機については、強いGusty Condition 下において、EICAS Message “AUTO
LAND1(2)NOT AVAIL”、“AT FAIL”、“FD VERT MODE OFF”、“FD LATERAL MODE OFF”
がTaxi 又はTakeoff Roll 中に表示されることがある。Takeoff を続ける場合は、Pilot の判断で
Autothrottle とFlight Director をReengaged できる。
以前HNDで同様MSGが出た件でEMBに聞いたところWINDが40KTをS/HとしてMSGが出るとの回答があり。今回はT/O時にHEAD WINDでGUST48KT程あったようです。CREWは風がおさまるまで飛ばないという事だそうでCREW判断待ちでAOGになっています。
RTOに関してもBRK TEMPから05章のINSPに該当しませんでした。(LS金澤)
",小林A,2,Field,99999999,2017/05/08,15506983,2023/06/02
44386,ERJ170,JA211J,"LS ",,,"From JAMIS",2,CLOSE,"23 ",02,P3,02,R3,,"OOOI Auto D/Linkしない件",0,0,0,0,"OOOI Auto D/Linkしない件、
Wi-Fi改修時に、AVICOMからJALFOSへの配信が切られてしまっていたことが原因とわかりました。機体側ではなく地上側の問題でした。JA211Jは10/28始発便からOOOI ReportがAuto D/Linkされるはずです。
本件に関し、いろいろとご協力頂きありがとうございました。またT/Shooingに時間を要し、申し訳ありませんでした。
⇒その後問題なさそうです。(10/29村上）",近藤,1,Fleet,99999999,2016/10/25,15511429,2022/12/17
47620,ERJ170,JA220J,HND,,,"From JAMIS",2,CLOSE,"25 ",02,P3,02,R3,,"JGS GND HND INFO:FWD CARGO DOOR AFT SIDE INNER TRIM COVER",0,0,0,0,"JGS GND HND INFO:FWD CARGO DOOR AFT SIDE INNER TRIM COVER PEEL OFF. 特殊なSTUDではめ込むTYPEで抜け出てきている為INSTALLしてもバカになってます。GRASS TAPEにてTEMP REPAIRしています。MAINT CHANCE時CORRお願い致します。IPC 50-31-03 FIG01のR S T U の受け側NUT PLATE NGのようです。
⇒どのPOSIがNGなのか詳細が分からないのでITM STYで確認お願いします。（LS小島）
ITEM R  P/N:170-84585-401 在庫無し ⇒ 互換で170-84585-403が5個あり
ITEM S  P/N:170-69655-401 在庫無し ⇒ 互換で170-69655-403が5個あり
ITEM T  P/N:170-84581-403 在庫あり　7個
ITEM U  P/N:170-84580-403 在庫あり　8個
⇒R×1、S×1、T×1、U×２が必要です。全て5EAずつORDERかけました。
またINSTにRIVETが必要な感じですがIPCには記載ありません。作業としては急ぎではないので長期要目などで確認お願いします。（3/10 榎本）⇒ BRACKETのFASTNERについてはMS20470AD4-5を使用しています。 (4/29 LS 上田)
⇒明日からの長期で実施します。LS KAWASAKI
⇒長期要目にてBRACKET交換完了しました。（5/1　片岡）__",松本H,2,Field,99999999,2017/03/08,15506983,2022/05/31
47743,ERJ170,JA227J,ITM,,,"From JAMIS",2,CLOSE,"34 ",02,P3,02,R3,,"UNABLE RNP」のMCDU MSG & PFD右下に「DEGRADED」MSGがAPPEAR",0,0,0,0,"(2017/03) 2152 AOJITMからINFOで、「UNABLE RNP」のMCDU MSG & PFD右下に「DEGRADED」MSGがAPPEARした。DME/DME POSI UPDATEにAUTO SWされMSGも消えた。SATE受信はGPS1&2共に4つずつ。NOTAMは何も無しとの事。
GPS POS UPDATEの時はEPU(≒ANP)の値が8.00まで上がり、DME UPDATEにAUTO SW後は0.20程度に落ち着いたとの事。
ARR時はGPS UPDATEに戻っており、EPU 0.30でした。
GPS RESET TEST PASS。CMC MAINT MSGも何もなし。ALL PWR RESETするもSAME。GPS OPE TESTもOK。GPS MODULE 2台FAILの可能性は低い為、現状で整備としてはNMLと判断したが、CREW RQSTで#1 GPS RCVR MODULEの交換実施。TO:0113。
⇒追記　GPS1交換後、SAT TRACK 5→8EA（まだ少ないですが…), RAIM 0.59→0.27NM, HFOM0.06→0.04NM, RNP1.00/EPU0.30→0.14 
※EPU:Estimate Position Uncertanity≒他機種でいう所のANP:Actual Navigation Performanceの事の様です。PROG PAGE1/3に表示されてます。
乗員の話では通常はON GNDでEPU 0.0X位との事。隣のSPOTにいた211JもEPU 0.05でした。EPU値がRNP値を超えると""UNABLE RNP""MSGが出ます（赤坂）
⇒FHDBでは何もSTOREされていませんでした。2151/2152共に、APPで""APPR 2 NOT AVAIL""&""AUTOLAND 1 NOT AVAIL""、2152 CRZ中、""ANTENNA AZIMUTH POSITION FAULT 34420140WXR""はありましたが、関連は不明。2152 FLT中は、EPU 8.0でUNABLE RNPなので、何かしらの不具合は持っていたと思われます。但し、外的要因はない様で、原因はわかりません。(近藤)
⇒T/O後、COMPANYでEPU=0.04との事。GPS1 MODの交換なのか？LONG PWR RESETの影響の様な気もします。(近藤)
⇒STAYまでNORMALだったとの事です。SAT TRACK:11EA RAIM:0.09NM HFOM:0.03NM(KMI森村)",赤坂,2,Field,99999999,2017/03/13,15506983,2020/02/19
56526,ERJ170,JA227J,ITM,,,"From JAMIS",2,CLOSE,"34 ",02,P3,02,R3,,"F3 CKにてGPS2のSATELLITEが一つも受かっていなかった。",0,0,0,0,"(2018/01/16) F3 CKにてGPS2のSATELLITEが一つも受かっていなかった。MAINT MSG:MAU3 GPS2[EGPWS]/WRG FAULT(FAULT CODE:34410033EG1)拾っていました。1/10ごろからGPS1,2共に数回ずつMSG拾っているようでした。CMCにてGPS2 RESET TEST実施でBACK TO NMLになりました。昨日249Jでも発生しています。明日SHIP立上げ時注意願います。",石川義,2,Field,99999999,2018/01/16,15506983,2020/02/19
52194,ERJ190,JA242J,"LS ",,,"From JAMIS",2,CLOSE,"27 ",02,P3,02,R3,,"CAPT RUD PDL NEUT POSIでのガタ",0,0,0,0,"昨日申し送りにある「CAPT RUD PDL NEUT POSIでのガタ」「RUD PDL ADJ ACT JACKSCREWの所でガタ」、少し気になります。まずは状況確認して、今後のCORRECTION要否の確認、REPAIR箇所の特定ができればお知らせください。
⇒本日はCREW INFO無し。他機と比較してみたが急いでCORRECTIONが必要なレベルでは無いと思います。ガタも言われなければ気にならないぐらい。いつも乗務してるPILOTだから違和感を感じるんだと思う。
本日はRIG PIN入れてPEDAL固定してみたがガタは変わりませんでした。RUDDER TRIMでNEUTRALズラしてみたがSAME。FWD E-BAY内を可能な限り触って確かめたがDEFECT無し。AIPC27-21-01 Fig.04のPEDALから繋がるTUBEのHINGE部のガタか昨日申し送りのPEDAL ADJ ACT JACKSCREW辺りでガタが生まれていると思う。更にINFOが続かないのであればしばらく様子見でいいのではないでしょうか。（服部）
⇒[2/16 ITM岸]久々にINFOあり。CMCなし。PDLガタはCREWにより気になることがあるようでした。FOはガタなし。PDL AREA DEFECTなし。FIM27-23-00/200参照しRING抜け出し等無かったので終了しております。緊急性なしと判断しております。","近藤
",1,Fleet,99999999,2017/08/27,15511464,2020/02/16
172,ERJ170,JA212J,SJK,,,"From JAMIS",2,CLOSE,"25 ",02,P3,02,R3,,"PBS600 AUTO ANNOUNCEがMASK DEPLOYで作動するLOGIC",0,0,0,0,"PBS600 AUTO ANNOUNCEがMASK DEPLOYでも作動せず。PBS POWER ONにしていたが、ただPOWER ONのみでMSGは未SELECT状態だったので作動しない。POWER ON後いずれかのMSGをSELECTしておけばAUTO ANNOUNCE作動することをGND OPE C'Kにて確認した。PBS LOGICがそうなっているそうです。",齋藤,2,Field,99999999,2009/01/30,15506983,2020/02/08
12192,ERJ170,JA216J,ITM,,,"From JAMIS",2,CLOSE,"36 ",02,P3,00,R1,,"MAINT MSG""ODS PACK LOOP5"" の件",0,0,0,0,"(2011/11/26) MAINT MSG""ODS PACK LOOP5"" の件
①T/Sの為PWRを入れるとINACTIVEだった為RESET TESTによりFAULT RESET実施。
②以前のT/Sと同じLOCATION77.8で拾っていた為RH ACM LOOPの根元CONNECTOR(ACM H/E EXHAUSTのOBに有り。J1059&P1065)を疑い揺すってみた。⇒SENSOR SHORTをACTIVE⇔INACTIVEを繰り返す。
③以前のT/Sで大量の雨水が入る事がわかっていたのでCONNECTORを分解してWIREのCORROSION等を見ようとしたがCONNECTORの作り上内部の分解は不可でした。
④CONNECTOR CLEAN後復旧してPWRを入れるとなぜかODS PARAMETERでODS CH""A""CARD FAULTを拾ってしまいRESET TESTができなくなった。AMS RESET TESTでもNG。
ODS CARD FAULT T/SとCONNECTOR交換はS勤に申し送り。CONNECTORは在庫有り。
⇒BRACKET部分(上記CONNのすぐ下)のCONN脱着してALL CLEAR。CARD FAULTとSHORT直ってCMC MSGも消えました。様子見てください。AMS CONTはRE-RACKしたりNEWに換えたりSWAPしても変わらなかったのでAMS CONTは悪くないです、参考までに。参考資料はしばらくLOG入れに入れておきます（田中）。⇒ (10/4LS上田) ODS PK LOOP5 (RH BLD) (C2 OPEN)/WRG 36216100AM2を9/14 PREFLIGHTで拾っていて, 9/23はODS PK LOOP5 (RH BLD) (C1 OPEN)/WRG 36216100AM1をCRZ中2回、9/25はODS PK LOOP5 (RH BLD) (C1 OPEN)/WRG 36216100AM1をCRZ中1回拾っています。頻度は非常に少ないですがBOTH CH拾っているので要MONITOR, 過去歴からHEAT  SHRINKしているJ1059/P1065近辺が怪しいです。ただ9/14の件はRH ENG CHGが関係している可能性もあるかもしれません。",金澤,2,Field,99999999,2011/11/26,15511430,2019/10/05
49791,ERJ170,JA214J,"LS ",,,"From JAMIS",2,CLOSE,"26 ",02,P3,02,R3,,"""ENG2 FIRE DET B FAULT 26110032UT1""",0,0,0,1,"(FLEET INFO)2017/5/29にもINFOありますが、FHDBにて ""ENG2 FIRE DET B FAULT 26110032UT1""を最近、急激にSTOREし始めました。
⇒参考FIM26-11-00-810-807-A & WM26-11-50。RESIST C'K & CONT C'KしてNGのSENSOR CHG又はGIOを疑ってます。 SENSOR全て在庫無しの為T/S後ORDERお願いします。(LS金澤)
⇒LOOP Bの4か所のDETのRESISTANCE C'K実施して全てLIMIT IN。INSULATION C'KもOK。#2 ENGはENG CHGが実施され、""AFT RAIL""のDET以外は3カ所XFERされています。(OLD ENGの""AFT RAIL""DETの抵抗値もOK。)CONNも数か所DISCONNしているので、MONITORお願いします。(6/17 前甲)
⇒ENG交換後のHI PWR RUN後もMSGは拾っていませんでした。MAINT作業以外でMSG MEMORYしていたのは5/29が最後でした。(LS 前甲) ⇒ (7/18LS上田) 2年ぶりに""ENG2 FIRE DET B FAULT 26110032UT1""を拾い始めています。7/17に1回、7/18に6回。7/11にENG CHGしています。7/26 O/Nから7/27午前中STBYで出来ればと思ってます。NR提出、PARTS REQ, REQ JOB発行済み
⇒MMは21日以降は拾っておりませんでした。本日、ENG2 LOOP Bに関連するCONNECTORのCLEANINGを実施しました。洗ったのは、P1876（Pylon Fire DetのPylon側）、P2167(Pylon Fire DetのSensor側)、P57(RH FWD Fire Det)、P59(LH FWD Fire Det)の4か所です。P59のConnectorのSensor側のPinが2本、若干Corrosionしてました。可能な限りきれいにしています。添付写真参照。作業後はNO ACTIVE MAINT MSGを確認しています。[7/24 ITM 鈴木]
⇒[7/27ITM阿部]2年ぶりとの事で再度LOOP BのDET4本の抵抗CKしました。結果は全てLIMIT IN。
PYLON RAIL：4105Ω、RIGHT RAIL：7410Ω、LEFT RAIL：5242Ω、AFT RAIL：9940ΩとWDMの抵抗器の値とほぼ同じでした。FIMに従ってWRG CKするも全てOK。ちなみに21日以降上記MSG拾ってません。
⇒[8/2LS村上]7/21のCONN CLEAN以降拾っていないので一度CLOSEします
",,1,Fleet,99999999,2017/06/04,15508513,2019/08/02
46500,ERJ170,JA216J,"LS ",,,"From JAMIS",2,CLOSE,"56 ",02,P3,00,R1,,"RH WINDSHIELD DELAMI",0,0,0,0,"先日のWINDSHIELD INSPにて、RH WINDSHIELD IB UPRに軽いDELAMI(10x1cm)ありの様です。MONITORします。
⇒元々のDELAMIは(13x1cm)程度に進行。3cm程OUTBD側で新たにDELAMI（15X0.5cm）があります。LIMIT INですのでNO ACTIONです。引き続きmonitorお願いします。(2017/4/21 山本)
⇒進行無し（2017/8/6 小村）
⇒9月長期MNTで交換依頼すみ。ついでにBOTH DV WINDOWのSCRATCHも酷いようなので交換依頼済。(LS金澤)
⇒WINDSHIELD DELAMIはMINORの為、9月長期MNT内での交換不要と判断されています。現確しましたが問題なしと判断しています。引き続きレ点MONITORとします。(9/6近藤)
⇒長期要目でBOTH DV WINDOW交換されてました。RH WINDSHIELD DELAMIは引き続きMONITOR願います。(9/28 相沢)
⇒[11/11itm藤原]DELAMIはRH WINDSHIELD UPR SIDE全体にひろがっているものの幅は0.5cmと進行はなし。引き続きMONITOR願います。⇒ (6/24LS上田) 7月のC CKでEV-JSV/K-12391により交換が計画されそうです。EV ATTACHED
⇒[7/26LS林あ] C-CKでEVにより交換実施。",近藤,1,Fleet,99999999,2017/01/19,15511430,2019/07/26
51266,ERJ170,JA212J,ITM,,,"From JAMIS",2,CLOSE,"52 ",02,P3,02,R3,,"FLEET REQ, CPT DOOR LATCH GAP CK ",0,0,0,0,"2017/07/26ITM) FLEET REQ, CPT DOOR LATCH GAP CK OKでした。（他機でCPT DOOR勝手に開いたSQ,ELEC LATCH下部とTARGET下部が擦れていた件のFOLLOWです）",赤坂,2,Field,99999999,2017/07/26,15506983,2019/06/23
48727,ERJ170,JA212J,FUK,,,"From JAMIS",2,CLOSE,"52 ",02,P3,02,R3,,"FLT中にCOCKPIT DOORがOPN",0,0,0,0,"(2017/04/25 FUK ) 3566/3635　にてFLT中にCOCKPIT DOORがOPNしたと呼び出し。
その後はNML、GNDにてOPE CKしてDOOR CLS LOCKを確認しDEPさせてます。
MONITORお願いします。⇒その後NML",一川,2,Field,99999999,2017/04/25,15506983,2019/06/23
57775,ERJ170,JA212J,ITM,,,"From JAMIS",2,CLOSE,"33 ",02,P3,00,R1,,"[NAV LT BULB施策] P/N;LP64621",0,0,0,0,"[18/3/1 LS林あ] NAV L'T LAMPのLIFE MONITORの為、BOTH FWD MAIN NAV LT LAMPを交換しています。（LAMP P/N:HLX64621⇒LP64621)もしLAMP OUTになったら従来のP/N;HLX64621に戻して交換してください。
⇒[19/4/28LS林あ] AMOS見る限りその後LT OUTになってないようです。LP64621が効いてる？",小島,2,Field,99999999,2018/03/01,15511430,2019/06/22
37124,ERJ170,JA217J,ITM,,,"From JAMIS",2,CLOSE,"49 ",02,P3,02,R3,,SURGE?,0,0,0,0,"(2015/11/24) 後方よりバタバタバタとプロペラが回っているorヘリがいるような低い大きい音が聞こえた。BLEED ONにすると音が小さくなるが、再度OFFにするとAPU付近から音が聞こえる。落ち着いたのでAPU RUNで作業していたところポンっポンっポンっとでかい音あり。BLEED ON/OFFで変わるのでAPU BLEED VLVがらみのSQ…？
かと思いきやIDG作業後のENG RUN時、APU GEN OFF LINEのTIMINGでボンっSOUND＆CKPTで若干の振動あり。PARAMETERに大きな変化なし。APU GENを切り替えると、ほぼ音がする状態。こちらC/Oとなりました。すみませんがT/SHOOTからお願いします。
⇒STAYにて。
APU MAG CKとBSI(COMPRESSOR)実施。NO DEFECT。
その後APU OPE & APU GEN ON/OFF繰り返したがﾎﾞﾝSOUND再現せず。
APU BLD VLV OPEN & BOTH PACK OFFだと重低音（MAIN ENGを回してFUELが入った時に鳴るような)ﾎﾞﾎﾞﾎﾞﾎﾞSOUND再現。
ﾎﾞﾎﾞﾎﾞﾎﾞSOUNDはCOCKPITでも振動が感じられるが、APU BLEED VLV FLUXしていない事はACTUAL確認。
BOTH PACK ONにしてBLEED DEMAND増やすと重低音無くなり、NORMAL。
気にしなければ気にならず、APU EGT、FUEL FLOWも安定している。
交換するとすればAPU ASSY本体か。
C/O CLOSED。CB 3EA CLOSED。INOP PLACARD RMV。（北脇）",新井T,2,Field,99999999,2015/11/24,15506983,2019/05/19
57925,ERJ170,JA218J,"LS ",,,"From JAMIS",2,CLOSE,"33 ",02,P3,02,R3,,"[NAV LT BULB施策] P/N;LP64621",0,0,0,0,"[3/6 LS林あ] NAV L'T OUT防止施策でC C'K中に、BOTH FWD NAV L'T BULBを""HLX64621"" → ""LP64621"" に変更しています。もしLAMP OUTになったら従来のP/N;HLX64621に戻して交換してください。
⇒8/4にLH FWD LT ASSY（LAMP P/N:HLX64621)交換されています。
⇒[5/14 ITM 遠藤]19/5/14にRH FWD LT ASSY(Lamp:HLX64621)に交換実施。LP64621の検証も終了したのでCLSします。",前甲,1,Fleet,99999999,2018/03/06,15511416,2019/05/14
56571,ERJ190,JA247J,HNA,,,"From JAMIS",2,CLOSE,"76 ",02,P3,01,R2,,"ENG 2 SHORT TIME DISP APP [ FADEC FAN]",0,0,0,0,"JL2185(ITM→HNA) LDG ROLL中、ENG 2 SHORT TIME DISP APPし、ENG S/DでDISAPPしました。
FAULT NAME:SD FADEC FAN FAULT[E2B]、FAULT CODE:73215315E2Bでした。FAN SSPC RECYCLEしたところ、ENG 1&2 SHORT TIME DISPがAPPししばらく消えなかった為、FADEC C/B(4EA)をRECYCLEしMSG CLEAR、ENG MAINT PAGEもNO LIMITATIONでした。要MONITORでFLTして頂いております。
⇒COOLING FAN在庫無し。明日1日STBY予定なのでDEACTIVEのCOAを入れてもらうように生産にINFO済み（LS村上）
⇒JL2186(HNA→ITM) その後のFLTは、NMLとの事でした。#1 FADEC COOLING FANはずっと回りっ放しで、#2 はずっと止まっていました。DEP ENG STARTもOKでした。(ITM 三上)
⇒1/18 COAでBOTH FADEC COOLING FAN DEACTIVE実施されています。(1/18 ITM 三上)
⇒またACTIVATEされる可能性があるのでレ点残して下さい（1/21村上）
⇒[2019Apr14 ITM えんどう] CLOSEします。",武藤,2,Field,99999999,2018/01/17,15511424,2019/04/14
32763,ERJ170,JA216J,ITM,,,"From JAMIS",2,CLOSE,"72 ",02,P3,02,R3,,"【MONITOR】RH ENG IDLE VIB",0,0,0,0,"<RH ENG>
RH ENG IDLE VIBの件、SE MEMO発行しました。LOG POCKETに入れておきますので、必要によりCREWへの説明に使って下さい。技術からも運航部門にも連絡を入れてくれています。
⇒CREW INFOでVIBが前よりひどくなっているとの事。この先SE MEMOだけでずっといけるのでしょうか。（2015/4/9 村上）
⇒ON BOARD CKED。暖かくなってきて、今は体感VIBも十分耐えられるレベルでした。参考本日のN2 61.9%(2015/4/21 近藤)
⇒RUN CKED。少し鳴ります。(2015/5/26 近藤)
⇒RUN CKED。進行なし確認しました。(2016/1/14 近藤)
⇒ENG CHG時、UNS TAGには詳細記入願います。(2017/1/23 近藤)
⇒先日Run Checkにて振動の状況確認しました。Starting中ですがHP Vib 4.0。悪化しているとは感じませんでしたが、このENGのSQではon GND経験も多く、早めに交換したい旨は技術セクションには以前より伝えています。今の所、2018.11 ENG CHG予定。(2018/07/24 ITM 近藤)
⇒ENG CHG未定。(2018/11/6 LS 林あ)
⇒[3/6LS金澤]ENG CHGされました。昔からのIDLEでの気持ち悪いSHIPの揺れやVIBはなくなったとENG RUNしたメンバーより聞きましたのでCLOSEします。",,9,SE,99999999,2015/04/01,15511429,2019/03/06
56397,ERJ190,JA243J,SDJ,,,"From JAMIS",2,CLOSE,"05 ",02,P3,01,R2,,"SUSPECT HARD LANDING",0,0,0,0,"SDJ JL3531 L/D時 SUSPECT HARD LANDINGのINFO有り。HARD LAND PHAE-I INSP PER AMM05-50-03/600実施。NO DAMAGE. PHASE-II INSPECTION OR DATA ANALYSIS IS C/O TO 10 FLT CYCLE (JL3530～）としました。AMOS W/O:100362774
⇒QAR解析し、PHASE-2 INSPはSQ CARDを発行してC/Oとなりました。(6250 FC OR 7500 FH）SQ CARDは生産管理。TRANSFERD SQ CARDとしましたので、今後のLOG処理は不要です。(ITM河内)
⇒[1/28LS金澤]C C'Kにて実施していただきました。",赤島,2,Field,99999999,2018/01/12,15511429,2019/01/28
53586,ERJ190,JA248J,"LS ",,,"From JAMIS",2,CLOSE,"36 ",02,P3,01,R2,,"(FHDB)""ODS APU LOOP1 [C1]/WRG FAULT 36225006AM1""",0,0,0,1,"(FHDB INFO) ""ODS APU LOOP1 [C1]/WRG FAULT 36225006AM1"" 少し出ています。レ点残します。(2017/10/18近藤)
⇒可能な時に最新のODS Event Loc NVM Pageの写真をLSまで送って下さい。(6/8ITM近藤)
⇒6/8 N/STYにてNVM PAGE撮影してLSに送りました。(6/8 ITM 安田)
⇒ありがとうございます。写真ここに添付しました。APU LOOP1[C1] ""OPEN"" STATUSです。TASK 36-21-02-760-801-A 作業別途計画。写真では、APU LOOP以外もMEMORYされていますが、STORE頻度は低いです。(6/12ITM近藤)
⇒ERJのAPU LOOP OIN箇所の資料UPしました。添付確認願います。(ITM 木戸)
⇒7/23STBYでTRBLSHOOT実施。結果、AFT COMP'T内にあるDETECTORのCERAMIC PIN（P0941 & J0940)を交換しました。その後の、LOOP 1(CH-1)の全体の抵抗は60ΩでLIMIT INでOKとしました。MAINT MSGも出ていません。（7/23 ITM 小島）⇒7/24 午前中はMSG出てません。(7/24LS林あ)
⇒7/24終日OKでした。7/10あたりからBOTH CH拾っていません。ODS NVMもいったんERASEしました。（7/24 ITM 川辺）⇒残念ながら、7/25、7/26でM/MSG STORED。(7/26LS林あ)
⇒引き続き毎日MEMORY（8/3 KAWASAKI)
⇒(9/23 LS 上田) ODS APU LOOP1 [C1]/WRG FAULT	36225006AM1　まだ毎日拾っています。
⇒ (10/21ITM) 長期整備にてT/S, RESISTANCE C'KでP0941のCERAMIC PINのRESISTANCEが不安定で、66.7ΩだったのでCERAMIC PIN CHGし、60.8Ωで安定したようです。INSURATION C'K OKで55.6MΩです。⇒ (1/6LS上田) ODS APU LOOP1 [C1]/WRG FAULT	36225006AM1　まだ拾っていますのでREQ JOB出します。予定では1/14計画
⇒（1/17 ITM 服部）T/S実施しました。結果的にP0941で抵抗持ってました。CERAMIC PIN交換してOKです。交換前のTOTAL RESISTTANCE 120Ω。交換後56Ω。合わせて切り離したP0943、J0942もCERAMIC PIN交換しています。POWER INしてMNT MSG拾って無いのも確認済み。NVMもRESETしました。",,1,Fleet,99999999,2017/10/18,15511436,2019/01/17
49800,ERJ190,JA241J,ITM,,,"From JAMIS",2,CLOSE,"78 ",02,P3,02,R3,,"RH ENG OB T/REV LWR AREAにHYD LEAK 形跡有り",0,0,0,1,"FLEET JOB : RH ENG OB T/REV LWR AREAにHYD LEAK 形跡有りのため詳細C'Kしたところ、RH ENG OB LOWERのLOCKING ACTUATOR UNLOCK LEVER裏のMETAL CAPよりLEAK形跡ありです（写真はFLEETへ送付）。そのMETAL CAPの中心にMETAL FILTERのようなものが付いておりそこからにじんできています(REV OPE 2 CYCでにじむ）。ACTUATOR ASSYでの交換が必要と思われるためORDERしました。HYD汚れはCLEANINGしました。
LOCKING ACT P/N　601C3102-008 ⇒入荷は最速で1週間程度？との事（6/5 LS赤坂）⇒未入荷(6/14)
⇒ACTは高額の為、ACTのACTUAL P/Nを確認しました。P/N(2U2202-8)が取り付いています。部品の三宅さんに後日、確認してもらいます。ちなみにLEAKはありませんでした。(6/16 ITM 岡元)
⇒再度LEAK C'K実施しましたが、新たなLEAKは有りませんでした。緊急に交換の必要は無さそうです。当分様子見で良いと思われます。（6/22河内＠ITM）
⇒[2018/10/13 ITM 安池]STYで同様の場所の汚れがひどかったのでCOWL OPENして確認しました。古いHYDが溜まっていました。REV OPE　5回実施しましたがNO-LEAKです。CLN実施し現像液かけてます。履歴あるのでPARTS ORDERしています。⇒ (12/26LS上田) 12/27には入荷の予定
⇒[12/28LS林あ]入荷しました。交換の計画たてます。REQ JOB出。⇒今の所、1/15に計画しています。
⇒[1/15 ITM 後藤] 交換しました。",音琴,2,Field,99999999,2017/06/04,15506644,2019/01/15
49935,ERJ170,JA216J,ITM,,,"From JAMIS",2,CLOSE,"73 ",02,P3,02,R3,,"LONG TIME DISPATCH",0,0,0,0,"頻発しているRH ENGのLONG TIME DISPATCH LT FADEC ARINC BUS RX 2 FAULT(E2A/E2B)(73216621)の件で、ENG HARNESSのC'Kをしました。CONTINUITY C'K,INSULATION C'K及びPINのCOND C'KはALL OKでした。なので左右のBROWN & GRAY HARNESS(FADECのP1&P2)をSWAPしてみました。これで様子を見て下さい。
⇒昨日HARNESS SWAPしましたが現象移らず今日もRH ENG BOTH CHで拾っていました。(6/10安井)
RH ENG。LONG TIME DISPATCH。LT FADEC ARINC BUS RX 2 FAULT(E2A/E2B)(73216621)。
⇒何百回かSTOREされているようですが、FIMに従ってFADEC 3回交換してHARNESSのWIRING CK及びX-CONNECTIONしても状況SAMEのため、HARNESS ORDERしました。
①GRAY HARNESS P/N;4142T55P03 ②BROWN HARNESS P/N;4142T54P06　(7/18林あ)
⇒6/9に上記HARNESSを反対のENGとSWAP実施しており現象移らずでした。
なおこのENGは今月に交換される予定だったのがP/Pされており、次に交換する予定はUNKです。(7/19村上）
⇒最近のFHDB見ると11月はたくさんSTOREしてたのに12月はいったら12/23のみ。(12/28林あ)
⇒いまだにSTORE続いています。ENG CHG未定。(5/20 LS林あ)
⇒5/23ITM N/STYで同じCODEでBOTH CH拾ってました。FAULT CLEARしています。(5/23 ITM 三上)
⇒6/1 STOREしてました。FAULT CLEARしてます。（ITM 6/1 田村）
⇒6/2 STOREしていました。MAINT MSGはすでにINACTIVEでしたのでLONG TIME MSGのみ消しました。（6/2 ITM 仙波）
⇒6/3　STOREしてました。FAULT CLEARしてます。（ITM 6/3稲村）
⇒[6/3LS林あ] GRAY/BROWN HARNESS入荷しています。一度SWAPしてSAME CONDだったようですが、RIOで交換してみたい気もします。ENG CHGは当分なさそうです。
⇒[10/29LS小島]ここ最近は1カ月に一回の頻度で出ている程度です。また、このMSGとは別に ""LT FADEC ARINC TX 1 FAULT [E2B]"" 73217425E2B もたまにSTOREしています。引続きWATCHしてください。
⇒[1/7LS小島] その後、M/MSG STOREしていないのでCLOSEします。
",安井,2,Field,99999999,2017/06/09,15511447,2019/01/07
44982,ERJ170,JA225J,"LS ",,,"From JAMIS",2,CLOSE,"36 ",02,P3,00,R1,,"APU BLEED VLV/WRG FAULT 36125216APU",0,0,0,0,"2016/11/12～M/MSG多数(APU BLEED VLV/WRG FAULT 36125216APU)
APU S/DOWN時APU BLD VLV/WRG FAULTがACTIVEになり（その間ECS PAGEのAPU VLV STATUSはX(バツ）表示）「FUEL S/O VLV CLOSED」MSG DISAPPEAREDでINACTIVE。

2016/11/21 APU BLEED VLV交換
2017/01/30 WIRING CK OK。VLV-APU FADEC,VLV-SPDA2,CONT PNL-SPDA1のCONTINUTY CK。
2017/02/04 SPDA DC PWR MOD SLOT5交換実施(ORIGINAL BACK)。
2017/02/22 APU FADEC交換(ORIGINAL BACKしています。
2017/05/12 AIR COND PNL交換
2017/07/14 エンブラからの情報でAPU BLEED VLVのCLOSE/NOT CLOSEのMONITORしているGND LINEがNGだと""APU BLEED VLV/WRG FAULT""のCMC MSGを出してしまうようです。
2017/07/19 APU BLEED VLV CONN(P309)～GND POINT(GS0003)間のWIRING C'KとGND TERMINALのCLEANING実施。WIRING C'KはOK。
2017/10/22 引き続きM/MSG継続中。
2018/03/30 P/MにてAPU BLEED S/O VLV交換しました。OPE CK OK。
2018/4/14 その後M/MSG引き続きSTORED。
⇒[12/3LS林あ] FIMによると、ODS STOREしていたらそっちをCORRECTIONしろとあります。このSHIPもSTOREしているので、ODSのCORRECTION後どうなるか、MONITORお願いします。12月C-CKでODS T/S予定。
⇒[12/28LS林あ] C-CKにてODS CORRECTIONして頂きました。ODSもAPU BLEED VLVもこれで直ると良いのですが。",近藤,1,Fleet,99999999,2016/11/21,15511430,2018/12/28
54393,ERJ170,JA222J,"LS ",,,"From JAMIS",2,CLOSE,"36 ",02,P3,00,R1,,"ODS APU LOOP1",0,0,0,1,"(FHDB) ODS PACK LOOP5 (RH BLD)[C2]/WRG 36215100A2 10/17からSTOREし始めています。
逆に、今までずっとSTOREしていたODS APU LOOP1 [C2]/WRG FAULT 	36225006AM2 10/12からSTOREしなくなってます。
⇒重整備でP1047.P1048.P1049のCERAMIC PIN CHG&INSULATION C'K OK.しばらくMONOTORお願いします　LS川崎
⇒[12/4LS林あ] その後M/MSG STOREなしです。CORRECTIONありがとうございます。CLOSEします。",林あ,1,Fleet,99999999,2017/11/15,15511430,2018/12/04
53505,ERJ170,JA221J,"LS ",,,"From JAMIS",2,CLOSE,"30 ",02,P3,01,R2,,"ODS RH WING A-I LOOP4 [C2]/WRG",0,0,0,1,"(FHDB) FHDB解析でT/Oの度にODS RH WING A-I LOOP4 [C2]/WRGをSTOREしています。 FAULT;	30115101AM2
⇒LOC:51.35,STATUS:OPEN
⇒[8/2LS林あ] 8/13-長期整備にて作業調整中。
⇒[8/17LS林あ] AMOS 100476726
1, ELEC CK実施、以下RESULT。
P794 A-C2~A-D2 133.4Ω LIMIT＜80Ω→NG
INSULATION P794 A-C2~GND 8.7MΩ LIMIT＞1.2KΩ→OK
P794 A-D2~GND 12.9MΩ LIMIT>1.2KΩ→OK
2, RH WING A-I SNSRの片側(P1063)のCERAMIC PIN交換
3, ELEC CK実施、以下RESULT。
P794 A-C2~A-D2 70.7Ω LIMIT＜80Ω→OK
INSULATION P794 A-C2~GND 82.7MΩ LIMIT＞1.2KΩ→OK
P794 A-D2~GND 81.3MΩ LIMIT>1.2KΩ→OK
⇒[8/24 LS 前甲] まだ、""LOOP4 [C2]""でMSGを拾っているようです。
⇒[11/3 ITM 川崎] STYで上記M/MがACTIVE。LOCは ”51.35”　OPEN。
⇒[11/15LS林あ]BOTH WING LOOPのSTORE頻度が多すぎるので別計画たてて、11/30午後降ろしで12/1まで時間もらっています。PARTSは在庫有。REQ JOB出。
⇒[12/1 ITM 佐藤TO]LOOP#4 SNSR交換しました。尚ACTIVEでM/MSG拾っていましたがSNSR交換後はINACTIVEになりました。WAI VLV RMVしたついでにFILTERのJOB出してもらいました。様子見て下さい。
⇒[12/1 ITM 西垣]遅番にてWING A/I OPE & LEAK CK OK。現在はLOOP MSG出ていませんので、しばらく様子見て下さい。
⇒[12/2LS金澤]全く拾わなくなりました。ありがとうございました。",,1,Fleet,99999999,2017/10/15,15511429,2018/12/02
58830,ERJ170,JA212J,ITM,,,"From JAMIS",2,CLOSE,"72 ",02,P3,01,R2,,"RH ENG LPT 6th BLADE BEND LIMIT IN",0,0,0,0,"RH ENG LPT 6TH BLADE T/E BEND DAMAGEあり。LIMITはT/Eから0.030""に対して0.028""でLIMIT IN。ちなみにこのENGは5月に交換予定です。
⇒ENG CHGまでレ点残して下さい（LS村上）
⇒5/29～のC-Ck期間中に交換される予定でしたが、少し計画ずれる可能性もあります。(5/23ITM近藤)
⇒[9/22LS林あ] 2018/12月、交換計画あり。
⇒[11/18 ITM 赤坂] 2018/11/17 RH ENG交換済。CLOSEします。",大山K,2,Field,99999999,2018/04/06,15511450,2018/11/18
52720,ERJ190,JA249J,ITM,,,"From JAMIS",2,CLOSE,"52 ",02,P3,01,R2,,"L1 DOOR LOCK IND",0,0,0,1,"2378/STY L1 DOOR LOCK INDが半分になるSQですがIND FLAG自体の動きはOK,VENT FLAP LVR(INTERIA)を下げるとFULL DOWN手前で止まる(この時INDは半分）、最後の一下げでINDはNORMAL。外からは強く引けば一気に行くのでIND NORMALとなります。よってADJが必要です。現在”強く引いてください”のテープを貼ってます、ADJが完了するまで貼ったままでお願いします。
⇒[10/13LS林あ]2018/11月長期要目整備でCKお願いします。⇒ REQ JOB発行済み。
⇒[11/12LS林あ]先日の重整備でVENT FLAP DOORとINDのADJ実施してもらいました。様子見て下さい。",樋口,2,Field,99999999,2017/09/16,15511430,2018/11/12
57090,ERJ190,JA241J,ITM,,,"From JAMIS",2,CLOSE,"72 ",01,P2,00,R1,,"RH ENG REV COWL LWR AREAがHYD?で汚い",0,0,0,0,"RH ENG REV COWL LWR AREAがHYD?で汚いです。CLEANING&REV COWL OPENしてLEAK CHK実施願います。
⇒CLEANING実施しました。LEAK箇所はOUTB'D LOWER REV ACTのMESH部よりにじみ有。REV OPE　5回実施しましたがNO-LEAKです。2017/6/4申し送り参照してください。（音琴）
⇒[2018/10/13 ITM 安池]STYで同様の場所の汚れがひどかったのでCOWL OPENして確認しました。古いHYDが溜まっていました。REV OPE　5回実施しましたがNO-LEAKです。CLN実施し現像液かけてます。履歴あるのでPARTS ORDERしています。
⇒[11/9LS林あ]同じ申送りが別にあるのでCLOSEします。もうひとつの方でFOLLOWします。",塚越,2,Field,99999999,2018/02/04,15511430,2018/11/09
53113,ERJ190,JA241J,"LS ",,,"From JAMIS",2,CLOSE,"24 ",02,P3,00,R1,,"RICCのTRU MOUNT SCREW HELICOIL",0,0,0,1,"この機体のRICCのTRU MOUNT SCREW HELICOILですが、TRU左下のHELICOILがCOND NGです。
HELICOILのPARTS NOは""0130-0697-008""。現在、TRUはきちんと取り付いているので、現状問題なし。A-C'KなどでTRUを外す時は要注意。
⇒2018.9 1C-CK IN予定。(1/23近藤)⇒(11/2ITM長期) RICCのTRU MOUNTのHELICOIL全てCKしましたが悪いところありませんでした。",前甲,1,Fleet,99999999,2017/10/02,15511429,2018/11/02
58706,ERJ190,JA244J,"LS ",,,"From JAMIS",2,CLOSE,"24 ",02,P3,01,R2,,BPT,0,0,0,0,"01APR2018) BPT。
3/15 GCU1交換(BPT T/S)。 3/21 GCU1交換(IDG1 OFF BUS MSG)。 3/25 GCU1⇔AGCU SWAP(BPT T/S)。
その後BPTのINFOなしです。発生時INFOお願いします。",林あ,1,Fleet,99999999,2018/04/01,15506983,2018/11/02
46126,ERJ170,JA225J,ITM,,,"From JAMIS",2,CLOSE,"24 ",02,P3,02,R3,,BPT,0,0,0,0,"(04JAN2017ITM) F2382 ARRでNOTEでLOG UP。
KMJにてENG START時、BREAK-POWER TRANSFERが発生し、AMNX MAU 1B FAIL 他多数のMSGがいったんAPPEARし、約2分後にRECOVERしたとのこと。特にRAD ALT FAILがなかなか消えなかったが、時間をおいてようやくDISAPPEARしたとのこと。
CREW INFOではNO.2 ENG START時という話でしたが、正確にはNO.2 ENG STARTしてほぼSTABILIZEし、NO.1 ENGをSTARTし始めた後くらいのタイミングということだったので、NO.1 ENG側で発生したのかもしれません。(MAU-1 NIC/PROC-2 はDC BUS-1 PWR)

CMCはELEC関係NO MEMORY. ITM DEP時のENG STARTはNML、BRAKE POWERは発生しませんでした。
⇒JL2875 KIJ-SPK,JL2246 KIJ-ITM NML START (荒井T@KIJ)",,2,Field,99999999,2017/01/04,15505840,2018/11/02
58060,ERJ190,JA244J,CTS,,,"From JAMIS",2,CLOSE,"24 ",02,P3,02,R3,,BPT,0,0,0,0,"(10MAR2018CTS) JL2905 FREE TEXTで、No.1 ENG START後、BRAKE PWR TRANSFERし、MANY MSG APPEARとなったが、直ぐ消えNORMALとのことでした。
⇒CMC C'Kにて NO FAULT MEMORYでした。（CTS大森）",金坂,2,Field,99999999,2018/03/10,15506983,2018/11/02
56856,ERJ190,JA242J,AOJ,,,"From JAMIS",2,CLOSE,"24 ",02,P3,02,R3,,BPT,0,0,0,0,"28JAN2018AOJ) CREW ORAL : FLT 2157 ITM DEP NO1 ENG START 中、BRAKE PWR TRANSFER が発生した。GOLDEN MSG ""MAU1B""が表示され、20秒後
位に　NORMAL に戻ったとのことです。",植田,2,Field,99999999,2018/01/28,15506983,2018/11/02
46330,ERJ190,JA242J,ITM,,,"From JAMIS",2,CLOSE,"24 ",02,P3,02,R3,,BPT,0,0,0,0,"(13JAN2017ITM) SDJ最終のITM便間にて、SDJ DEPでLH ENG START時にBRAKE PWR TXRした。CCD2使えたのでMSG消えたのを確認して、そのままITM飛んできました。とCREW INFOあり。そのままDEPしてます。",佐藤TO,2,Field,99999999,2017/01/13,15506983,2018/11/02
42148,ERJ190,JA242J,ITM,,,"From JAMIS",2,CLOSE,"31 ",02,P3,02,R3,,BPT,0,0,0,0,"(21JUL2016ITM) MAU関連に伴いCCD STUCKも続いてます。
⇒2409でも発生。RH⇒LHでENG STARTしPWR BRAKEしてMSG APPEARED。 CCB RESETでDEP。(鈴木J)",川崎,2,Field,99999999,2016/07/21,15506983,2018/11/02
24613,ERJ170,JA224J,FUK,,,"From JAMIS",2,CLOSE,"31 ",02,P3,02,R3,,BPT,0,0,0,0,"(23DEC2013FUK) 2055/ITM DEP時、①NO.1 ENG START中にMAU-1関連のMSGが幾つも出たとの事。そのままENG STARTを継続し、NO.2 ENG START中に消えたそうです。（NO.1 ENG GENに切り替わるタイミングでMSGが出た様だと、白浜CAPT。CO-PIさんはその時BRAKE PWR XFERした様に感じたと言ってました。）②PUSH BACK中にBRK CONT FAULTが出てAUTO BRKがRTOからOFFに戻る。③T/O後F/D BARが消えFD SW RECYCREでBACK TO NORMAL。

FUK ARR時、①ENG S/DでNAV COM 2 FAIL MSG及び関連MSGが出る。②CMCにACCSESしようとするもMAINTENANCE TAB(白文字）が表示されていなくACCSESS出来ず。③FUK LDGでのREV OPEでNO.1　ENG　REVが出るのが遅いようだと言っていました。（次のITM LDGで再度確認するそうです。）

NAV　COMはMRC-2 CB RESETでOK。CMCはMAU1-PWR3　CB RESETでOKとなりました。
FUK DEPは問題ありませんでした。全てNO LOGです。ITM ARRでATNDお願いします。

⇒2056/2443で聞いたところ、FUK→ITMではBRKの件以外全てNORMだったとの事。しかし、FUK TAXING中にも「BRK FAULTが2度出てAUTO BRKがその都度外れた」とのINFO有り。便間ではIB/OB BRK CB RESETし、BCM BITを行いPASSしています。ちなみにその他はNO ACTIONです。(ITM 角田)
⇒PARTS INFO:GCU P/N1701321D(83-B)在庫有り
⇒最終LEGはAUTO BRAKEも含めALL OKだった。MAU1系のCMC MSGでは""AVNX 1B FAIL""CODE:45452144CMCをSTORE。NICPROC2とMEMBER SYSのCOMMが3秒以上LOSSした？というような事を言っています。POSSIBLE LRUはNICPROC 2です。KMI 山北
⇒PRECAUTIONで#1 GCU交換しました。詳細は24日の申送り見て下さい。（ITM長岩）",伊藤K,2,Field,99999999,2013/12/23,15506983,2018/11/02
15418,ERJ170,JA217J,HND,,,"From JAMIS",2,CLOSE,"34 ",02,P3,02,R3,,BPT,0,0,0,0,"(21JUN2012HND) F371 HND始発 DEP ENG START中、大量のCAS MSGがAPPEARしたと連絡有り。（FLT CONT NO DISPやMAU関係のMSG等々）
その後、ENG STARTが終わってしばらく経ったら、これらのMSGは消えていったが、CAS MSGでAPPR 2 NOT AVAILがそのままSTILL APPEARで、CAPT PFDにRA FLAGとともにRAが700FTぐらいを指示していたそうです。
これはいつものGNDの影響でこの表示をしていると思い、PUSH BACK停止位置からさらに中心線をズラしさらにPUSH BACKしてもらいましたが変化無しという事で、CREWにはGNDの影響で出る事があるのでTAXIして様子みてほしいと頼んだが、CAS MSGが出ているのでこのままでは出れないと言われ、さらに他のDEP機がSTBYしていたのでこれ以上TAXI WAY上には居られない事からGTBを決定。
ENGをS/DしてTOWING CARにてSPOTに戻りましたが、その途中にRAの表示がNORMに戻り、APPR 2 NOT AVAILも消えたと連絡有り。念の為、SPOT IN後、RAのCCB RECYCLE & RAのTESTを実施してNORMを確認し2nd DEPしました。（CMCは時間なき為見ていません。）その後の、ENG STARTはNORMでRAもNORM INDでした。
CREWに聞いたところ、1st DEP時のENG STARTでELECがBRAKE PWR TRANSFERしたそうで、その影響で大量のCAS MSGがAPPEARしたと思われます。
⇒CMC見てみましたが目ぼしい物は有りませんでした。引き続きモニターお願いします。(たけだ)
⇒技術平井さん依頼により、FHDB DOWN LOADしました。　須藤
⇒技術REQUESTでDVDRもDOWNLOADしました。（飯田Y）",小島,2,Field,99999999,2012/06/21,15506983,2018/11/02
56220,ERJ190,JA244J,ITM,,,"From JAMIS",2,CLOSE,"24 ",02,P3,02,R3,,BPT,0,0,0,0,"07JAN2018ITM) F2401 2ND(LH) ENG START時BRAKE PWR TRANSしたようです。MSG ALL CLR & #2CCD OPE C'K OK BY CREW でしたので、CONT' FLTしております。
⇒F2402 START NMLでした（玉城T@KOJ）",島岡,2,Field,99999999,2018/01/07,15506983,2018/11/02
55754,ERJ190,JA242J,SHM,,,"From JAMIS",2,CLOSE,"31 ",02,P3,02,R3,,BPT,0,0,0,0,"(25DEC2017SHM) BRAKE  PWR TRANSFERD ENG START, THEN F/O CCD INOP, RESET CCD CB THEN BACK TO NORM.
OMAサポートありがとうございました。
⇒HND ARRでNOTE UPされると思いますのでLOG処理お願いします。(LS金澤)
⇒NOTE UPされました。LOG処理完了(W/O:100355118) (HND藤田)",犬飼,2,Field,99999999,2017/12/25,15506983,2018/11/02
55019,ERJ190,JA244J,HND,,,"From JAMIS",2,CLOSE,"24 ",02,P3,02,R3,,BPT,0,0,0,0,"(04DEC2017HND) F218 DEP時 BRAKE PWR TRANSFER し ”MAU 1B FAIL” MSG APPEARED& CCD2 INOP, CCB RESETでBACK TO NML",宮本,2,Field,99999999,2017/12/04,15506983,2018/11/02
44483,ERJ190,JA242J,SDJ,,,"From JAMIS",2,CLOSE,"24 ",02,P3,02,R3,,BPT,0,0,0,0,"(30OCT2016SDJ) 2200 DEP ENG STARTでBRAKE PWR TFRが発生しました。ALL MSG CLEAR後CCD2 CCB RESET(2回）してOKになりました。WATCH願います。
⇒2200DEP時のBPTはNO2.ENG,NO.1ENGの順でSTARTしてNO.1ENG START中にBPTが起こったそうです。CCBのRESETは1回で初めのは違うCCBをPULLしたそうです。IDGのOIL LVL,ΔPはOKです。2203 ITM DEPはNORMALでした。(樋口）

⇒STAYまで、NMLでした。（河内＠ITM）",倉田,2,Field,99999999,2016/10/30,15506983,2018/11/02
58078,ERJ170,JA224J,ITM,,,"From JAMIS",2,CLOSE,"45 ",02,P3,01,R2,,"LAN BUS FAULT ",0,0,0,1,"LAN BUS FAULT T/S
LAN CABLE END TO ENDで導通CK実施してNG。NIC/PROC6のCONN部分でPOOR CONTACTと MODULE側はCONTACT DAMAGEを発見し、CONTACTはREINST、MODULEは交換して導通CK OKを確認しています。
⇒その後もSQ出ています。
⇒[9/12 LS 村上]10月のC CKで依頼予定です
⇒[2018.10.29 LS 前甲] 先日のC C'K中に、CBN SIDEWALL内のCONNを交換して貰いました。",遠藤,2,Field,99999999,2018/03/11,15510180,2018/10/29
52586,ERJ170,JA224J,ITM,,,"From JAMIS",2,CLOSE,"36 ",02,P3,01,R2,,"ODS PACK LOOP3(LH BLD)[C2]/WRG",0,0,0,1,"MAINT MSG　FAULT NAME：ODS PACK LOOP3(LH BLD)[C2]/WRG　FAULT CODE：36215007AM2で拾っていました。EVENT LOCATION 64.7(CH2)(2017/9/11梅本T)
⇒(FHDB)""ODS PACK LOOP3(LH BLD)[C2]/WRG 36215007AM2"" 続いています。(10/17近藤)
⇒続いていますが、CH1は全くなし。C CK 2018/9/29~。(2018/6/14ITM近藤)
⇒ JL2910/STAYにて同M.MSG拾ってました。STSを覗いた所、BLEED 1 EVENT LOC 63.43(CH2), BLEED 1 OPEN COND TRUE(CH2), ODS CONTROL CARD FAULT TRUE (CH2)となっていました。
CH1は無し。
⇒7/4初便でもSTOREされていました。FAULT NAME,CODEは一緒でしたが、EVENT LOC:66.07でした。CLEARしてもすぐに拾ってしまいます。ちなみに、ACCESSはAFT CGOのRH MOST FWD SIDE WALLからっぽいです。(ITM 7/5 三浦ち)
⇒[9/12 LS 村上]10月のC CKで依頼予定です。
⇒[2018.10.29 LS 前甲] 先日のC C'K中にCORRECTION完了。P1055 CONNでRESISTANCE HIでした。",梅本Ｔ,2,Field,99999999,2017/09/11,15510180,2018/10/29
53993,ERJ170,JA224J,HND,,,"From JAMIS",2,CLOSE,"53 ",02,P3,01,R2,,"BODY FAIRING MANY SCREW LOOSE",0,0,0,1,"BODY FAIRING LWR SIDE (R/H W/W後方、ENG FIRE EXTINGUISHER BTL ACC PNL前方にあるSCREWのHEADが出ていて緩んでいるように見えます。SCREWがBOTTOMINGしているようです。SCREWの交換お願いします。
⇒相手側のRECEPTACLEの交換が必要そうですが、交換にはFRGをRMVする必要があるそうです。(11/4 前甲)
⇒C CK 2018/9月予定。
⇒LH W/W後方の同じAREA全体もLOOSEです。RETIGTしています。
　NUT交換にはBODY FAIRING RMVまたはＷ/Ｗ AFT BULKHEAD PNL RMVが必要になります。
　9月のC CKにてCORRお願いします。(7/11古賀)
⇒[9/7 LS 前甲] 該当PARTSは ""IPC 53-04-00 FIG.05 item:30"" に記載あり。STUD(P/N:170-97640-003)、RECEPTACLE(P/N:2383R01-10-1DL)、RIVET(P/N:CCR244CS3-2)
⇒[9/12 LS 村上]10月のC CKで依頼予定です
⇒[2018.10.29 LS 前甲] 先日のC C'K中に、REPAIRしてもらいました。",櫻井,2,Field,99999999,2017/11/01,15510180,2018/10/29
52970,ERJ190,JA246J,"LS ",,,"From JAMIS",2,CLOSE,"30 ",02,P3,00,R1,,"L TEMP SNSR SLAT2 OUTBD(MSCOMP)[C1/2]",0,0,0,1,"(FHDB DATA)
L TEMP SNSR SLAT2 OUTBD(MSCOMP)[C1/2]	30113031AM1/2を拾い始めています。
昨日の214Jの件もあるので早めのTEMP SENSOR交換検討お願いします。SENSOR P/N 1001541-1在庫有り。
⇒交換しました。様子見て下さい（9/30三浦）
⇒M.M ""L TEMP SSR SLAT2 OUTBD(MISCOMP)(C1/C2)"" をICING CONDで拾ってました。9/30にSSR交換されてますが、再発です。（10/5吉田と）
⇒SNSRのRE-SEAL実施（10/12岸）
⇒AHEADにてFAULTを拾っている事を確認しました（10/13村上）
⇒TEMP SNSRに繋がるELEC HARNESSをORDERしてみました。P/N:191-32086-401(11/20 前甲)
⇒FLEET REQでLH SLAT2 TEMP SNSR HARNESS交換しました。(11/26 高橋豊)
⇒まだMSGは拾っているみたいです。(4/14林あ)
⇒[9/23 LS 前甲] ""L SLAT2 OUTBD TEMP SNSR"" 交換でREQ JOB出しました。
⇒[2018.10.19 安田]交換しました。様子見て下さい。
⇒[2018.10.27 川﨑]19日以降Ｍ/Ｍ無し、一度CLOSE",金澤,1,Fleet,99999999,2017/09/25,15511434,2018/10/27
57620,ERJ170,JA213J,ITM,,,"From JAMIS",2,CLOSE,"33 ",02,P3,02,R3,,"[NAV LT BULB施策] P/N;LP64621",0,0,0,0,"[2/23 LS林あ] 213JのNAV LIGHTが切れやすい傾向にあるということで、FLEET REQUEST JOBにてLIFE MONITORの為、ALL MAIN NAV LIGHT(FWDもAFTも)をALTERNATEの物（1個5000円）に交換しました。(P/N:HLX64621⇒LP64621)もしLAMP OUTになったら従来のP/N;HLX64621に戻して交換してください。
⇒[10/13LS林あ]本日RH FWD MAIN OUT。MEL適用。
⇒[10/17 LS 小島] WIRE REPAIRのみ実施しています。
⇒[10/20 LS 村上]RH FWD MAINはまたWIREが切れたのでLT ASSY交換して従来のP/NのLAMPがついています。LAMPが悪いわけではありません。",鈴木Y,2,Field,99999999,2018/02/23,15511447,2018/10/23
53503,ERJ170,JA221J,"LS ",,,"From JAMIS",2,CLOSE,"36 ",02,P3,01,R2,,"ODS APU LOOP1 [C2]/WRG",0,0,0,0,"(FHDB) FHDB解析でODS APU LOOP1 [C2]/WRGを最近STOREしてます。 FAULT;	36225006A2
⇒LOC:67.82,STATUS:OPEN
⇒[8/2LS林あ] 8/13-長期整備ではほかのSQもあり工期も短いので作業見送っています。
⇒[10/6LS林あ] その後いつの間にかMSG STOREしなくなってます。
⇒[10/10LS林あ] その後M/MSG STOREなし。CLOSE。",林あ,1,Fleet,99999999,2017/10/15,15511430,2018/10/10
58341,ERJ170,JA214J,"LS ",,,"From JAMIS",2,CLOSE,"30 ",02,P3,01,R2,,"ODS RH WING A-I LOOP4[C2]/WRG 30115101AM2",0,0,0,1,"(FHDB) ODS RH WING A-I LOOP4[C2]/WRG 30115101AM2
STOREしてます。 2018/9月C CK。
⇒[9/6LS林あ]9/11-C CK中のT/S計画してます。
⇒[10/4 LS 前甲] C C'K中にT/SHOOT実施。
CHGED SNSR & CERAMIC PIN。""J1064"" 部分で抵抗HIGH、CLNG & CERAMIC PIN CHGでBACK TO NML。ELEC C'KはALL LIMIT INとなった。
⇒[10/10LS林あ] C CK-OUT後M/MSG STOREなし。CLOSE。",,1,Fleet,99999999,2018/03/20,15511430,2018/10/10
53353,ERJ170,JA214J,"LS ",,,"From JAMIS",2,CLOSE,"30 ",02,P3,00,R1,,"ODS LH WING A-I LOOP2 [C1]/WRG ",0,0,0,1,"(FHDB INFO) ""ODS LH WING A-I LOOP2 [C1]/WRG 30115008AM1"" そこそこSTOREされています。レ点メモ残します。
⇒10/3以降激減。10/16,11/16のみ。それ以降STOREなし。(1/1林あ)
⇒若干まだ拾っているようです。2018/7月C CK。(3/20林あ)
⇒2018年3月にはSTOREしなくなりました。(6/6LS林あ)
⇒2018/7/20頃から徐々にSTOREしてきました。9月C-C'K　LS川崎
⇒[9/6LS林あ]9/11-C CK中のT/S計画してます。
⇒[10/4 LS 前甲] C C'K中にT/SHOOT実施。
ELEC C'K実施。
P0787 #A-C1 to #A-D1 : LIMIT < 80Ω、ACTUAL 46.31Ω。
P0787 #A-C1 to GND : LIMIT < 1.2KΩ、ACTUAL ∞Ω。
P0787 #A-D1 to GND : LIMIT < 1.2KΩ、ACTUAL ∞Ω。
P/MでSENSING ELEMENTを交換 (RT0053)。
⇒[10/10LS林あ] C CK-OUT後M/MSG STOREなし。CLOSE。",,1,Fleet,99999999,2017/10/10,15511430,2018/10/10
53988,ERJ190,JA247J,KIJ,,,"From JAMIS",2,CLOSE,"56 ",02,P3,01,R2,,"SEAT 1AのWINDOW CLEANING",0,0,0,1,"SEAT 1AのWINDOWですが、WINDOW PANELの内側（SIDEWALLの中）に指紋が付いているようです。長期整備などの時にCLEANING検討願います。
⇒夜見るからでしょうか、確かに指3本位あとがありますが、NEXT MAINT CHANCEでいいと思います。
次のWINDOW交換の時でしょうかね。（森本）
⇒[8/30LS林あ] 9/5-長期整備にて調整中。
⇒[9/12LS林あ] 長期整備ではSCRATCHがあったため、交換しています。",,2,Field,99999999,2017/11/01,15511430,2018/09/12
57394,ERJ170,JA214J,CTS,,,"From JAMIS",2,CLOSE,"34 ",02,P3,01,R2,,ADF2,0,0,0,1,"M.MSG ""MRC2 ADF FAULT""ACTIVE。
MRC2NIC & PROC RESET TEST PASSED。MRC2 ADF IBIT PASSEDでMSG DISAPPEAR。OKです。今年の1/9から散発してるようです。
⇒次の耐検までMONITORします。19年2月予定。(LS林あ)
⇒[8/31LS林あ] 9/12からのC CKまでに、MODULEかANTかの切り分けT/Sをお願いします。
⇒[9/5 ITM 後藤] 今回はNO FAULTでした。NHK:828で170～171°、TKS:332.5で230～233°を指示しました。
⇒[9/6LS林あ] 現在はNMLのような感じ、ここ最近M/MSG自体のSTOREもないようなので、C CKでの依頼計画は中止。いったんCLOSEします。",,2,Field,99999999,2018/02/15,15511430,2018/09/06
57604,ERJ170,JA213J,ITM,,,"From JAMIS",2,CLOSE,"25 ",02,P3,01,R2,,"180日CKでLIFE VESTほぼ交換必要。",0,0,0,0,"180日点検でLIFE VEST日付確認しましたが、次回（7-8月頃）の点検でほぼすべて交換になります。次回180日までレ点残しておいてください。
⇒LIFE VEST(P/N:66601-101) 在庫86個、INFANT(P/N:216203-0) 在庫108個。追加ORDERもしています。(7/6LS林あ)
⇒[8/18 ITM 新井T]交換しました…。",鈴木Y,2,Field,99999999,2018/02/23,15511421,2018/08/20
58577,ERJ170,JA221J,ITM,,,"From JAMIS",2,CLOSE,"79 ",02,P3,01,R2,,"Ｒ ENG DRAIN MASTよりOIL DRAIN",0,0,0,1,"R ENG DRAIN MASTよりOILがS/D後数分間、1DROP/30SEC程度出ていました。詳細確認したところLUBE OIL SEAL DRAIN PORTより出ており、その上流のATSとIDGのCK PORT両方からOILが出てきました。DRAINしてからDRY MOTORINGでLEAK CKしましたが、NO LEAK。
ATSとIDGのOIL LEVEL OKを確認して、本日はここまでとしました。
明日、再度CKして見極め願います。
⇒3/29 朝一は、NO LEAKでした。（ITM 白坂）
⇒3/29　F2183 ARR時は上記と同様に出てました。（3/29 HNA 石井）
⇒3/29 STYでATS/IDG GEARBOX PADとDRAIN LINE CLEANINGしてENG RUN 5分間実施後C'KしたところATS/IDG GEARBOX PAD及びDRAIN MASTからのOIL LEAKは無かったのでOK FOR SVCです。(LIMIT:5DROP/5MIN DURING ENG RUN)(ITM花田)
⇒追記、DRAIN MAST当該箇所はATS PAD,IDG PAD,CRANK PADの3本が合流しています。ATS & IDGはそれぞれG/BにISOLATE PLUGがあり、そこからのOIL LEAKは無し。残りのCRANK PADもDRAIN MASTからのLEAKが無かった事から現状OKと判断しています（LS赤坂）
⇒ITM STYで詳細確認するとEDP DRIVE PADはNO LEAK, IDG  DRIVE PADは1 DROP/5MINS, STARTER  DRIVE PADは3 DROP/5MINSでLIMIT INでした。ENG RUN中 DRAIN HOLE-1からLEAKはありませんでした。(LS 4/26 上田)
⇒4/30 ITM N/STY ARR ENG S/D直後は、DRAIN MASTからOILは出てこなく、1-2分後にOILが「じわっ～～」と出てきて地面に1 DROP程度落ちて、その後はLEAKは止まりました。（FUEL臭は無しです）DRY MOTORINGでのLEAK CKでは、OILは出てきませんでした。COWL、DRAIN MAST CLEANUPしています。（4/30 ITM 三上）
⇒[5/5 ITM]STY ARR時のENG RUN中はLEAK無し。その後の状況は4/30と同じです。(5/5木戸)
⇒[8/2LS林あ] 8/13-長期整備にて作業調整中。
⇒[8/17LS林あ] AGB AXIS-D&AXIS-C のCARBON SEAL交換して頂きました。ATS側(AXIS-D)のCARBON SEALのCONDITIONが悪かったとのことでした。",山本俊,2,Field,99999999,2018/03/28,15511430,2018/08/17
54401,ERJ170,JA215J,"LS ",,,"From JAMIS",2,CLOSE,"36 ",02,P3,02,R3,,"(FHDB) APU BLEED VLV/WRG FAULT 36125216APU  APU S/Dの度にSTORE",0,0,0,1,"(FHDB) APU BLEED VLV/WRG FAULT 36125216APU  APU S/Dの度にSTORE。毎回ではないが1日数回程度。交換履歴なし。1EA有。
⇒MAINT PWR TIGHTの為交換は見送り、CONNECTOR CLEAN UPのみ実施しました。MONITORおねがいします。(11/20角)
⇒あまり効果ないようです。交換お願いします。(1/1林あ)
⇒APU BLD VLV交換しましたが再発しました。NEXT ACTIONお願いします。(1/10 安田)
⇒FIMではBLEED VLV交換の次は、WIRING C'Kです。他機で同SQがあり、エンブラはBLEED VLVからのGND POINT(GS0003 SN)やAIR CON PNLからのGND POINT(GS0276 DC、GS0284 SN)が取れているか確認する様にRECOMMENDしています。(1/13
 前甲)
⇒機体整備中にT/SHOOT実施。FIMに従い、WIRING C'K実施してOK。ELEC CONN ""J0620""のBACKSHELLにLOOSE有り。RMVして、INSP実施してOK。ELEC CONN ""P309""、""P4""、""J0620""のCLEAN実施。(2/2 前甲)
⇒FHDB確認すると、現在も拾っています。(2/25 前甲)
⇒いまだにSTOREし続けています。(3/20林あ)
⇒いまもずっとSTORE。(5/6LUT木戸)
⇒AIR COND/PNEU CONT PNL ASSY交換しました。モニターお願いします(6/14 西村)
⇒APU S/D時 観察してみると、EICASのAPU INDが ""OFF""になるタイミングでECS PAGEのAPU BLD VLVがAMBER ""X"" となり、この時上記M.MSGがACTIVE。　""APU SOV CLOSED"" のCAS MSGが出た時点でVLV NORM INDとなり、M.MSG INACTIVEとなった。　一度FADEC交換してみたらどうでしょうか？　[06/15 ITM 吉田と]
⇒[7/8 ITM M-LUT 梅本]STAYでも上記同様の現象が発生しました。APU FADEC交換してOPE C'K OKです。CMCで確認すると最後にMAINT MSG拾っていたのは6/19なので、今日の現象をMEMORYしていない理由はわかりません。しばらく様子見て下さい。CLOSEします。
⇒[7/24 ITM 新井T]STYでAPU数回S/Dさせましたが再現せず。6/30以降は出ていない？ようです。しかし上記のように、MSG再現していてもCMCにSTOREしない事もあるようなので、P/MでSPDA 2 DC PWR MOD SLOT 5交換しました。様子見てください。",林あ,1,Fleet,99999999,2017/11/15,15511433,2018/07/24
54084,ERJ170,JA220J,"LS ",,,"From JAMIS",2,CLOSE,"27 ",02,P3,00,R1,,"CONT YOKEをL TURNに切るとFEELINGが重い/カクンと感じるSQ。",0,0,0,0,"CONT YOKEをL TURNに切るとFEELINGが重い/カクンと感じるSQ。
2016/5月からINFOが続きFEEL UNITとAIL SERVOが交換されていますが、まだ定期的にINFOが続いています。FEEL UNITのCLNGやLUBで一旦は治まるようですがFEEL UNIT RMVでもSAMEとのINFOもあります。一度詳細CKが必要かもしれません。機体整備からM/Pもらえる時に見てもらえると良いかもしれません。今年度中は機体整備に入る予定なし。
⇒前回のC-C'K後に機体整備よりINFOもらっています。L/H TQ TUBEのBEARINGがNGの可能性あり。(11/8 前甲)
⇒[7/24LS林あ] 別のMONITOR挙げています。ここはCLOSEとします。",林あ,1,Fleet,99999999,2017/11/05,15511430,2018/07/24
53598,ERJ170,JA221J,"LS ",,,"From JAMIS",2,CLOSE,"31 ",02,P3,01,R2,,"""MFD2 CONTINUOUS INTERNAL FAULT 31611001DU4"" 少しSTORE",0,0,0,0,"(FHDB INFO) ""MFD2 CONTINUOUS INTERNAL FAULT 31611001DU4"" 少しSTOREされています。他機では出ていません。
⇒11/3,12/19のみSTORE。(12/28林あ)
⇒HISTORY BY ATAでは4月も何回か履歴あり。いずれも1秒から2秒程度ACTIVEになっているだけです。MELはあり。(5/5 ITM 木戸)
⇒5/4,6/7 STORED。(6/19LS林あ)
⇒6月に入ってから ""DU4 NIC FAULT""もMEMORYしてました。(ITM吉田と)",近藤,1,Fleet,99999999,2017/10/18,15511430,2018/07/24
53354,ERJ170,JA214J,"LS ",,,"From JAMIS",2,CLOSE,"36 ",01,P2,01,R2,,"(FHDB INFO) ""ODS PACK LOOP3 (LH BLD)[C1]/WRG 36215007AM1"" ",0,0,0,0,"(2017/10/10近藤)
(FHDB INFO) ""ODS PACK LOOP3 (LH BLD)[C1]/WRG 36215007AM1"" 高頻度でSTOREしています。レ点メモ残します。(2017/10/10近藤)
⇒2018/7/12C CK。可能な時に最新のODS Event Loc NVM Pageの写真をLSまで送って下さい。(6/8ITM近藤)
⇒写真添付しました。CH1 OPEN / EVENT LOC 64.07。SENSOR在庫有。(6/11 LS金澤)
⇒6/12,N STY,ACTIVEで拾ってました。CH1 OPEN/EVENT LOC 61.28.RESET かけてます。(ITM 6/12 武正)
⇒C-CK日程変更9/4~になりました。(6/14ITM近藤)⇒7/9 3791/3792でEICAS MSG APPEARED (TKN 野田）
⇒(2018.07.12 LS 前甲)　7/10にT/SHOOT実施。CH1がOPEN CIRCUIT。CH2がSHORT CIRCUIT。CORRECTIONしてOK。しばらく要MONITOR。
⇒7/10以降出ていない様です。一度CLOSEします(LS大山)",,1,Fleet,99999999,2017/10/10,15511420,2018/07/20
57747,ERJ170,JA222J,HND,,,"From JAMIS",2,CLOSE,"21 ",02,P3,01,R2,,"15列目RH SIDEのRISER DUCT",0,0,0,0,"2/26にも履歴ありのSEAT 15列目のブーン音、156/179で再発しています。RH PACKを止めると静かになります。STYでMEMO UP予定。
⇒STY便でMEMO上がりました。PNL外して15列目RH SIDEのRISER DUCTを触ったら止まったので、TAPEを貼って静かになるようにしてあります。HEAVY MNTでREPAIR検討願います。",長岩,2,Field,99999999,2018/02/28,15511430,2018/07/15
49778,ERJ170,JA213J,KMI,,,"From JAMIS",2,CLOSE,"36 ",01,P2,01,R2,,"""ODS LH WING A-I LOOP2(C2)/WRG 30115008AM2""",0,0,0,0,"M/MSG に ""ODS LH WING A-I LOOP2(C2)/WRG"" CODE:30115008AM2。EVENT LOCATION 50.65。
⇒C CK 6/22～。最新のODS Event Loc NVM Pageの写真をLSまで送って下さい。(6/8ITM近藤)
⇒写真、LSに送付済。(6/8ITM権丈)
⇒ありがとうございます。写真ここに添付しました。""OPEN"" STATUSです。作業はC-CKで依頼予定。(6/12ITM近藤)
⇒5C C'KにてREQ実施済み(6/16 ITM吉山)
⇒REI Skill CkにてCh2 Element OB側Connector部でDefectがあったそうで、Ceramic Pinのみの交換で問題ないという事でした。(6/29ITM近藤)
⇒(以下、MAINT PLAN内容コピー) TOTALのCONTINUITY CK LIMIT OUT 1.33kΩ(LIMIT 80Ω以下)、INSUL' CKはOK。
SNSR単体はCONTINUITY、INSULATION共にOK。
J1054 CONN CERAMIC PINでRESISTANCE HI→CERAMIC PIN CHGD
CHG後、CONTINUITY、INSULATION RESISTANCE CK OK。OPE CK OK。NO MSG。
⇒7/15今日はM/MSG STOREしていませんでした。(7/15LS林あ)","佐藤(貴）",2,Field,99999999,2017/06/03,15511430,2018/07/15
47776,ERJ170,JA213J,ITM,,,"From JAMIS",2,CLOSE,"23 ",02,P3,01,R2,,"#1 VHF COMM MOD ALIGN PIN",0,0,0,0,"TAB C'Kで#1 VHF COMM MODを214JとSWAPしましたが、INSTするMODが奥まで5mmほど押し込めない(SPRING感がある）。　また、MOD前面のPNLが上のMODのPNLと少し重なる状況でした。少し下に力を加えながら無理くりINST後、CCBを入れてもFREQ AMBER DASHで立ち上がらず。IBITも出来ず。MOD INOPというよりPWRが入ってない感じです。NEWのMODを持ってきて比べましたが、特に変わらず。これは前のMODより少し簡単に入り、OPEもNORMでした。
MRC背面のCONNとALIGNMENT PINの位置が悪そうな感じです。　
常に無理してINSTしているからか、SET SCREW , HELICOILの感じもイマイチです。NEXT交換時は注意して下さい。
⇒左上のHELICOILがMISSINGしていたのでINSTしました。右上はHELICOIL残っていてまだ使えたので交換していません。MODのALIGNは相変わらず良くないです。(松本T)
⇒2018.6 5C-CK予定。(1/23近藤)
⇒DAMAGED INSERTをC CKにて交換してもらいました。(7/15LS林あ)",吉田,2,Field,99999999,2017/03/15,15511430,2018/07/15
52957,ERJ170,JA213J,ITM,,,"From JAMIS",2,CLOSE,"56 ",02,P3,01,R2,,"3HK WINDOW DIRTY",0,0,0,0,"2386/2365 3HK WINDOW DIRTY 
⇒汚れではなくOUTER PANEの外側のCOATINGが剥がれて汚れているように見えます。WINDOW CHGかCOATING剥がしをITM STYでお願いします。（PAXよりクレームが多い様です）(樋口）
⇒ITM STYにて確認をしましたが、やはりOUTER PANEの外側のCOATINGの剥がれです。COATINGを剥がすのは容易では無いのであまりにもPAXクレームが多いようであれば、別途WINDOW CHGの計画をした方が良いと思います。個人的な感想としては、視界を妨げる程の広範囲では無いのでWINDOW CHGはもったいない感じです。3 LEG搭乗されたCAさんは、クレーム無しと言っていました。（白坂）
⇒26日 2151DEP前にCOATING剥がれRMV TRYしてもらい, だいぶ良くなりました。DAMAGEもないのでこれで交換するほどのことでもなさそうです。CAさんにはクレームあったら整備に報告してくださいと伝えてあります。交換するのは様子見でいいと思います。もし、交換するとなるとSEAT 3HK,4HK RMVが必要です。(5HKもSIDE WALLと少しかぶってるのでRMV必要かも…。)(三浦ち)
⇒2018.6 5C-CK予定。(1/23近藤)
⇒5C C'Kでの実施依頼済み(6/16 ITM 吉山)
⇒WINDOW ASSY交換をC CKにて実施してもらいました。(7/5LS林あ)",樋口,2,Field,99999999,2017/09/25,15511430,2018/07/15
50241,ERJ170,JA213J,CTS,,,"From JAMIS",2,CLOSE,"71 ",02,P3,01,R2,,"BOTH ENG DRAIN MAST SIDE GLASS DETOUCH",0,0,0,0,"JL2713/CREW PREFLT CKにてBOTH ENG DRAIN MASTのRH SIDEのGLASS DETACHを確認、C/O。W/O L/100270730, R/100270731。
⇒SQ CARDは生産管理に回しています。(6/22近藤)⇒C CK 18年6月予定。
⇒5C C'Kにて実施依頼済み(6/16 ITM 吉山)
⇒C CKにて作業完了。(7/15LS林あ)",金坂,2,Field,99999999,2017/06/19,15511430,2018/07/15
49570,ERJ170,JA213J,"LS ",,,"From JAMIS",2,CLOSE,"53 ",02,P3,01,R2,,"WING-TO-BODY FAIRING SCREW PLATE NUT",0,0,0,0,"RH WING-TO-BODY FARINGの一番後ろのNUT（1か所）が空回りしてしまい、SCREWと一緒に回ってしまうようです。次回重整備で作業依頼して下さい。
⇒W/Wの隙間からNUTを押さえてSCREW締めてもらいました。PLATE NUTの交換が必要です。(10/12 前甲)
⇒C CK 18年6月予定。
⇒5C C'Kにて実施依頼済みです。(6/16 ITM 吉山)
⇒PLATE NUT 5EA交換してもらいました。(7/15LS林あ)",林あ,1,Fleet,99999999,2017/05/26,15511430,2018/07/15
58610,ERJ170,JA226J,"LS ",,,"From JAMIS",2,CLOSE,"34 ",02,P3,01,R2,,"NO.2 ADF",0,0,0,1,"(FHDB DATA)
MRC2 ADF FAULT/	34532006CLUをよく拾っています。
耐空検査は8/9。⇒NO.2 ADF 全面のANT CONNECTORを、ぎゅっと押さえつけても変化なし。ADF2 IBITEもFAIL. NO.2 ADF MODULEを交換して見ましたが、変化なし。元に戻しました。状況からして、ANTかな？という感じです。また、NO.1 ADFも不安定です。TKSをSELECTするとINDが消えます。６６６や８２８は、受かります。NO.2 ADFは、６６６。８２８。TKS。いずれをSELECTしても、ふらふらと安定しませんでした。NO.1 ADFは全くさわっていません。本日は、ここまでとしました。（7/4 ITM河内）
⇒#2 ADF ANT CHGしてINDはOKです。(7/13 ITM 相原)",金澤,1,Fleet,99999999,2018/03/29,15507080,2018/07/13
55201,ERJ170,JA212J,KMI,,,"From JAMIS",2,CLOSE,"56 ",02,P3,02,R3,,"PLZ COND CK CAPT WINDSHIELD",0,0,0,1,"F3 CHKにて；CAP SIDE WINDOW OUT PANEにWIPERのSCRATCH 有り。INFOしときます。
⇒C CK 18/5月予定。
⇒5/29~のC-CKでCOND CK依頼しています。(5/23ITM近藤)
⇒C CKにてPOLISHING実施（機体）",平井,2,Field,99999999,2017/12/09,15508513,2018/06/23
58752,ERJ190,JA246J,"LS ",,,"From JAMIS",2,CLOSE,"34 ",02,P3,01,R2,,"ALT DIFFの件、レ点申し送りまとめます",0,0,0,1,"メモ。。。ALT DIFFの件、レ点申し送りまとめます。
17/10/24 ADSP1交換。18/02/09 ADSP4交換。18/04/02 ADSP2交換。結果ほぼ変化なし。現状LIMIT IN.
ADSP3は就航から交換していない。
最初に交換したADSP1が悪い可能性もあり。P/N:2015G2H2H-9 or -8A在庫はあり。
（元々のSQ）
17/10/22 BOTH PFD IAS FLAG APPEARED, AOA PROBE MISCOMPARE(FDA1) 22110077FA1
17/10/23 IAS FLAG APPEARED,ADS1:175kt ADS2:188kt,ADS1⇒ADS3に切り替えてFLAG消えた。ADS2⇒ADS3ではFLAG消えなかった。
17/10/24 ON GNDでADS1:60ft IESS:65ft ADS2:65ft ADS3:65ftとADS1が低かった & 昨日のIAS FLAGの件でFIMに従いADSP1を交換した。
（その後）　
GNDでは揃っているが、FLT中のALT DIFF INFOが続く。ADSP1交換前はALT DIFF履歴なし。
FLT中はGP SRC SW矢印がAP/FD SEL ALTの基準になる。DEFAULT左矢印なのでADS1基準でのINFOが多い。よってCREWの表現としては「F/O側が低い」が多い。
ADS1基準では、IESS:-60～-70ft ADS2:-100～-170ft ADS3:-60 or -130ft 
ADS2基準では、IESS:+20ft ADS1:+140ft ADS3:UNK
⇒STYではNO INFO.(ITM岸)",赤坂,1,Fleet,99999999,2018/04/03,15511430,2018/06/20
53647,ERJ170,JA221J,"LS ",,,"From JAMIS",2,CLOSE,"38 ",02,P3,01,R2,,"FHDB:FWD DRAIN MAST/WWSC/WRG FAULTが最近、こちょこちょ",0,0,0,0,"FHDB:FWD DRAIN MAST/WWSC/WRG FAULTが最近、こちょこちょ出始めています。PARTS在庫無しでORDERしています。
⇒P/N:19600-565入荷しました。(10/21 前甲)
⇒19600-565は在庫なし。19000-195は在庫あり（12/5村上）
⇒相変わらずSTOREしてます。PARTS SHORTAGE。(12/28林あ)
⇒STYでHISTRY BY ATAで見てみると4/18を最後に拾っていませんでした。FHDBでどうなのか確認はしてません。(5/5 ITM木戸)",吉山,1,Fleet,99999999,2017/10/20,15511430,2018/06/19
57083,ERJ170,JA220J,ITM,,,"From JAMIS",2,CLOSE,"21 ",02,P3,00,R1,,"PRSN AUTO FAULT MSG APR",0,0,0,1,"[2/4 ITM 安井] 2186CRZ中に""PRESN AUTO FAULT""MSG APPEAREとFLT SQ UPされました。MODE SW MAN THEN AUTOでMSG消えました。CMCにはCPCS/OUTFLOW VLV FAULT,CODE:21311009CPCを拾っていました。
⇒続いています。CPCS CONTROLLERは何度か交換されています。OFV ACTも2016.8、2017.5、2017.10と交換されています。OFV ASSYは交換歴なし。WIRING CKも一度実施されていますが、機会をみてSHAKE & WIRE CKをお願いします。(近藤)
⇒FIMの通C'KとPWR C'KはOKでした。INSULATION C'KもOKで、CPCS CONTとOFV間のWIRINGは、FIMに指示されていない箇所も全てC'Kしました。T/SHOOTでPRESS CONT PNL交換しました。""MAN""/""AUTO"" SWの中にはAUTO CH1とAUTO CH2それぞれの接点がある為です。(2/8 前甲)
⇒""PRESN AUTO FAULT"" MSG APPEAR。PCSC STATUSにてCH2側がRED INDになっていることを確認。
CBN PRESS CONT SWをRECYCでMSG CLEARとSTATUS GREENを確認してOK。(2/26)
⇒前回、WIRING C'Kの為、OFVとCPC CONT付近のCONNをRMVして触っています。その後しばらくはMSG出ておらず、今までもCPC CONTやOFV ACTを交換後にSQがおさまる為、どちらかのWIREが悪いのかもしれません。
JAMISではCH2でFAILしているような感じなので、CH2側のCONN PINをP/Mで交換してもいいかもしれません。OFV側がPIN本数少なくやりやすいかも??PIN(P/N:M39029/56-348) ORDER中。CRIMP TOOL(M22520/2-01,M22520/2-07 [K40])(前甲)
⇒PIN入荷してます（3/23村上） 
⇒PMにてCPCS CONN""P1071"",""P1072""とOUTFLOW VLV CONN""P416"" をCLEAN UPとFRICTIONCKを実施した。後日、長期要目でHGRへ入るので再発した場合は点検にてPIN交換を実施予定です。（4/15原田）
⇒[ITM 21APR2018 三浦A]
   2392 CRZ中もMSG出てGNDでも出たままでした。SW MAN THEN AUTOで消えました。MAINT 　　MSGは""CPCS/OUTFLOW VLV FAULT""""21311009CPC""です。O/F VLVはDEFFECTなし。CPCS 　　OPE TEST実施しOK確認しました。
⇒明日からの長期で実施します　LS KAWASAKI
⇒長期要目で以下を実施。（鈴木Y）
OFV ELEC CONN ""P0416""のCONN & CONTACT PIN CHGED.
OLDのCONTACT PINのCRIMP状態とWIRE及びSHIELDのCONDはOKでしたが、NEWに交換しています。
⇒[5/4木戸]今の所TOV及びAHEAD上の再発無しです。
⇒6/17再発です。AHEADでは、MAINT MSGは今までと同じです。（6/17 LS 小島）
⇒STYにてSW RECYCLEでDISAPPEAR。OF VLV COND&OPE CKED OKでした（ITM 6/17 西垣） ",安井,2,Field,99999999,2018/02/04,15509731,2018/06/17
57667,ERJ170,JA226J,KMI,,,"From JAMIS",2,CLOSE,"73 ",02,P3,00,R1,,"LT LT ECP LOCAL CHANNEL FAULT[E2B]　　　FAULT CODE:73217523E2B",0,0,0,0,"朝の立ち上げ時、ENG LONG TIME FAULT 有り。
CMCには、FAULT NAME:LT ECP LOCAL CHANNEL FAULT[E2B]　　　FAULT CODE:73217523E2B
FADEC CCB　RESET しましたが、M/MSG は ACTIVE のままでした。FOLLOW 願います。
⇒N/STYのときは消えていましたがLONG TIMEがlatchされた状態でした。一応FADEC P-BIT流して確認しています。(竹田)
⇒3/2 STAY時,ENG2にLONG TIME DISPATCH あり。FAULT CODE RECALLにて上記と同様のCODE LOG.
　FAULT CLRにてMSG DISAPPEARしました     (KOJ小坂）
⇒ ここ最近OKなので一旦CLOSEします。","佐藤(貴）",2,Field,99999999,2018/02/24,15506983,2018/06/16
57470,ERJ170,JA217J,ITM,,,"From JAMIS",2,CLOSE,"21 ",00,P1,01,R2,,"RH RAM AIR INTAKE DOORのhingeのガタ",0,0,0,0,"最近続いているCOCKPITのBoo soundの件でRAM AIR DUCTのGVI実施しました。結果DUCTはOKなのですが、強いてあげるならRH RAM AIR INTAKE DOORのhingeのガタ（蝶番の方）が左右・E190他機と比べて大きく、黒く筋を引いていたという感じです。
また続く様ならDOOR ASSY CHG作業調整お願いします。
なお調べてみると217JはNEW DOOR INLET TYPEの様でCOA 21-00008 ER-01(SB170-35-0107)を実施し改修型のDOORが付いているようです。
DOOR ASSY P/N 171-15332-407 OR 408(末尾のみ違いおそらくLH/RH)在庫なし。
⇒R/Hは171-15332-408でBS1705301070309のCOA KITに含まれてますがBLOCKがかかっています。（1個あり) また、RAIDはDEACTの方に動いているため暫く様子見たいと思います。(4/29 LS上田)
 ⇒ いまのところ5/10にRAID DEACTIVEのCOAが計画されています。そのCOAではガタがあるPARTSはHI SPEED TAPEで固定して経観となるようです。(5/6 LUT木戸)
 ⇒ 相変わらず異音は有るそうです。5/10にRAID DEACTIVATION作業が実施されていますが、効き目は無かったようです。GVIで付近を確認しましたが、それらしいものは発見できませんでした。（5/11 ITM 河内）
⇒ RAIDのHinge件ですがこのスレッドを立てた時から比べて酷くなってきています。HingeのShaftが入っているはずの穴もHingeの咬み合わせの隙間から１/4程見えてきており、ガタも大きくなっています。STYにて記載されているHI SPD TAPE固定リペア検討お願いします。CREWにお話し訊いた所『前の方で1legだけBooo－soundがした』という事でした。（6/4 たけだ）
⇒ COAが既に完了しているためHI SPD TAPE固定するにはSQ UPして技検が必要になります。2164/2157 ITM便間で写真を撮ってSEへメールお願いします。SEへは一報済みなので6/4中に技検の回答は得られそうです。また必要PARTSについては判明した段階でSEに再確認をしてもらってORDERかけた方がよさそうです。 (6/4 LS　上田)
⇒6/4中にはSEからは回答は来ませんでした。よって本日はNO ACTION(LS小島）
",,2,Field,99999999,2018/02/18,15511427,2018/06/07
56779,ERJ190,JA248J,ITM,,,"From JAMIS",2,CLOSE,"23 ",02,P3,01,R2,,"WIFI update時のAFT側USBport不調",0,0,0,1,"WIFI CONTENTうまくLOADされていなく、HND技術RQSTで、NEW USBを入れました。USBそのものが悪いのではなく、AFT側のUSB PORTが良くない様です。
⇒FWD側に差したらLOADされました。AFT側USBがイマイチのようです。次回UPDATE時にまた様子見てください。（角谷/相原）
⇒AFT側に入れましたがLOAD出来ませんでした。他の作業もあったので、FWD側を使用しました。（後藤）
⇒6月分のアプデ作業したのですが同様にAFT側にUSB差し込んでも反応なく。仕方なしに同じ様にFWD側に差し込んだらOK。(5/14 ITM 竹田)
⇒[5/31LS林あ]SACL P/N;P17777-003 在庫有です。交換後CONTENTS LOADING等はいらないのでO/N STYで実施出来そうです。交換までSTS;OPENで。 ⇒SACL(Stand Alone Content Loader) 交換完了。STS CLOSEしました。（06/06 ITM/S 竹中）",角谷,2,Field,99999999,2018/01/25,15505840,2018/06/06
58840,ERJ170,JA225J,ITM,,,"From JAMIS",2,CLOSE,"57 ",02,P3,01,R2,,"LH WING ROOT FLAP FAIRING AFT ASSY BONDING PLATE EDGE",0,0,0,0,"お疲れ様です。
LH WING ROOT FLAP FAIRING AFT ASSY 側面の最上部 SCREW取り付け部が、矩形型にひびらしきものが浮き出ています。SCREW締め過ぎか、LOADが集中してかかったか解りませんが、詳細C'K願います。(IPC:57-58-21,Fig 5,Item 100/AFT FAIRING ASSY P/N:170-14656-401,FAIRING に取りつくSEAL P/N:17014662-901,共に在庫有り。)
⇒SCREWの締め過ぎでBONDING PLATE EDGE部が少し浮き上がってPAINT PEEL OFFぽくなっていたのでPAINT TAUCH UPしてOKにしています。支店どさ回りPATTERNで酷くなった場合、HI SPD TAPE APPLYしてC CKまでC/O出来るとのLS担当者にアドバイスを頂きました。(SRM 51-73-00 B51-03)(ITM 三上)",武正,2,Field,99999999,2018/04/06,15511430,2018/06/06
58720,ERJ190,JA247J,ITM,,,"From JAMIS",2,CLOSE,"00 ",02,P3,01,R2,,"FUSELAGE LWR DIRTY",0,0,0,0,"FUSELAGE LWR のWHEEL WELLより後方が、だいぶ汚れてきています。どこかのタイミングでCLEANING願います。LEAK等はありません。
⇒5月から190はHND STYのタイミングで機体CLNGが開始予定とのことです。現状、横からはあまり醜くないので機体CLNGのタイミングでいいと思います。生産には一言伝えておきました。（4/9林Ｋ）",武正,2,Field,99999999,2018/04/02,15507338,2018/06/04
57892,ERJ190,JA248J,ITM,,,"From JAMIS",2,CLOSE,"05 ",02,P3,01,R2,,"L/H ENG O/B T/R TRANSCOWLにDAMAGE",0,0,0,0,"2410 APPでLIGHTNING受けたとINFO。L/H ENG O/B T/R TRANSCOWLにDAMAGEあり。10 O'CLOCKから入って9 O'CLOCKから出たようです。
EXIT POINTに関してはSRM LIMITを超えるため技術検討。
技検回答はHI SPEED TAPE貼って750 FC以内でのPERMANENT REPAIR。経観として1WEEK毎のHI SPEED TAPEのCOND CK。
⇒REPAIR完了。",三浦A,2,Field,99999999,2018/03/05,15507080,2018/05/30
54153,ERJ170,JA211J,"LS ",,,"From JAMIS",2,CLOSE,"34 ",02,P3,01,R2,,"ADF 1 FAULT",0,0,0,0,"""MRC1 ADF FAULT""ですが、ここ1ヶ月ほどREPORT＆FHDBもSTORE無しなので、RESETします
⇒現在長期整備中ですが長期整備に入るまで毎LEG拾ってます。レ点は残しておいて下さい。
＊AHEADは整備中なので機能していません。（LS村上）
⇒その後も出ています。(11/15林あ)
⇒INFO ONLY
  ADF1 RESET(IBIT&CCB),MRC1 NIM RESET(CMCでのNIM RESET&CCB)でもMSG消えませんでした。
  ADF1 MDLのCONN CONDはOKでした。（OMAB遠藤）
⇒12/16 JL2383 START UPでもMNT MSG ACTIVEでした。
  CODE:34531006CLU
　前述同様MRC1 NIM/PROC RESET,ADF1 IBIT,CB RESETするもSAMEです。(12/16もち@ITM
⇒12/21も上記と同様です。POINTERは#1/2ほぼ揃っています。(島岡)
⇒FHDBだとほぼT/Oの度にSTOREしてます。(12/28林あ)
⇒1/1も2184ARRでACTIVEで拾っていました。上記と同様にTOで数回でてます。POINTER、TONE共に異常はありませんでした。山北
⇒1/18にもCMCで""MRC1 ADF FAULT""を拾っています。CB RECYCLEでFAULT ERASEされています。(1/19梅本)
⇒毎日STOREしています。(18/3/27林あ)
⇒５月のC CHKにてCORRECTION計画します。(4/24 塚越)
⇒依頼しました。(5/9 LUT 木戸)
⇒#1ADF ANTを交換してます。一旦CLOSE(5/28 LS 塚越)",川崎,1,Fleet,99999999,2017/11/07,15507080,2018/05/30
54999,ERJ170,JA211J,"LS ",,,"From JAMIS",2,CLOSE,"36 ",02,P3,01,R2,,"ODS APU LOOP1",0,0,0,1,"ODS APU LOOP1 [C2]/WRG FAULT[FAULT CODE:36225006AM2]を拾っています。2016年10月に同SQのT/SHOOTでCERAMIC PINを8本交換。交換した詳細箇所は不明。
⇒18/3/27 相変わらずSTOREしてます。(林あ)
⇒５月のC CHKにてCORRECTION計画します。(4/24 塚越)
⇒CERAMIC PIN CHGしまた。一旦CLOSE（5/28 LS塚越）",前甲,1,Fleet,99999999,2017/12/03,15507080,2018/05/30
58925,ERJ170,JA211J,ITM,,,"From JAMIS",2,CLOSE,"32 ",02,P3,01,R2,,"TOWING IND L'T REDが暗い。",0,0,0,1,"TOWING IND L'T REDが非常に暗い。GREENはOK。
P/N:170-73500-405 TOWING IND LT
⇒確かに暗いですがパッと見てでも点灯は確認でき7つのBULBもすべて点いていました。
時間がある時の交換でよいかと思います。(ITM 藤原)
⇒５月のC CHKにてCORRECTION計画します。(4/24 塚越)
⇒交換しました。CLOSE（5/28　塚越）",稲村,2,Field,99999999,2018/04/09,15507080,2018/05/30
58332,ERJ190,JA242J,"LS ",,,"From JAMIS",2,CLOSE,"24 ",02,P3,01,R2,,"APU GENからGEN1切り替え時にBPT気味",0,0,0,0,"(INFO)APU GENからGEN1切り替え時に若干BPT気味情報あり。GCU在庫1eaなので244J優先。追加1eaもITMに接近中ですので入荷後GCU1交換検討お願いします。
⇒244Jは3/21に交換済。GCU 1EA在庫有り。(4/1林あ)
⇒P/Mで#1 GCU交換しました。様子見てください。(4/7岡本)",近藤,1,Fleet,99999999,2018/03/20,15511420,2018/05/27
54659,ERJ190,JA241J,ITM,,,"From JAMIS",2,CLOSE,"36 ",02,P3,01,R2,,"""ODS APU LOOP1 [C1],[C2]/WRG FAULT""",0,0,0,0,"【2017.11.22 ITM】
""ODS APU LOOP1 [C1]/WRG FAULT""の件：T/S実施したが残念ながらDEFECT無しです。以下やったこと。
①11/20と同じ方法でRESISTANCE C'K実施。CH1:70.58Ω　CH2：60.00Ω（LIMIT ＜80Ω：REF FIM36-22-00/200）
②過去に交換されていないJ0942（CH1）とP1049（CH2）のCERAMIC PIN交換実施してRESISTANCE C'K実施。
CH1：64.25Ω CH2：60.00Ω。もともとLIMIT INだったがちょっとだけ抵抗値下がりました。
③CMCのODS STATUS見ながらELEMENT揺すったりAPU回したりしたが変化なし。
SQ再現しないので本日のT/Sはここまでです。MNT MSG ACTIVE時にさらなるT/Sをお願いします。
⇒""CH1""をかなり拾っています。MID E-BAYとAFT CGO間でDETを切り分けて、どこが悪いかのT/SHOOTお願いします。(12/3 前甲)
⇒その後毎日ではないにしろ、週に1-2度拾うようです。(AHEADより)(LS林あ2/15)
⇒HISTRICAL BY ATAではCH1は2/22、CH2は2/14にACTIVEになっていたのが最後でした。FHDBorAHEADでどうかは見てません。(ITM3/6木戸)
⇒2018.05.18にT/SHOOTして以降、MSGの頻度は減りましたが、まだBOTH CH拾っています。(5/26
 LS 前甲)",服部,2,Field,99999999,2017/11/22,15510180,2018/05/26
54269,ERJ190,JA241J,ITM,,,"From JAMIS",2,CLOSE,"36 ",02,P3,01,R2,,"""ODS APU LOOP1 [C1],[C2]/WRG FAULT",0,0,0,0,"【2017.11.11 ITM】
PRESENT LEGに　""ODS APU LOOP1 [C1]/WRG FAULT 36225006AM1""(4回)と""ODS APU LOOP1 [C2]/WRG FAULT 36225006AM2""(2回)が BOTH CHで拾われていました。　TTL CH1は118回、CH2は9回と少ないですが、APU BLD LEAKに繋がるので早急なACTIONを調整願います。
EVENT TYPEはBOTH CH ""OPEN"" CCT, LOCは#1:67.07、#2は68.47です。　８月にもAPU BLD LEAKでCERAMIC PIN交換されてます。
⇒11/15 SDJ N/STYでは、CMC HISTORY TTL CH1は142回 CH2は16回に増えてました。
NVMは同じくBOTH CH""OPEN""CCT,EVENT LOC CH1:63.10 CH2:69.75でした。
REAL TIME DISPLAYでもCH1のみ ""OPEN"" LOC 63.10が数分おきに出たり消えたりを繰り返していました。
SNL190-36-0015 ODS T/SHOOT GUIDEの記載では「CCT""OPEN""のEVENT LOCはあまり信頼性が無いのでCCT TESTをしないと場所の特定できない」との事。（11/15 SDJ赤坂）
⇒22日のCORRECTION以降、CH1は拾わなくなっています。CH2はまだ拾っています。(11/26 前甲)
⇒""CH1""をかなり拾っています。MID E-BAYとAFT CGO間でDETを切り分けて、どこが悪いかのT/SHOOTお願いします。(12/3 前甲)
⇒2018.05.18にT/SHOOTして以降、MSGの頻度は減りましたが、まだBOTH CH拾っています。(5/26
 LS 前甲)",吉田と,2,Field,99999999,2017/11/11,15510180,2018/05/26
52465,ERJ170,JA227J,"LS ",,,"From JAMIS",2,CLOSE,"24 ",02,P3,01,R2,,"BPT DURING ENG START",0,0,0,0,"(P/M)DEP ENG START時に、高頻度でBPTが発生しています。T/Sで、APU GCUの交換をお願いします。
P/N 1701321E→1701321D(216J から流用)。可能であれば、交換後は、CREW PROCでのENG RUNでELEC TXFRの確認もお願いします。
⇒APU GCU交換完了。R-L、L-Rの順でのENG START NML確認です。明日以降もモニターお願いします。(林K)
⇒9/8問題なし（ITM杉山）⇒9/9 NO1 ENG STARTで再発しました (SHM松本H)
⇒9/6にAGCU交換後にもBPT再発している為、T/SでAGCUとGCU2をSWAPしました。CREW OPE通り(R→L、L→R）にENG RUN実施しましたがNMLでした。（9/15吉澤）
⇒9/27に再度、#1GCU⇔#2GCU SWAPしています。",近藤,1,Fleet,99999999,2017/09/06,15511426,2018/05/24
58621,ERJ190,JA247J,"LS ",,,"From JAMIS",2,CLOSE,"36 ",02,P3,00,R1,,"(FHDB DATA)LH HPSOV WRG FAULT",0,0,0,1,"【2018.03.29 LS 金澤】
(FHDB DATA)
LH HPSOV (CLOSED) [C2]/WRG FAULT	36111103AM2を拾い始めてきています。BLEED FAILは出ていないようです。機会を見てVLV CHGでしょうか。HPSOV P/N 1001246-3在庫有り。
⇒4/2,4/6 に一回ずつ拾っています。（4/6林Ｋ）
⇒05MAY2018 金澤 4月後半からMSGの頻度が上がってきていますが今のところCASは出ていないのでもう暫くMONITORします。
⇒(06MAY2018望月)今日はLAST LEG APRROACHのみ拾ってました。TM IBIT　PASSED,INACTIVED,LS報告済。
⇒本日は拾っていませんでした。(ITM 5/7 武正)
⇒5月も数度MSGを拾っています。5/18がSHIP STBYの為、HPSOV交換作業出来るように生産調整しました。防音壁は223J耐空検査で取ってある為、作業状況に応じて実施お願いします。PARTS在庫確認済み。(5/13 前甲)
⇒HPSOV交換しOPE CK&LEAK CK OK,NO MNT MSGです。(5/17 ITM 樋口）
⇒5/18再発、本日SERVO LINEのTQ CKのみ実施、再発するようならAIRかけてSERVO LINEのLEAK CKでしょうか？（ITM岡元の）
⇒5/21　2204/2409　LONG 便間で確認したところL/H HPSOV WRG FAULT MSG 拾ってました。
(ITM 村井)
⇒5/21 2414/STYにて最終LEGのみCH1で""LH HPSOV(CLOSED) [C1]/WRG FAULT""拾っていました。TQ MOTOR IBITでMSG DISAPPEARED。本日はNO ACTIONとしました。(5/21 ITM 石川義)
⇒FHDB見ると、17日交換前後で変わらずM/MSG毎LEG拾っています。
なお、現在INSTされているHPSOVは、2/15 252JからBLEED 1 FAILとDUCT PRESS FLUXのため取り降ろされたものです。この時、NAも同時期に交換されていてSQ FIXしているような感じです。(5/21 LS林あ)
⇒STYでMMSG BLEED 1 HPSOC ACTIVE,BLEED 1 CH2 TM IBITでINACTIVEとなった。
26日のMAINT STBYでLSにT/SHOOT計画してもらいました。（ITM/安藤）
⇒5/23 JL2240にて降下中にもBLEED1 FAIL MSG APPEARしました。BLEED SW RECYCLEでMSG DISAPPEAR。CMCは5/21と同じ内容のものを拾っていました。NOTEでSQ UPされましたが、OK FOR SVCとしました。（ITM/小笠原） 
⇒5/23 JL2208でBLEED 1 FAIL再発。降下中にIDLE THRUSTになったらブ――ン音が聞こえたのでECS PAGE見たらDUCT PRESSがLH 16PSI、RH 35PSIだった。その後ICING CONDでA/I ONになったらBLEED 1 FAIL MSG APPEARしたそうです。QRH実施でMSG CLEARになってます。
CMCは以前と変わらずLH HPSOV（CLOSED）【C1】/WRG FAULT。　FAULT CODE　36111103AM1でした。NOTE CLOSEしています。（5/23 ITM 服部）
⇒5/23 LH  HPSOV交換しました。明日LEAK CK お願いします。(ITM古賀)
⇒ENG RUNでのLEAK CK OK(ITM 相原)",金澤,1,Fleet,99999999,2018/03/29,15511462,2018/05/24
58376,ERJ190,JA247J,ITM,,,"From JAMIS",2,CLOSE,"21 ",02,P3,02,R3,,"""RH RAM AIR DOOR/ACT[C1]/WRG FAULT""(FAULT CODE:21255511AM1)",0,0,0,0,"ITM最終便で""PACK 2 FAIL""PACK2 OFF ""MSG APPEAR。QRHでPACK 2 SW RECYCLEでBACK TO NML。CMCは""RH RAM AIR DOOR/ACT[C1]/WRG FAULT""(FAULT CODE:21255511AM1)、過去歴2/3,3/20と同じ。RID OPE CKするとLHに比べRHの動きが遅い。
⇒ACT(P/N:MA23D1005)在庫なし。今後RAID SYSをDEACTIVEする可能性もあるので、PARTS ORDERは未実施。次SQ出たらORDER要検討。(LS 前甲)
⇒当初4月中にDEACTのCOAが出る予定でしたが5月にずれ込むようです。もしRID INOPでMELとなった場合技術部でDEACTのEVをSBを元に出してくれるそうです。(4/12 LS 上田)
⇒いまのところの計画では5/18日にDEACTIVEのCOAが出る予定です。(5/6LUT木戸)
⇒DEACTIVE完了 LS/KAWASAKI",永村,2,Field,99999999,2018/03/22,15511434,2018/05/23
56180,ERJ170,JA220J,AXT,,,"From JAMIS",2,CLOSE,"38 ",02,P3,02,R3,,"FWD DRAIN MAST",0,0,0,0,"JL2827にてCBN AFT FAP FAULT L'Tが点灯していたとCAPTよりINFOあり。
東京便HANDLINGの為SHIP SIDEに行くのが遅くなり、SHIP SIDEに着いた頃にはCOCKPIT DOOR CLOSE, BOARDING直前でした。
CMC等は確認できてませんが恐らくDRAIN MASTだと思うます。FWD, AFT MAST HEATING C'K OKの話はCAPT、CAに伝えてDEPしてます。
再度点灯するようであればCTSでINFOしてくださいと伝えています。よろしくお願いします。NO CBN MEMO.　
⇒AHEADでは""FWD DRAIN MAST/WWSC/WRG FAULT""3800221WWSをCRZで拾っていました。（LS小島）
⇒CMCもFWD DRAIN MASTでした。GND HEATING OKなので、NO ACTION(CTS/金坂)",鹿嶋,2,Field,99999999,2018/01/06,15511434,2018/05/23
56038,ERJ170,JA220J,"LS ",,,"From JAMIS",2,CLOSE,"38 ",02,P3,02,R3,,"FWD DRAIN MAST",0,0,0,0,"(FHDB) FWD DRAIN MAST/WWSC/WRG FAULT ""38000221WWS"" 12月入ってからたくさんSTORE。",林あ,1,Fleet,99999999,2018/01/02,15511434,2018/05/23
53652,ERJ190,JA247J,"LS ",,,"From JAMIS",2,CLOSE,"21 ",02,P3,01,R2,,"ADD HEAT VLV (PACK2)[C1]/WRG FAULTがSTOREされ始めました",0,0,0,0,"FHDB:一日に一回のペースでADD HEAT VLV (PACK2)[C1]/WRG FAULTがSTOREされ始めました。要MONITOR
⇒PARTSあり（VLV＆O-RING）　RHなのでかなりやりずらいと思います。L/S　川崎
⇒FHDB上、直近３か月で履歴なし。CLOSEします。(ITM 5/16 M-LUT木戸)",吉山,1,Fleet,99999999,2017/10/20,15509668,2018/05/16
58893,ERJ170,JA225J,KCZ,,,"From JAMIS",2,CLOSE,"36 ",02,P3,01,R2,,"BLEED 2 FAIL MSG APPEAR",0,0,0,1,"【2018.04.14】
昨日と同様、上昇中にBLEED 2 FAIL MSG APPEAR。その後CK LIST実施で、以降NMLとのINFOがありました。
CMCはR BLD SLAT SPLY TEMP(MISCOMP)(C1)&(C2)MEMORY。FAULT CODE 36146224AM1 & AM2です。
⇒JL3582では MSG 無しでした。(FUK 安達)
⇒過去からずっと続いているSQです。FIMでは最初にRH SLAT SPLY TEMP SNSR交換が呼ばれています。4/1にはRH FAN AIR VLV(CLOSED)も拾っていて、AHEADでもかなりの頻度で出ています。PARTS①TEMP SNSR:816656-3、②O-RING:69494J904、③FAN AIR VLV:1002166-6、④E-SEAL:AS1895-7-450全て在庫ありです。FAN AIR VLVの方が怪しい気がします。次回ITM STAY4/10で可能であれば作業検討お願いします。(LS梅本)
⇒他機SQのため、NO ACTION。(4/10林あ)
⇒PMでRH FAN AIR VLV交換しました。（4/14安藤）
⇒""R BLD SLAT SPLY TEMP(MISCOMP)(C1)&(C2)""と""RH FAN AIR VLV(CLOSED)/WRG""を拾ってBLEED 2 FAIL出ました。RESETでMSG CLEAR。(5/8 前甲)",奈良,2,Field,99999999,2018/04/08,15511430,2018/05/13
58647,ERJ170,JA222J,"LS ",,,"From JAMIS",2,CLOSE,"49 ",02,P3,01,R2,,"APU HIGH EGT",0,0,0,0,"(FHDB DATA)
APU HIGH EGT	49105425APUを多く拾い始めています。
EGTが高い情報あればJAMIS INPUTお願いします。
⇒3/30以降MSG STOREなし。CLOSEします。(5/13 LS林あ)",金澤,1,Fleet,99999999,2018/03/30,15511430,2018/05/13
56033,ERJ170,JA218J,"LS ",,,"From JAMIS",2,CLOSE,"38 ",02,P3,01,R2,,"FWD DRAIN MAST/WWSC/WRG FAULT ",0,0,0,0,"(FHDB) FWD DRAIN MAST/WWSC/WRG FAULT ""38000221WWS"" 増え続けてます。
⇒DRAIN MAST(P/N:19600-565、19000-195)在庫なし。(2/5)",林あ,1,Fleet,99999999,2018/01/02,15511430,2018/05/13
58887,ERJ170,JA217J,KMJ,,,"From JAMIS",2,CLOSE,"21 ",02,P3,01,R2,,"ENG REF ECS DISAG",0,0,0,0,"(GTB TC2:08)2382 DEPでENG STARTしたTIMINGで""ENG REF ECS DISAG""MSG APPEAR。FAULT CODE:73217702CMCを拾っていました。状況としてはPUSH BACK ENG START後に上記MSG APPEAR。PACK2が不作動の状態(PACK2 FCV NOT OPEN)で、SW RECYCLE、ECS SETし直すもSAME COND。為GTB。APU BLEEDに切り替えてからもPACK2回らず、PACK2 FCV TAPPINGしても変化ないため、PACK2 INOP & BOTH RAM AIR INLET DOOR INOPのMEL２件適用してDEPさせました。INOP PLACARD 2枚、CCB 2EA PULL OUTしています。BLEED PRESSは51psi、CROSS BLEED VLV OPE NORMALでした。AMOS:100413938,100413940

⇒上記MAINT MSG以外は何も拾っていません。2/18にJAMISありますがRH RAM AIR DOORのガタが大きめみたいです。
PARTS INFO①FCV:1001456-6、②PACK CONT SW単体:4800-701、③ACM:1001700-4在庫ありです。
RAM AIR DOOR関連PARTSはSB KITとしてありますが、AMOS上BLOCKされていて使えません。(LS 梅本)

⇒JUST INFO:JL2382 ARRでFCVのVLVの動き、DEACTIVATION時に使用するLOCKING SCREW(SERVO PRESS PLUG)のC'K実施。VLVの動きは新品と変わりなし。LOCKING SCREWが1/4回転緩んでいました。現状PACK OPE NMLですがSTILL C/Oです。LOG&SQ CARD転記済み(ITM石川義)
⇒STYにてQAR CARDを解析しました。FCV#2のTQ MOTOR OPEN CURRENTが変化なし。（OPEN SIGNALがFCVにOUTPUTされてないような感じです）
その他M/Mはまったく拾っておらずMSG APPR時にIN CONTROL CHも不明な為、今日はT/SでFCVとAMS MOTOR DIVE MOD(SLOT20)を交換しました。川崎",田中,2,Field,99999999,2018/04/08,15511430,2018/05/13
57373,ERJ170,JA212J,"LS ",,,"From JAMIS",2,CLOSE,"34 ",02,P3,01,R2,,"ANTENNA ELEVATION POSITION FAULT:34420130WXR ",0,0,0,0,"FHDB情報
(WX RDR SYS) ANTENNA ELEVATION POSITION FAULT:34420130WXR を1か月で4回ほどSTOREしてます。MONITORお願いします。
RTA P/N:7021450-801 在庫あり
⇒2/23,3/15,3/24,4/12でSTORE。様子見てます。(5/1林あ)
⇒[5/13 LS林あ] その後1か月STOREされていませんでした。TABで交換もされていません。一旦CLOSEします。",村上,1,Fleet,99999999,2018/02/14,15511430,2018/05/13
57896,ERJ190,JA242J,ITM,,,"From JAMIS",2,CLOSE,"27 ",02,P3,01,R2,,"FLT CONT NO DISPATCH",0,0,0,0,"【2018.03.05 ITM 三浦】
2377 DEP時BOTH ENG START後""FLT CONT NO DISPATCH""APPEARしました。詳細解らずGTB。MAINT MSG""LWR RUD PCU[MSV OP TEST""""27030567FCS""拾ってました。HYD P-BITでMSG DISAPPEARED。再度HYD P-BIT実施しFCND出ないことを確認。PUSH BACK前のHYD P-BIT実施していなかったので、暴風でRUDDERが振られていたせいかもしれません。
⇒STYで2度HYD P-BITしてみましたがOKでした。(ITM 廣中)
⇒11月と12月に同様の履歴有り。この時もHYD P-BITでOKになっています。LWR RUD PCUは就航から交換はされていません。(LS 前甲)",三浦A,2,Field,99999999,2018/03/05,15510180,2018/05/13
58868,ERJ190,JA248J,ITM,,,"From JAMIS",2,CLOSE,"52 ",02,P3,02,R3,,"RH MLG LWR DOOR SEAL CONDITION",0,0,0,0,"RH MLG LWR DOOR FRG SEALにDMGが発生する件で、午後からMNT STBY。JACK UPしてDOOR ADJUSTお願いします。明日もMNT STBYとなっています。
⇒4/7(S帯)
JACK UP後GEAR UPしてGEAR DOOR と SHIP SKINの隙間と段差を計測。
L/H GEAR DOORの段差と同じような方向へADJUSTを実施しました。(MLD LWR DOOR FWD ROD 1.5回転 RETACT、AFT ROD 0.5回転 EXTEND)
ADJUST後の計測ではL/H GEAR DOORと同じような値になっています。(AMM上のLIMITにはADJUSTの前も後も共に全て入っています)詳細な数字はSEに提出済み。
RH MLG DOOR SEALに関しては、交換不要と判断したので交換は見送ってます。
しばらくWATCHをお願いします。(ITM 角)",前甲,2,Field,99999999,2018/04/07,15511434,2018/05/11
58867,ERJ170,JA220J,ITM,,,"From JAMIS",2,CLOSE,"25 ",02,P3,02,R3,,"COPI SEAT BOTTM CUSHION",0,0,0,1,"【2018.04.07 ITM】
2236 ARRでCOPIからSEAT BOTTM CUSHIONがへたっているとINFOありました。現状OKとの事。入荷したら交換検討お願いします。P/N:180202-900-0(在庫無し)
⇒未入荷(5/5)。
⇒ORDERされてなかったので再度ORDERしました。PN:180202-900-0,緩急度""C""。入荷には結構かかるとの事。(ITM LUT 木戸)
⇒P/N:F0423907が在庫有です。(5/8 LS 前甲)
⇒交換しました。(5/8 長井)",安池,2,Field,99999999,2018/04/07,15511462,2018/05/08
56036,ERJ170,JA220J,"LS ",,,"From JAMIS",2,CLOSE,"34 ",02,P3,00,R1,,"MRC2 ADF FAULT",0,0,0,0,"(FHDB) MRC2 ADF FAULT ""34532006CLU"" 結構頻繁にSTOREしてます。耐検は秋くらい。
⇒明日からの長期で実施 LS KAWASAKI
⇒長期要目にて以下を実施。（鈴木Y）
1. #2 ADF MOD CONN & COAX PIN交換実施
2. #2 ADF MOD & ANT LINEの通CHECK OK
3. #1 ADF MODとSWAPし、OPE CHECK実施
4. SWAP BACK実施
5. FOUND #2 ADF ADF ANT NG SO CHGD IT THEN OPE CHECK OK ALSO NO MSG
⇒今のところ、TOVでもAHEADでも拾っていませんでした。(5/4 ITM木戸)",林あ,1,Fleet,99999999,2018/01/02,15509668,2018/05/04
58523,ERJ170,JA227J,"LS ",,,"From JAMIS",2,CLOSE,"23 ",02,P3,01,R2,,"ACARS NO COMM",0,0,0,0,"ACARS NO COMMここのところ毎日出ています。次回ITM ARRでACTIONお願いします。
COMM MOD P/N;7026201-803
⇒本日もちょこちょこ出るようです。（何もしてないのに2分くらいで良くなる）ON GNDでもMSG出ていましたが何もせずMSG消えてしまいました。状況WATCHお願いしています。(KIJ藤田)

⇒NEXT ITM O/N STYでのACTIONお願いします。
⇒T/SでCOMM 3交換しました。様子見てください。(4/5 ITM鈴木)
⇒その後NO INFO。OKとみなしCLOSEします。(4/14林あ)
⇒[ITM 03MAY2018 山本]CREW口頭でCRZ中時々、ACARS NO COMMになるとINFOあり。MODEの切替を飛行中行うとしばらくACTIVEになるもまたNO COMMに。STYでC'K OK。本日NO ACTION。",林あ,1,Fleet,99999999,2018/03/26,15511466,2018/05/03
58948,ERJ170,JA217J,ITM,,,"From JAMIS",2,CLOSE,"38 ",02,P3,02,R3,,"DETERIORATION - AFT LAV FAUCETのCAP",0,0,0,0,"【2018.04.10 ITM】AFT LAV FAUCETのCAPにある書いてあるHOT,COLDの矢印のHOT(赤)が消えかかってます。CAP単体の在庫はなし。時間ある時に修正、ASSY交換よろしくお願いします。FAUCET P/N:CDSP4104-5(在庫有り)
⇒ CAP単体 CODE-Cで部品チ－ムにREQしました。P/N;039-05-156-91(4/12 LS　上田)
⇒(4/21 LS林あ) 現在FWD FAUCETにSQあり、次回ITM STYでFWD FAUCET交換予定です。よって、現在FWDにINSTされているNG FAUCETのCAPをAFT側にINST願います。ORDERはキャンセルせずそのままにしてます。
⇒（4/22 花田）INSTしました。
⇒CAP入荷しました。在庫化だけしています。（5/3鈴木）",岸,2,Field,99999999,2018/04/10,15511421,2018/05/03
56709,ERJ170,JA216J,"LS ",,,"From JAMIS",2,CLOSE,"31 ",02,P3,00,R1,,"MFD1 POT FAULT:31611007DU2",0,0,0,0,"FHDB情報
MFD1 POT FAULT:31611007DU2　を1/8からSTOREし始めました。CREWからBLINKした等のINFOありましたら交換お願いします。
LIGHT CONT PNL:170-00676-407 在庫あり。
DU:7023460-803 在庫あり
⇒（5/2 LS林あ) 2/23、2/24、2/25、2/26、2/27、3/6、4/14にSTORE。それ以降STOREなし。
(2018/05/02 LS 塚越)
4/28に交換済み。",村上,1,Fleet,99999999,2018/01/22,15507080,2018/05/03
55341,ERJ190,JA249J,"LS ",,,"From JAMIS",2,CLOSE,"78 ",02,P3,01,R2,,"ENG2 LONG TIME DISP MSG ""LT T/R POSITION SENSOR DISAG[E2A]/[E2B] ",0,0,0,0,"昨日のENG2 LONG TIME DISP MSG ""LT T/R POSITION SENSOR DISAG[E2A]/[E2B] 73215227E2A/E2B""ですが、「The two TRAS LVDT signals are in range but differ by more than 3.75% stroke for 5.3 seconds or more.」というMSGです。STAYで、T/R STOWでのCMC SYS DIAG-ENG T/R STATUS PAGE上でLVDT POSI xx.x%の確認をお願いします。確認のみで構いません。FHDBでは、CRZ/APP PHで何度かSTOREされています。
⇒DATA取りました、FLEETに伝えてあります。(12/21 ITM 廣中)
⇒ACTUATOR-3 -0.75%、ACTUATOR-4 +2.88%。ADJできる機会を考えます。(12/21近藤)
⇒12/21 STYでFULL EXT時：ACT-3 100.69% , ACT-4 103.19%でした。FULL STOW時は上記の値と同じでした。ENG2右の上側(RH SFA)の値がずれているのでRIG必要です。(三浦ち)
3×3.0くらいですonda
⇒ENG2 T/REV FEED BACK ACT RIGGING。#2 ENGのREV FULL STOW時のLVDT POSIがO/Bのみずれている。（I/B:-0.75、O/B：+2.88）。FEED BACK ACTのSHAFT DISCONNして色々と実施しましたが、結果的には、REVのSTOW POSIはきちんと出ていて、#4のFEED BACK ACT LVDTのCALIBRATIONがずれていてADJ不可と判断しました。FEEDBACK ACT在庫無い為、PARTS RQSTしました。(1/19 下川)⇒まだ部品が手に入りません。(3/10近藤)
⇒3/29STYでも出てました。PARTS入荷後交換お願いします。（HND長岩）
⇒FEEDBACK ACT P/N:2U2203-4　OR　P/N:601C3101-007いずれも在庫なし。(3/３０阿部)
⇒4/20 STYでも1LEGのみ同様MSGあり。LONG TIME DISPATCH CLEARED。(4/20 ITM石川義)
⇒PARTS（P/N:2U2203-4）入荷。生産調整しています。(LS林あ)
⇒5/1 交換予定。(4/22 LS林あ)
⇒5/1交換完了。(5/1 LS林あ)",近藤,1,Fleet,99999999,2017/12/13,15511449,2018/05/01
58311,ERJ170,JA211J,"LS ",,,"From JAMIS",2,CLOSE,"33 ",02,P3,00,R1,,"LH MAIN NAV L'TがOUT",0,0,0,0,"LH MAIN NAV L'TがOUTでしたが、原因はWIRE CUT(2018/3/19)。ここのBULBは""LP64621""を使用中です(NAV L'T OUT防止トライアルのため)。
⇒4/9 FWD LT OUT。BULB交換するもSAMEのため、SOCKET交換してOK。現在付いているBULB、わからなくなりました。(LS林あ)
⇒(5/1 LS 塚越)一旦Closeします。",前甲,1,Fleet,99999999,2018/03/19,15507080,2018/05/01
58902,ERJ190,JA244J,NGS,,,"From JAMIS",2,CLOSE,"38 ",02,P3,01,R2,,"WATER FAULT L'T ",0,0,0,0,"WATER FAULT L'T が上昇中1回ついて、すぐ消えたとAFT CBN CREWより口頭でinfoがありました。
CMCではAFT　DRAINMAST/WWSC/WRGFAULT、CODE38000220WWSをモニターしてました。

現在はL'T　OFFでHEATINGもOKでした。

続くようでしたらCORRお願いします。
⇒DRAIN MAST:19000-195在庫有りです。(LS 梅本)
⇒2376/2377でCAさんからその後OKとのINFOありました。変わらずHEATING OKでCMCには何も拾ってないです。（鈴木J）",中村,2,Field,99999999,2018/04/08,15511430,2018/05/01
58318,ERJ190,JA244J,ITM,,,"From JAMIS",2,CLOSE,"49 ",02,P3,01,R2,,"MONITOR - FAULT CODE:49105425APU",0,0,0,0,"CREW INFO：APU EGT HIGH 以前にも乗られていたようで、ずっと続いてますね、とのことでした。
CMCにてFAULT CODE 49105425APU MEMORY、毎LEGのようにSTOREされています。HISTORYでは46回目でした。
この便間で、APU BLEED BOTH PACK ON の状態でAPU EGT 520℃、高めのようでした。。
FIM49-10-00-810-811-A00によると、最初はANTI-SURGE VALVEからのようです。
⇒ANTI SURGE VLVは3/1に交換されています。元々640℃位から交換後100℃以上下がってはいます。次はSINGLE PACK OPEで切り分けて悪い方のFCV交換でしょうか。FCV PN:1001456-6在庫あり（LS赤坂）
⇒本日STYでのPACK ONでのEGTは470℃。BOTH PACK OFFで342℃。PACKをそれぞれONにした時のEGT DIFFもありませんでした（PACK1 ONLY：405℃、PACK2 ONLY：402℃）。FIMで言っているPACK FCVの不具合はない感じです。本日のANTI-SURGE VLVの再交換は見送りました。（3/21 下川M）
⇒申し送りにあるAPU HIGH EGTの件2372/2407便間で拾っていました。BOTH PACK OKで490℃、BOTH PACK OFFで370℃位でした。FAULT CODE:49105425APUです。(04/07 安池)
3/1に取り付けたAPU ANTI-SURGE VLVは220Jで2017/09/18にAPU EGT HIGHのMMのT/Sで交換されたものでSHOP CK OKで出てきたPARTSでした。MMはAHEAD上4/7以降拾っていないようですが便間でのAPU EGT気にして下さい。BOTH PACK ONで600℃超えてるようだとAPU ANTI-SURGE VLVの交換を計画したいと思います。(4/12 LS 上田)
⇒4/7以降STOREなし。一旦CLOSEとします。(5/1 LS林あ)",竹中,2,Field,99999999,2018/03/19,15511430,2018/05/01
58713,ERJ170,JA211J,"LS ",,,"From JAMIS",2,CLOSE,"00 ",02,P3,01,R2,,耐検前のCK,0,0,0,0,"ITM STYにて耐検前のCKお願いします。耐検日4/25予定。
①ADFの受信CK
(毎日ADF関連M/MSG STOREしてます。要確認。)
②SCVのTQ CKとOPENING TIME CK
③FUEL SOV & HYD SOVのOPE CK
⇒全てOK。SCV BOTH 3秒、FEELING CK OKでした。(4/2 相原)
⇒耐空検査PASS。(4/27 LS 前甲)",林あ,1,Fleet,99999999,2018/04/01,15510180,2018/04/27
58931,ERJ170,JA220J,TKN,,,"From JAMIS",2,CLOSE,"21 ",02,P3,01,R2,,"[CREW INFO] T/O後、モーター音のようなうなり音",0,0,0,0,"
【2018.04.09 TKN】
[CREW INFO]T/Oして約10分～CRUISEまでの間で「モーター音のようなうなり音」がある。CLIMB PHASEのENG PWRが出ている時に感じられので、どっちかのエンジンかなと言われました。ENG PARAはNOTRMALで連動していない。COCKPITでは多少気になる程度の大きさ。CABIN CREWは感じ取れない程度。音は上記の間、出たり収まったりを繰り返していたとの事。様子見てもらっています。
⇒F3794ではOKとの事でしたがCREW曰く、4LEG中3LEG感じたそうです。ここでCREW CHANGEなので引き続きMONITOR依頼しました。
C/Aは再度注意深く聞いていたそうですがやはり感じなかったそうです。　　KOJ 加藤　",野田,2,Field,99999999,2018/04/09,15510180,2018/04/25
58569,ERJ170,JA220J,ITM,,,"From JAMIS",2,CLOSE,"21 ",02,P3,01,R2,,"”PRESN AUTO FAULT”MSG APPEAR",0,0,0,0,"[ITM 21APR2018 三浦A]
2392 CRZ中もMSG出てGNDでも出たままでした。SW MAN THEN AUTOで消えました。MAINT 　MSGは""CPCS/OUTFLOW VLV FAULT""""21311009CPC""です。O/F VLVはDEFFECTなし。CPCS 　　OPE TEST実施しOK確認しました。

2358 IZO-ITM FL200から降下開始直後”PRESN AUTO FAULT”MSG APPEAR。B/I後CMCではCPCS/OUTFLOW VLV FAULT（21311009CPC）を拾っていました。OUTFLOW VLV AREA COND CK OK、MODE SW RECYCLEでDISAPPEARしたのでこれでDEPしてもらいました。先月少し履歴はあるそうです。",小川,2,Field,99999999,2018/03/28,15511430,2018/04/22
58785,ERJ190,JA247J,ITM,,,"From JAMIS",2,CLOSE,"05 ",02,P3,01,R2,,異音,0,0,0,0,"CREW口頭でCKPTの中央下辺りからブーSOUND異音したそうです。N1:50辺りだそう。DECやTAXIなど。
FWD E-BAYとCKPT見える範囲で見ましたが以上なし。MONITORお願いします。",山下S,2,Field,99999999,2018/04/04,15511430,2018/04/22
58849,ERJ190,JA244J,ITM,,,"From JAMIS",2,CLOSE,"34 ",02,P3,01,R2,,"ALT DIFF INFO",0,0,0,0,"CREW口頭ALT DIFF INFO。
ALT 31000 FTでCOPI SIDEが100 FT程低かった。IESSとADS 3は確認できてないそうです。
地上ではADS 1,2,3,IESS共にALT DIFFなし。またINFOあれば情報収集お願いします。",南條,2,Field,99999999,2018/04/07,15511430,2018/04/22
58916,ERJ190,JA248J,ITM,,,"From JAMIS",2,CLOSE,"35 ",02,P3,01,R2,,"CREW O2 PRESS CYAN",0,0,0,0,"2124/2411便間で、CREW O2 PRESS CYAN（1650PSI）でした。　1910PSIまでCHARGEしましたが、昨日の昼間で1880PSIまでCHARGEしたみたいです。　LEAKの可能性ありです。便間ATTEND行かれる方 注意願います。
⇒2411/2412 1920PSI＠KOJ ( KOJ田村S )
⇒JL2412/2419 1910PSI。引き続きF3/F1 C'KでのMONITORお願いします。（ITM 後藤）
⇒2419/STY 1890PSI ( KOJ田村S )",吉田と,2,Field,99999999,2018/04/09,15511430,2018/04/22
58900,ERJ170,JA217J,HNA,,,"From JAMIS、音",2,CLOSE,"05 ",02,P3,01,R2,,異音,0,0,0,0,"JL2183/2184にてBoo SOUND INFO有り。
TAKE OFFして3分経過後、L1 CA SEAT下辺りからBoo SOUND発生。足で振動を感じたとの事。発生から3分後に弱くなりながら消えたそうです。その際、COCKPITでは異音・振動共に感じなかったとの事。引き続き、MONITOR依頼しています。

⇒上記路線便、CKPT OBSVしていました。確かに2183便ではCKPTでは気になりませんでした。
帰りの2184便では、私が聞こえていたときとCAさんが聞こえていたときが合致していたので纏めて書きます。
①CLIMB中6500ft210ktあたりからブー音、うなり音のようなボー音が聞こえた。
CBNでは床に振動、音は3列目まで聞こえた。CKPTでは振動無し。CKPT CREWは気にならなかった模様。
その後3分程度すると音が小さくなり弱くなって、聞こえなくなった。
②DECENT中9800ft245ktで再度音が聞こえた。10秒程度で止まった。

いずれもCKPTでは音が反響してLH/RH AREAどちらでも聞こえるようでした。また、機内のなにかのCOMPONENTからではないと思いました。あるとすればDUCTくらい。
そして、機体の揺れに伴って、音も揺れる感じに聞こえました。姿勢変化はしていないので、確実ではありませんが。
機体の外周りを徹底的に見てみても良いかもしれません。(ITM林あ)",角田,2,Field,99999999,2018/04/08,15511430,2018/04/21
58304,ERJ170,JA217J,MYJ,,,"From JAMIS、音",2,CLOSE,"05 ",02,P3,01,R2,,異音,0,0,0,0,"以前から続くBOON音はJL3591でも出ているそうです。210kt以上で音がする、でもFANかどうかはわからないということです。

⇒3565 INF:COCKPITではAIR SPDの増加に伴い高周波SOUNDになるとのことでした。OBS SEATに着席されたF/OさんによるとSHIP LH SIDEで真横からCABIN SIDEにかけて（つまり後方）聞こえたそうです。また、FWD CAさんは着席時T/O後1分後からSHIP LHから音と足元にビリビリ振動を感じたそうです。SHIP LH 前方COND CKD OK、様子を見ていただいておりますが、F/OさんがDATAを取ってくれています。どちらかのSTAでお願いされたもののようですから、対応お願いします。(TKS加藤）
⇒JL3607 ARRではCPT CREWは特にSTRANGE SOUMDはなかったようです。CAさんは上記同様に足元の振動を感じたようですが、特に問題ないとINFOありました。また、FOさんもDATAは取られていませんでした。引き続きモニターをお願いしました(MYJ八尋)",中村,2,Field,99999999,2018/03/18,15511430,2018/04/21
58565,ERJ170,JA217J,MYJ,,,"From JAMIS、音",2,CLOSE,"05 ",02,P3,01,R2,,異音,0,0,0,0,"CREW INFO:200KT以上.5000FT以上でCOCKPIT FWD LOWER(FWD E BAY)よりFANが詰まったような大きなブオ～ン音が鳴り続けるとの事です。FWD CABINでも聞こえたとの事です。FWD E BAY内異常は見つけられませんでした。CAPTに、明日COCKPIT オブザーブをリクエストされましたのでご対応よろしくお願いします。次便もMONITORすると言っていましたのでインタビューお願いします。

⇒F3608でNOTE UPされました。EBAY DOOR,EBAY AREA,NOSE GEAR DOOR.NOSE GEAR WELL,FUSE NOSE AREA,L1 & R1 DOOR COND CK でした。
FLT中200KT以上で音がするとの事。このSHIP L/H DV WINDOW AFTにPATCH当たってます。EBAY COMPT DOORにもPATCH当たってます。これが原因かも？(FUK 谷邨）",神谷,2,Field,99999999,2018/03/28,15511430,2018/04/21
58595,ERJ170,JA217J,FUK,,,"From JAMIS、音",2,CLOSE,"05 ",02,P3,01,R2,,異音,0,0,0,0,"昨日最終便でCAB MEMOにあがっていましたが、CAB FWD SECTION (G1 GLY～S/N 6辺り)でT/O後約1分後から若干の振動が感じられるとの事です。COCKPITでの振動との関連があるかもしれませんが発生時期がことなるのでINFOしておきます。振動はLDGまでずっと同じ感じであるとのことでした。こちらもCAにMONITOR依頼しています。

⇒JL3567 CA INF:6HK FLOOR(DADO PNL付近）よりCLMB、CRZで”シュー”音あり。
　SQなのか微妙だったので、引き続き様子見てもらっています。
⇒F3568ではシュー音無しでした。(FUK 安達)
⇒3642/STAY では音ありでした(FUK 水野)
⇒3602/3607 FLT 4100FT　FLAP0～1 UNITでFANのような音がしたそうです
  CREW CHGのためMONIOTRを依頼しています (FUK 前田)",秋山,2,Field,99999999,2018/03/29,15511430,2018/04/21
58605,ERJ170,JA217J,KMI,,,"From JAMIS、音",2,CLOSE,"05 ",02,P3,01,R2,,異音,0,0,0,0,"本日も異音あるそうです。200KT以上で鳴り始め240KTで大きくなるそうです。
⇒FWD E-BAY,NOSE AREA,CABIN DOOR AREA COND C'K OK,
MAN WATER DRAIN VLV RESET, ENG FAN BLADE SHAKINGで様子を見てもらっています。
⇒F3622でも同様のINFOでした。FLAP/SLATに関係なく、200KTから鳴り始めるそうです。エアコンの室外機のうなり音に似たようなブーン音でLEAK音のような感じでは無いようです。SPEEDを落としてくる時も200KTまででその後は感じなくなるそうです。引き続きMONITORお願いしています。
（FUK 秋山）
⇒JL3567についても状況は同じ、CAPTはLH LWRから聞こえるので、NOSE GEAR DOORのPLAYじゃないかと言ってましたが、GNDにおいては特に異常は感じませんでした。（GEAR RETだとわかりませんが）(TKS加藤正）
⇒3642/STAY でも同様でした CAP 曰く明らかに風切り音だったそうです。(FUK 水野)",中重,2,Field,99999999,2018/03/29,15511430,2018/04/21
58656,ERJ170,JA217J,ASJ,,,"From JAMIS、音",2,CLOSE,"05 ",02,P3,01,R2,,異音,0,0,0,0,"CBN INFO: T/Oから10分間とLDG 前の20分間　S/N 1～6でブーンといううなり音（MOTOR音）がする。
COCKPITでは感じられなかったとのこと。ENG VIB はNO.1がNO.2に比べ常に1 UNIT高いとのINFO
FWD FUS AREA COND C'K OK. ENG INTAKE & EXTHUST COND C'K OK. FAN BLADE SHAKING し様子を見てもらっています。
⇒F3727 も同様。特にS/N 4～7 辺りが音が大きい。CAPTは""L/H LOWER 辺りから聞こえる""と言ってました。
　引き続き様子を見てもらってます。（ASJ 西谷）
⇒F3795以降のCREWは特に感じなかったとの事でした。(KOJ 新垣)",西谷,2,Field,99999999,2018/03/30,15511430,2018/04/21
58735,ERJ170,JA217J,HNA,,,"From JAMIS、音",2,CLOSE,"05 ",02,P3,01,R2,,異音,0,0,0,0,"JL2831 HNA ARVでCABIN COCKPIT双方から異音の件なんだけどね～とINFO　今日はT/O後5分くらい振動と音が有ったそうですが、このまま様子見ながら行きますとDEPしました。
⇒JL2821 AXT ARR時もやはり続いているようです。CABIN FLOORにも振動が伝わってくるとの話でした。（AXT佐々木）
⇒JL2832ではCBNのみ離陸後5分・降下開始から10分振動を感じるとの事でした。(CTS 滝)
⇒JL2876でもCOCKPITでは200KT辺りから音が出て250KT辺りまで。SPDが速くなると音も変わるそうです。CBNではT/O後3分程して下から音がするとのこと。L/D10分前位からまた音が聞こえるそうです。引き続きMONITORお願いしました。（KIJ岩井）
⇒F2910/STAY :  NO INFO(SDJ平野)",関,2,Field,99999999,2018/04/02,15511430,2018/04/21
58865,ERJ170,JA217J,ITM,,,"From JAMIS、音",2,CLOSE,"05 ",02,P3,01,R2,,異音,0,0,0,0,"CREW INFO ： 続いているBoo soundの件,前半CREWは低高度の時のみ聞こえ、CAは分からないとの事でした。
具体的にどの辺りから発生しているか分からないそうです。引き続きMONITORお願いします。
⇒2364/2389 Boo sound無しでした。（樋口）
⇒STY INFO:後半はたまにBoo SOUNDあったそうです。今日のCREWは、⊿P:3.0位のCLM、DESENT(ALT:FL100～200)で出る気がする。SPDは関係していないと思うとの事。CBNはよく判らなかったそうです。本日はNOSE AREA GVI OKで終了しています。
明日TAB CK(2183/2184)でMNTが乗るのでOBSV宜しくお願いします。ITM 横山",後藤,2,Field,99999999,2018/04/07,15511430,2018/04/21
57398,ERJ170,JA217J,KMI,,,"From JAMIS、音",2,CLOSE,"05 ",02,P3,02,R3,,異音,0,0,0,0,"3635 CREW INFO:10000ft以上に上昇するとCOCKPIT全体からブ－ンという、うなり音のような異音が発生するとの事。COCKPITのどの辺から発生しているかはよく分からないそうです。NOSE AREA GEN COND CK OK。CREW CHGによりMONITORお願いしています。
⇒F3642のCAPTからのINFOでは、やはり音がするそうです。GENE COND CKはOKでした。FOLLOW願います。（FUK 谷邨）
⇒16日、本日後半のCREWのうち、COPIは気にならない。CAPTは少し聞こえる程度でした。発生状況的には上記と同じで10000ft超えてきたら発生し始めるとの事。CBN CAさんは気にならないとの事。(ITM木戸)",奥村,2,Field,99999999,2018/02/15,15511430,2018/04/21
58936,ERJ170,JA213J,CTS,,,"From JAMIS",2,CLOSE,"24 ",02,P3,00,R1,,"""RAT FAIL""CAUTION MSG ",0,0,0,1,"朝の立上げでR MAIN TANK QTY IND ダッシュ表示。
CMCにFCU PROCESSOR FAULT(F/CODE 28411011PF1)、他TK UNITを多数拾っていました。
SHIP ALL PWR RESETでOKになりましたが、今度は""RAT FAIL""CAUTION MSG APRD(F/CODE 24230007EP1)。
FIMに従い、ALL PWR RESET,GEN I/O 2A RESET TEST,RLC TAPPING等実施しましたがSAME。LONG PWR OFF後RAT GCU CONNECOTOR CLEANしてPWR INでOKになりました。よってP/MにてRAT GCU交換実施。AMOS:100414305
⇒ITM STYでP/MにてRLCの交換検討お願いします。(LS金澤)",奥田,2,Field,99999999,2018/04/10,15511430,2018/04/21
58959,ERJ190,JA242J,ITM,001,MEL,"From JAMIS",2,CLOSE,"24 ",02,P3,00,R1,,"S/N 33,34HKのAC OUTLET INOP",0,0,0,0,"S/N 33,34HKのAC OUTLET INOPでした。MASTER SW RESET及び横のSEATのAC OUTLETとSWAPしてみましたがSAMEの為MEL適用しました。
WDM上この2つのSEATは同じISPCからPWRをもらっているのでISPCを疑ってもいいと思います。
ただし該当ISPC（P/N:Z285H0122110)はPARTSなしです。（W/O100414155)
⇒一番最後列のPAX SEAT（33,34HK）AC OUTLETのC/Oですが、ISPC交換実施。C/O CLOSEしました。ちなみに、ここのISPCはDADO PNL内ではなく、SIDE WALL内にありました。交換は少し時間がかかります。（ITM 4/14 佐藤TO）",遠藤,2,Field,99999999,2018/04/10,15508513,2018/04/16
58953,ERJ190,JA246J,ITM,,,"From JAMIS",2,CLOSE,"32 ",02,P3,00,R1,,"勝手にAUTO BRAKE SELがOFFになる。",0,0,0,0,"AUTO BRK SELECTORがよく勝手にOFFに戻るとの事。　EICAS MSGも無し。　M.MSGもありません。　SELECTORのSOLENOIDがイマイチかもしれません。 続くようなら交換検討願います。　AUTO BRK SEL P/N:170-11177-401 在庫有り
⇒4/14も1LEGのみAUTOでOFFに戻って”AUTOBRAKE FAIL”(C)MSG APPEARしたそうです。その後はすぐNMLに戻って、以降は出なかったそうです。P/MでAUTO BRAKE SELECTOR交換しました。OPE C`K OK。様子見てください。(ITM 2018/04/14 三浦ち)
⇒4/15 最終便CREWは一度もはずれなかったとのことでした。(ITM 2018/04/15 西村)",吉田と,2,Field,99999999,2018/04/10,15511430,2018/04/15
58905,ERJ170,JA213J,"LS ",,,"From JAMIS",2,CLOSE,"21 ",02,P3,00,R1,,"CBN 10列目、天井付近からぴー音きーん音",0,0,0,1,"CBN 10列目、天井付近からぴー音きーん音。
続いています。2/9、3/26、4/3、4/8。DESCENT開始辺りで鳴っていた模様。まだNO ACTIONです。
INFO続けば、ADF ANTとGPS ANTのRE-SEALからでしょうか。
⇒GPS ANTとADF ANTのRE-SEAL実施。（4/15 三浦A)",林あ,1,Fleet,99999999,2018/04/09,15511430,2018/04/15
94999,ERJ190,JA241J,ITM,"   ",,"FROM JAMIS",2,CLOSE,"25 ",01,P2,00,R1,,"SEAT 4 HK カクテルテーブルが固い件",0,0,0,0,"テーブルばらしてみましたが飲み物の汚れなり色々で固くなる時がある感じでしたのでCLEANINGしてOKにしました。WDでLUBするとはじめはOKですが、汚れをためていずれ固くなるのでITMでINFOがあった場合ばらしてCLEANINGするといいかもしれません。2×0.3くらいです。",,2,Field,15511444,2018/04/14,15511444,2018/04/14
56481,ERJ190,JA249J,ITM,,,"From JAMIS",2,CLOSE,"34 ",02,P3,01,R2,,GPS1が受信できない,0,0,0,0,"2179 DEP時、DOOR CLOSE後にGPS1が受信できないと呼び出しあり。DOOR RE-OPENしMCDU確認した所、GPS1が受信しているSATELLITE数がゼロ、STATUSが何も表示されていない状態でした。CMCでのGPS1 RESET TESTしてOKになりました。CMC MSGは""MAU1 GPS1[EGPWS]/WRG FAULT""[FAULT CODE:34410032EG1]。
⇒JL2179ではNMLでした（AXT山崎）
⇒その後STAYまでNMLでしたが、MELのM/Pを鑑みてPRECAUTIONで#1と#2 GPS MOD SWAPしました。SWAP後もBOTH 10EAずつ受信。様子見てください。
GPS MOD:245-604067-001/1EAあり 
GPS ANT:S67-1575-132/2EAあり
GPS ANT GASCKET:AG477000-17/1EAあり（安藤）
⇒SWAP後もCMC MSGはGPS1で拾っています。(1/19 前甲)
⇒2月入ってからは1度のみ。(2/19林あ)
⇒STYまでのINFO(4/14鈴木J)",三浦A,2,Field,99999999,2018/01/15,15511444,2018/04/14
94998,ERJ190,JA249J,ITM,"   ",,"FROM JAMIS",2,CLOSE,"05 ",00,P1,00,R1,,"C/O SQ HARD LDG INSP",0,0,0,0,"C/O されていたQAR DATA ANALYSIS結果OKのためPHASE Ⅱ INSPは不要の為SQ CLSDしました。",,2,Field,15511444,2018/04/14,15511444,2018/04/14
57529,ERJ190,JA250J,ITM,,,"From JAMIS",2,CLOSE,"36 ",02,P3,01,R2,,"BLEED 1 FAIL (LH NACELLE PRSOV (CLOSED) [C1] 36111200AM1)",0,0,0,0,"2900/CTS DEPでBLEED 1 FAILがAPPEAR。
AHEAD見ると、LIFT OFF前にINHIBで出ているのでT/O PWR出した辺りにTRIGGERし、CLIMB中に消えています。LH NACELLE PRSOV (CLOSED) [C1] 36111200AM1をSTORED。
SDJ ARRで確認予定です。過去歴無しです。
⇒IN FLTにてRECYCLE THEN BACK TO NML。　MSG APPEAR時、BLEED PRESS 4 PSI。
TM I-BIT BOTH CH PASS。OK FOR SVCとしてます。（伊藤礼二＠SDJ）
⇒ITM ARRVではNMLでした。TIME ORDERED VIEW確認したがMAINT MSGやMSG出たタイミングは上記の通りです。引き続きMONITOR依頼しています。(石川義)
⇒QAR & FHDB DOWNLOADしました。（相原） NAPRSOVが怪しいです。VLVは在庫あり。LS　川崎
⇒36111200AM1のMMSGをAHEADで1か月分確認しましたが、このFLTでのみSTOREされていました。様子見でお願いします（2/20村上）
⇒2/13-4/14までSTOREなし。CLOSEとします。(4/14林あ)",林あ,2,Field,99999999,2018/02/19,15511430,2018/04/14
53512,ERJ170,JA213J,ITM,,,"From JAMIS",2,CLOSE,"21 ",02,P3,01,R2,,"PACK2 ADD HEAT VLV",0,0,0,0,"(FHDB)MNT MSG拾っていたPACK2 ADD HEAT VLV交換しました。
⇒しばらく経過をMONITORします。(LS近藤)
⇒10/23,10/24だけ少し拾ってました。(11/15林あ)
⇒11/23にも拾ってました（12/5村上）
⇒12/11,12/12,12/14STORE。(12/28林あ)
⇒今もずっと拾っています。（1/22村うえ）
⇒VLV CHGしました。OPE CK OKです。暫く様子を見てください。(3/22 ITM 三上)
⇒その後STOREなし。交換ありがとうございます。(4/14林あ)",田村A,2,Field,99999999,2017/10/16,15511430,2018/04/14
50826,ERJ170,JA218J,"LS ",,,"From JAMIS",2,CLOSE,"21 ",02,P3,00,R1,,"AMS S/W BLACK LABEL 15.0",0,0,0,0,"AMS S/W BLACK LABEL 15.0の件。
218J、221J、223J、224J以降が現在15.0のようです。BLACK LABEL 15.0での改良点は以下の通り。
①EICAS MSG PACK 1 OFF DURING FIRST ENG START.
②EICAS MSG RAM AIR FAULT DURING PWR-UP.
③SPURIOUS EICAS MSG PACK 2 OFF DURING ENG START.
④A-I LO CAPACITY ? EICAS MSG DURING T/O,CLB.⇒前便APPでA/I ACTIVEされるとN1が足らずA-I LO CAPACITY MSGが出るが200ftAGLでINHIBITされるためSYS MEMORYされ次便のT/OorCLB中にMSG APPEARさせる可能性があった。",林あ,1,Fleet,99999999,2017/07/11,15511430,2018/04/14
57381,ERJ170,JA213J,"LS ",,,"From JAMIS",2,CLOSE,"49 ",02,P3,01,R2,,"MONITOR-APU FMU (FSPEED FB OVER) DEGRADED,49325721APU",0,0,0,0,"FHDB情報
APU FMU (FSPEED FB OVER) DEGRADED,49325721APU
を1か月で10回ぐらい拾っています。MONITORお願いします。
FUEL MODULE P/N:4505008,ESC P/N:4508022 在庫あり
⇒AHEADでは2/27を最後に拾っていないようです。(4/12LS上田)",村上,1,Fleet,99999999,2018/02/14,15511430,2018/04/14
58487,ERJ170,JA227J,ITM,,,"From JAMIS",2,CLOSE,"52 ",02,P3,01,R2,,"CBN ACCからのCMDが受け付けず",0,0,0,0,"朝一FD DOORのCBN ACCからのCMDが受け付けず。
CBN CONT PNL CONN RE-CONNでBACK TO NORM.
⇒3/20にPNL交換したばかりです。MONITORお願いします。本日も発生。(3/26林あ)",恩田,2,Field,99999999,2018/03/25,15510180,2018/04/14
58853,ERJ190,JA241J,ITM,,,"From JAMIS",2,CLOSE,"29 ",02,P3,01,R2,,"#1 HYD SYS ACUUM PRESS",0,0,0,1,"ALL HYD QTY LOW INDで#1 & #3 SYS HYD ACUUM PRESS LOWでN2 SVCしています。MONITOR願います。
⇒TEMP 13℃、LIMIT:900～1251PSI(11～21℃)の状態で、
#3 ACUUM 1100PSIでOK。
#1 ACUMM 600PSIでLIMIT OUTの為、残圧を抜いてみたがHYD LEAK無し。TAPPINGしながらRECHARGE実施(1250PSI)。
RESERVOIR AIR BLEEDで、HYD Qty 2% DROP。PRESS UP後、DUMPして1250PSIを確認。
再度、MONITORお願いします。（4/9 後藤)
⇒#1 SYS ACUUM PRESS 900psi /// LIMIT 900~1250psi,TEMP16℃
※LIMIT INなのでこれ以上のCORR'はひとまず止めました。(4/11望月@ITM) 
⇒4/12　N/STYで再度DUMPして確認したところ、200PSI付近まで下がっていました。LEAKＣＫ実施し、PRESS GAUGEからLEAKを発見。交換してNO LEAK確認してます。1150PSI ＠ 16℃までSVCしてます。申し送りはOPENのままとしています。しばらくmonitor願います。(4/12阿部)
⇒1150PSI@15℃ KEEP　＆ LEAK C'K OKでした。（4/13鈴木J）",上田,2,Field,99999999,2018/04/07,15510180,2018/04/14
58940,ERJ170,JA220J,FUK,,,"From JAMIS",2,CLOSE,"25 ",02,P3,02,R3,,"CAP SEAT後ろのFLOOR PNLの角の表面が一部めくれ",0,0,0,0,"JL3626/3595 CAP SEAT後ろのFLOOR PNLの角の表面が一部めくれ上がっていました。両面テープ貼っています。
また剥がれるかもしれないので様子見お願いします。（FUK佐藤）

FLOOR PNL P/N:170-08788-005 ITM在庫あり",佐藤,2,Field,99999999,2018/04/10,15511430,2018/04/14
94956,ERJ190,JA241J,ITM,"   ",,"FROM JAMIS",2,CLOSE,"29 ",01,P2,01,R2,,"＃1 HYD SYS ACCUM PRESS",0,0,0,0,"昨日交換して頂いたPRESS GAUGEですが、1150PSI@15℃でKEEP &NO-LEAKでした。",,2,Field,15511444,2018/04/13,15511444,2018/04/13
94950,ERJ190,JA251J,HND,"   ",,"From JAMIS",2,CLOSE,"05 ",02,P3,01,R2,100415440,"TOW FWD中TRACTORのMIRRORが破損",0,0,0,0,"SPOT24 PUSH BACKからのTOW FWD中、SHIP前方からガラスが割れるような音がしたと同時にTRACTORは減速、見るとNOSE TIRE前方地面にガラスの破片が飛散していた。SHIP停止後、確認するとTRACTOR左MIRRORの構造材角が捲れるように曲がり、ガラスはそこから落ちたものであった。CABの現場検証のため一時保存待機。検証後は詳細確認のため再SPOT IN。RADOME / FUSEにDAMAGEがない事を確認し再DEPしました。因みにCREWは音も衝撃も感じなかったとのことです。
原因は今後の検証で明らかになると思います。",,2,Field,15506619,2018/04/13,15506619,2018/04/13
58898,ERJ190,JA250J,ITM,,,"From JAMIS",2,CLOSE,"11 ",02,P3,02,R3,,"GUIDANCE PNLに貼られているはずのNAV SW近傍のGREEN SEAL",0,0,0,1,"就航前改修でGUIDANCE PNLに貼られているはずのNAV SW近傍のGREEN SEALが剥がれていましたので、貼り付けお願いします。P/N:1JA0681-3。関連COAを250Jメールラックに入れておきます。
⇒貼ってありました。CLOSEとします。(4/13林あ)",西村,2,Field,99999999,2018/04/08,15511430,2018/04/13
58932,ERJ170,JA214J,"LS ",,,"From JAMIS",2,CLOSE,"21 ",02,P3,01,R2,,"MONITOR-BYPASS VLV (CLSD)(PK2)[C1,C2]/WRG  FAULT CODE:21516300AM1,2",0,0,0,0,"FHDB情報
BYPASS VLV (CLSD)(PK2)[C1,C2]/WRG  FAULT CODE:21516300AM1,2
上記MSGを毎日拾っています。CBN TEMPが下がりにくい等のINFOありましたらBYPASS VLVの交換検討お願いします。
PACK BYPASS VLV P/N:820914-7 在庫あり
⇒本日STYはNO INFO,MNT MSGもありませんでした。(04/09 安田)
⇒AHEAD上4/3を最後に拾っていないようです。 (4/12 LS 上田)
⇒4/3にEVにてVLV交換済です。STATUS CLSにします。（4/13 ITM吉田と)",村上,1,Fleet,99999999,2018/04/09,15505934,2018/04/13
58205,ERJ190,JA243J,ITM,,,"From JAMIS",2,CLOSE,"49 ",02,P3,02,R3,,"MONITOR-APU EGT HIGH",0,0,0,0,"#2ENG START時 N1 ROTATIONしたら すぐにSTOPし、また直ぐに回り始めた。　STABIRIZE後COCKPITからCONTACT有り、START中APU EGTが瞬間AMBERになりすぐにRECOVERしたとの事でした。　現在NORM EGTのためそのまま行って貰いました。
FCVが閉まる前にSCVがOPENして一瞬OVERLOADになったのではと思います。　APU HI EGTは3/10にも拾ってました。　WATCH願います。
⇒F2203/2204 NOTE LOG UP。CMC SHOWED ""APU HIGH EGT"" 49105425APU。NEXT ENG1 START OKということで、OK FOR SVCとしています。DEP時はNO INFO。(SDJ 平野）
⇒2204/2057 DEP NMLでした。便間でのAPU EGTは498℃(OAT21℃)とほんのりと高い位でした。（ITM赤坂）
⇒ANTI SURGE VLV在庫あり。LS川﨑
⇒STYでは特に問題なし。M/H TIGHTの為 ANTI SURGE VLVの交換は見送りました。（ITM 塚越）
⇒AHEAD上では4/9を最後に拾っていないようですが便間時APU EGT気にして下さい。BOTH PACK ONで600℃超えてると1ST ENG START時にN2一旦下がるようです。 (4/12 LS 上田)",吉田と,2,Field,99999999,2018/03/15,15511436,2018/04/12
58648,ERJ190,JA243J,"LS ",,,"From JAMIS",2,CLOSE,"49 ",02,P3,02,R3,,"MONITOR-APU HIGH EGT	49105425APU",0,0,0,1,"(FHDB DATA)
APU HIGH EGT	49105425APU拾い始めています。
情報あればJAMIS INPUTお願いします。
⇒ITM STAYでDATAだけ取りました。START EGT PEAK:462℃。BLEED OFF:336℃。BOTH PACK ON:464℃。
NEXT ACTIONはFIMにでてくるANTI SURGE VLVのFUNC TESTからでしょうか。(ITM木戸)
⇒AHEAD上では4/9を最後に拾っていないようですが4/12もEGT HIGHのINFOありますのでP/M 計画します。 (4/12 LS 上田)
⇒ANTI SURGE VLV交換しました（4/12 ITM 服部）",金澤,1,Fleet,99999999,2018/03/30,15511436,2018/04/12
58937,ERJ170,JA212J,ASJ,,,"From JAMIS",2,CLOSE,"21 ",01,P2,00,R1,,"MEL PACK 1 FAIL",0,0,0,1,"GTB: PACK 1 FAIL MSG APPEARED。 PACK 1,BLEED 1 OFF,X-BLEED SW CLOSE 後しばらく待ってON にしたが 1MINほどで再度MSG APPEARED。PACK FAIL する時に COCKPIT に HOT AIR が流れてきた。
GTB 後 APU BLLED AIR にてOPE したが、1MIN ぐらいで FAIL した。
CMC C'K にて AIR CYCLE MACHINE (PACK 1)[C2] M.M.21515700AM2 MEMORY。 MEL 適用し DEP しました。W/O: 100414352
⇒昨日のSQ再発です。
ACTUAL ACM NGの可能性が高そうです。ACM交換の関連PARTS、在庫有。
ITM STYにて交換お願いします。MANUAL CRANKING及びEXからAIR出てくるかどうかのCK未です。(LS林あ)
⇒ACM交換してCK OKでした。MEL CLOSEです。（遠藤）
⇒ACMは完全にSTUCKしていたそうです。(4/12近藤)",西谷,2,Field,99999999,2018/04/10,15507338,2018/04/12
58497,ERJ170,JA215J,FUK,,,"From JAMIS",2,CLOSE,"27 ",01,P2,01,R2,,"FLAP LO RATE",0,0,0,0,"2053/3523 昨日同様　""FLAP LO RATE"" がDECENT中APPEAR。　”L OUTBD FLAP SKEW SNSR T3/WRG FAULT"" 27532019ACE をはじめ、関連ACE MSGが3EA出ていました。詳細はAMOS 100409680を参照してください。 FLAP ACE 1 CLEAR INHIBIT&FLAP OPE CK OKでMSGは消えています。(3/25FUK林田)
⇒JL3523(FUK→HNA) T/O 30分後にLVRを全く操作していない状態で突然APPEARしたそうです。L OUTBD FLAP SKEW SNSR:27532019ACE及びSFCL/FLAP PSU FAULT:27530001ACEをMEMORY。CLEAR INHIBIT実施後MSG DISAPP、FLAP OPE C'KED OKでDEPしてもらいました。(HNA武藤)
⇒F3526でもT/O 25分後再度APPEAR.CLEAR INHIBIT & OPE C'K OK. CMC FAULT MMは同様です。（FUK 進）
⇒JL2058でもDESCENT中にFLAP LO RATE MSGが出ました。M/Mは過去のものと同じでした。本日はT3,T4 SNSRから#1SFACEまでのWIRING C'Kを実施しOKだったので、#1 SFACEを交換しました。ELEC RIGとOPE C'K OKです。(安井)
⇒T4 SNSRもPMで交換してもらおうかと思いましたがNEWのSNSRの抵抗を測ったところ、他のSNSRと比べ値が大きく違っていたので交換しませんでした。NEW SNSRはQ-PARTSという事でUNSERにしています。SNSR在庫無し。（LS村上）
⇒3/25のFLAP SKEW SNSR SQに対して、CSNより情報を頂けました。「S/N 5000 and greater のシリアルでは内部のWire SizeやWindingが変更されているため、抵抗値が異なっており、こちらで測定した箇所はExpected Rangeの値である」との事です。正常値のスペックはVENDERより手に入れる事ができない状況ですが、抵抗値が異なる点について情報共有とします。(4/12近藤)
",,2,Field,99999999,2018/03/25,15507338,2018/04/12
58873,ERJ190,JA245J,ITM,,,"From JAMIS",2,CLOSE,"49 ",02,P3,00,R1,,"APU EGT HIGH",0,0,0,1,"1ST ENG STARTでN2 ROTATION後　一旦N2落ちて回転が上がるそうです。ENG関係のMMはなし、 BOTH PACKでAPU EGT 600℃なのでAPU EGTが影響してると思われますのでITM STAYでAPU ANTI-SURGE VLVの交換を検討願います。",上田,2,Field,99999999,2018/04/08,15506983,2018/04/12
58879,ERJ190,JA245J,"LS ",,,"From JAMIS",2,CLOSE,"49 ",02,P3,00,R1,,"APU EGT HIGH　",0,0,0,0,"SAMETIMES APU EGT HIGH　REPORT有り。次回ITM STYでANTI SURGE VLV交換検討。
⇒交換しました。(4/11 ITM 服部)",川﨑,1,Fleet,99999999,2018/04/08,15506983,2018/04/12
56710,ERJ190,JA244J,ITM,,,"From JAMIS",2,CLOSE,"38 ",02,P3,00,R1,,"MONITOR-38000220WWS/38000221WWS",0,0,0,0,"INFO: FWDとAFTのDRAIN MASTのMAINT MSGをほぼ毎LEG拾っています。どちらかというとFWDの方が多い。38000220WWS/38000221WWS.両方交換履歴無し。要WATCH. DRAIN MAST: 19600-565, 19000-195 or 19000-195-3 現在在庫なし。
⇒その後、FWDの方はSTYまで毎LEG拾ってました。現状HEATING CK OKですが、入荷次第早めの交換が望ましいと思います。（権丈）
⇒19000-195×2EA在庫有り( 松原 3/7 )
⇒EVにてFWD DRAIN MAST 交換しました。(島岡)",鈴木Y,2,Field,99999999,2018/01/22,15506983,2018/04/12
58184,ERJ170,JA226J,"LS ",,,"From JAMIS",2,CLOSE,"49 ",02,P3,00,R1,,"APU HIGH EGT 49105425APU",0,0,0,0,"(AHEAD) APU HIGH EGT 49105425APU
本日毎LEG APU S/DのタイミングでINACTIVEになっています。(ACTIVEのタイミング不明)
ANTI-SURGE VLV P/N;4953195-1在庫有り。
APU回す時にMONITORお願いします。
⇒HND O/N STAYでCMC見たところ、上記MMがACTIVEでした。
PAX ALL OFF後にCOCKPITに上がった時は602℃ありましたが、諸々作業して再度見たときには490℃まで落ちていました。一旦BOTH PACK OFF & APU BLEED OFFにした時はEGT=326℃、再度APU BLEED ON & L PACK ONでEGT=395℃、更にR PACK ONにしてEGT=462℃でMAINTAINしてました（河合@HND）
⇒ANTI SURGE VLV交換しました。様子見て下さい。REF 3/31のJAMIS。(3/31木戸)
⇒AHEAD上3/31以降拾ってません。一旦MONITOR CLOSEします。(4/12）",林あ,1,Fleet,99999999,2018/03/14,15506983,2018/04/12
58907,ERJ170,JA212J,TKN,,,"From JAMIS",2,CLOSE,"21 ",02,P3,00,R1,,"PACK1 FAIL",0,0,0,0,"GTB DUE TO PACK1 FAIL DURING TAXI. 
T/O前にRUNWAYにて、""PACK 1 FAIL""の連絡があり、そのままRUNWAYにてPACK SWのRECYCLEならびにENG BLEED SWのRECYCLE、SWを入れる順番を変えての試みをしたがいづれもSAME。
さらにAPU RUNで同じSW RECYCLEをしてもSAMEだった為にGTBを決定した。
CMCのFDE DETAILでは,FDE NAME:PACK 1 FAIL, FAULT NAME:AIR CYCLE MACHINE(PACK1)[C1], FAULT CODE:21515700AM1, POSSIBLE LRU:AIR CYCLE MACHINE[PACK1],CONDENSER INLET TEMP SNSR[PACK1] であった。
MAINTがAPU BLEEDを使用した状態で、再度SW RECYCLEを実施するとPACK1はNORMALでOPEしたが、2回目のGTBを回避するためにMEL 21-51-00-Aを適用とした。[AMOS NO.100414091]

⇒履歴はありません。CMCではCONDENSER INLET TEMP(T4)82.2℃ & PACK OUT TEMP(T5)48.89℃で冷えなかったからTRIGGERした様です。LH ACMはINST DATE 2016JUN01,TSO/TSI 4332hr. ACM & CONDENSER INLT TEMP SNSR 在庫あり（LS赤坂）

⇒KOJ STYにて、上記CONDENSER INLET TEMP SNSRのCONN CLEANINGして、OPE TEST OK。MEL CLOSEして頂きました。CMC見ながらのSNSR INDの左右の違いは無し。FULL COLD/FULL HOTでもOPE OK。(LS林あ)",野田,2,Field,99999999,2018/04/09,15511429,2018/04/12
58945,ERJ170,JA215J,ITM,001,MEL,"From JAMIS",2,CLOSE,"34 ",02,P3,02,R3,,"TAT2 FAIL",0,0,0,0,"2237/ITM DEP、ENG START後にTAT 2 FAIL MSG APPEAR。AOM RESET PROCEDUREしてもSAME。CREWと相談のうえでGTB決定。
TAT 2 SNSRのHEATING、ACTUAL NGでした。CMC M/MSG ""TAT2 FAULT"" 34150012UT1。MEL34-15-03適用してDEP。
PARTS在庫有。P/N;0102AY1AF
⇒GTB後のENGINE S/DでMSG DISAPPEARしてALL BACK TO NORMAL。TAT2 SENSORの健全性が確認できない為、MEL34-15-03を適用しました。このMELの場合、A/P, AT SYSとADS2はNOT COUPLEDとなります。DU4にPLACARD INSTALLしました。（仙波）
⇒TAT2 SENSOR交換して OPE TEST OK. MEL CLOSEしました。(4/11 KOJ 濟藤)",林あ,2,Field,99999999,2018/04/10,70219821,2018/04/11
58955,ERJ170,JA222J,CTS,,,"From JAMIS",2,CLOSE,"00 ",02,P3,01,R2,,"JUST INFO",0,0,0,1,"JUST INFO
1.CREW O2 PRESS 1730PSIです。

2.NO.1 ENG OIL SVC PNL 後ろ側の上 STUD 1EA 交換しています。若干NUT COND良くないと思います。RE-C'Kお願いします。
⇒NUT CHG完了。COND OKになりました。(4/11 ITM 大星)",大森,2,Field,99999999,2018/04/10,15510868,2018/04/11
58958,ERJ170,JA218J,ITM,,,"From JAMIS",2,CLOSE,"28 ",02,P3,02,R3,,"DOOR FUELING OPEN (A) MSG REMAIN ON AFT PNL CLOSE ",0,0,0,1,"朝のDEP DOOR CLOSE後、FUELING PANELがOPENしたままのIND（""DOOR FUELING OPEN""のMSGがAPPEAR)になっているとINFOあり。（整備でFUELING完了後MSG OFFは確認済み）
一度PANEL OPEN/CLOSEするもSAME。PANEL CLOSE MICRO SWをガチャガチャいじくっていたらOKになりそのままDEPしました。（MICRO SW P/N:1EN578-6 在庫有り） (KMI 4/11 森村)
⇒  4/10も発生, SPLICE PN = M81714/11-20D, CONTACT PIN P/N = M39029/1-101もありです。4/13 ITM STYでDETAIL CK予定　(4/11 LS 上田) ",小島,2,Field,99999999,2018/04/10,15506983,2018/04/11
58971,ERJ170,JA223J,KMI,,,"From JAMIS",2,CLOSE,"38 ",02,P3,02,R3,,,0,0,0,0,"3621(初便) LDG時に AFT WATER BOILER 下部より 水が出てきた。
隙間から覗いて見ましたがLEAK無しでした。様子見てもらってます。
⇒NEXT F3622でも少量の水が出てきたとINFOあり。AFT WATER BOILER外して裏をCKしたところOVER FLOW TUBE?OVER RRESS RELIEF TUBE?からのもののようでした。CLG実施して現在NO LEAK。再度、MONITORしてもらっています。 （FUK 秋山）",佐藤貴,2,Field,99999999,2018/04/10,99999999,2018/04/10
58970,ERJ170,JA227J,KIJ,,,"From JAMIS",2,CLOSE,"33 ",02,P3,02,R3,,,0,0,0,0,"JL2872 AFT CARGO LOADING LT OUT、TAPPINGでLT ON、接触が悪いようです。",岩井,2,Field,99999999,2018/04/10,99999999,2018/04/10
58969,ERJ170,JA222J,SDJ,,,"From JAMIS",2,CLOSE,"38 ",02,P3,02,R3,,,0,0,0,0,"CA INFO:FAP WATER FAULT LTが点灯。CMCにて""FWD DRAIN MAST/WWSC/WRG FAULT"" CODE:38000221WWSを拾っていました。
GNDでのFWD DRAIN MASTのOPE CHK OK。様子見て貰っています。",伊藤,2,Field,99999999,2018/04/10,99999999,2018/04/10
58968,ERJ190,JA242J,AOJ,,,"From JAMIS",2,CLOSE,"38 ",02,P3,02,R3,,,0,0,0,0,"CBN MEMO / AFT FAP FAULT LT ON 
CMC SHOWS AFT DRAIN MAST/WWSC/WRG FAULT,現在INACTIVE,ACTUAL HEATING OKのためOK FOR SVC。様子見てもらってます。
⇒STY時で消えてました。　宇根",昆,2,Field,99999999,2018/04/10,99999999,2018/04/10
58967,ERJ170,JA222J,SDJ,,,"From JAMIS",2,CLOSE,"25 ",02,P3,02,R3,,,0,0,0,0,"消毒用スプレー残量がほとんど無い為、補充可能なSTAにて補充の手配お願います。
⇒補充しました（CTS大城）",伊藤,2,Field,99999999,2018/04/10,99999999,2018/04/10
58966,ERJ170,JA226J,ITM,,,"From JAMIS",2,CLOSE,"52 ",02,P3,02,R3,,,0,0,0,0,"XM4220 FERRY FLTの為 ALL DOOR SLIDE ARMINGしてます。
到着後必ずDISARM願います。
⇒きっとDISARMしてくれてます。REVENUE戻ってます。(LS林あ)",稲村,2,Field,99999999,2018/04/10,99999999,2018/04/10
58965,ERJ190,JA243J,ITM,,,"From JAMIS",2,CLOSE,"05 ",02,P3,02,R3,,,0,0,0,0,"2200 FLT中、数分間だけSEAT 20AC OVHD BIN付近よりコトコトSOUNDがしたそうです。 BINの中には何も入っていなかったそうです。周辺確認しましたが特にDEFECTはなし。様子見てもらっています。
⇒STY CAからはNO INFO。確認しましたがDEFFECTなし（三浦A)",小島,2,Field,99999999,2018/04/10,99999999,2018/04/10
58964,ERJ190,JA248J,ITM,,,"From JAMIS",2,CLOSE,"35 ",02,P3,02,R3,,,0,0,0,0,"CREW O2⇒朝のITM便間では1910PSIでした。　JUST INFO..",岡元　相,2,Field,99999999,2018/04/10,99999999,2018/04/10
58963,ERJ170,JA216J,CTS,,,"From JAMIS",2,CLOSE,"72 ",02,P3,02,R3,,,0,0,0,0,"JL2830 CREW INFOで離陸後にNO.2 HP VIBが一時的に3.0になり、その後15000FTでは約1.5程度になったとの事。
ENG PARAMETERはNMLで、特に体感や振動も無かったとのINFOでした。NO.2 ENG INTEKE/EXH COND' C'K OK、ENG MAINTもNO EXCEEDANCEでした。CREWはまた様子を見るとの事でDEPしています。
⇒JL2821 ARR時も同様にINFOありました。離陸で一時的にNO.2 ENG VIB 3.2まで上がったとの事。その後は徐々に下がり2.8付近で安定。その他ENG PARAMETERはNML、ENG EXCEEDANCE無し。NO.2 ENG INLET/EXHAUST C’K OKで引き続きMONITOR依頼しています（AXT 鹿嶋）
⇒最近CREW INFO増えてきていますのでSEにINPUTしておきました。SEはMONITOR継続しているとの事です。(LS金澤)",宮谷内,2,Field,99999999,2018/04/10,99999999,2018/04/10
58962,ERJ170,JA218J,MYJ,,,"From JAMIS",2,CLOSE,"31 ",02,P3,02,R3,,,0,0,0,0,"JL2302 DEP INTERPHONET担当者（グラハン）よりPRINTER FAILのINFOあったようです。そのままDEPしてます。",白石,2,Field,99999999,2018/04/10,99999999,2018/04/10
58961,ERJ170,JA226J,ITM,,,"From JAMIS",2,CLOSE,"72 ",02,P3,02,R3,,,0,0,0,0,"RH FAN PIN LUB 実施しました。",稲村,2,Field,99999999,2018/04/10,99999999,2018/04/10
58960,ERJ170,JA218J,MYJ,,,"From JAMIS",2,CLOSE,"52 ",02,P3,02,R3,,,0,0,0,0,"JL2302 BOARDING前のCPT DOOR CLOSE時にDOOR LOCKがかからないとINFOありました。ELEC LATCHを触って再度CLOSEしたらLOCKかかるようになり、2,3回OPEN/CLOSEしてOKの為そのままFLTさせています。
⇒履歴はありません。ELEC LATCH在庫あり（LS赤坂）",八尋,2,Field,99999999,2018/04/10,99999999,2018/04/10
58957,ERJ170,JA218J,ITM,,,"From JAMIS",2,CLOSE,"23 ",02,P3,02,R3,,,0,0,0,0,"朝CREWのINPH CHKで、CAPT側のEMER INPHのみつながらない。CO-PI SIDEはOK。DAP1 CCB RECYCLEでOKです。",小島,2,Field,99999999,2018/04/10,99999999,2018/04/10
58956,ERJ170,JA218J,ITM,,,"From JAMIS",2,CLOSE,"35 ",02,P3,02,R3,,,0,0,0,0,"朝 BATT SW ONで ""REMOTE CB TRIP"" MSG APPEAR。""OXY DEPLOY 1""のCCBがPOPOUTしていました。PUSH INしてOK。",小島,2,Field,99999999,2018/04/10,99999999,2018/04/10
58954,ERJ170,JA225J,ITM,,,"From JAMIS",2,CLOSE,"52 ",02,P3,02,R3,,,0,0,0,0,"L1 DOOR ELASTIC PIN
⇒便間で少しグラグラでした。WIREだけで持っているようにも見えますが。。時間無きため詳しく確認できず。
　本日ITM STYです。PRE CAUTIONでのPIN交換を検討下さい。。 PIN P/N≪MS16562-203≫
⇒2361/2362にて確認しましたが、やはりPINが切れてWIREで持ってる状態な感じです(OIT@岡野)
⇒交換しました。",岡元　相,2,Field,99999999,2018/04/10,99999999,2018/04/10
58952,ERJ170,JA213J,CTS,,,"From JAMIS",2,CLOSE,"34 ",02,P3,02,R3,,,0,0,0,0,"JL2810 CRZ中にMCDU2が5秒ほどBLANKになったと口頭INFOありました。MNT MSG:45452035CMC(MCDU2/MAU2 GIO2A/WRG FAULT)が当該時間にSTOREされていました。現状NORMALです。",関根Ｋ,2,Field,99999999,2018/04/10,99999999,2018/04/10
58951,ERJ190,JA250J,SHM,,,"From JAMIS",2,CLOSE,"25 ",02,P3,02,R3,,,0,0,0,0,"CBN CREW 口頭で AFT GLY COFFEE MAKER が OVER FLOW したと INFO 有、SNSR の SPRING が硬めでした。
CLEAN UP して SNSR C'KED OK,このまま様子をみてもらっています。
⇒STY迄NO INFOでした。(島岡)",田中A,2,Field,99999999,2018/04/10,99999999,2018/04/10
58950,ERJ190,JA244J,ITM,,,"From JAMIS",2,CLOSE,"24 ",02,P3,02,R3,,,0,0,0,0,"2250/ITM最終便、CRZ中に""SPDA FAIL""がACTIVE。(FLT中はINHIB)履歴無し。M/MSG ""SPDA 2 LRM 12 FAULT""24610004SP2をSTORE。
STYにてSPDA2 LRM12(SPDA 2 MICRO-COMM 2)交換お願いします。
⇒STYにて交換。PWR RECYCLE 2回実施,MSG出ない事確認(永村)",林あ,2,Field,99999999,2018/04/10,99999999,2018/04/10
58949,ERJ170,JA225J,ITM,,,"From JAMIS",2,CLOSE,"25 ",02,P3,02,R3,,,0,0,0,0,"AFT COFFEE MAKERがOVERFLOWしたそうです。SNSR CLEAN UPして様子見てもらっています。NO CBN MEMO.",小島,2,Field,99999999,2018/04/10,99999999,2018/04/10
58947,ERJ170,JA214J,IZO,,,"From JAMIS",2,CLOSE,"30 ",02,P3,02,R3,,,0,0,0,0,"2357 ARRのENG S/D後に「ICE DET 1 FAIL」MSG APPしました。
CMC MSG NO.30813200UT1 「LH ICE DET/WRG FAULT」
ICE DET TESTでMSG消えました。LOG IN無しです。",鈴木,2,Field,99999999,2018/04/10,99999999,2018/04/10
58946,ERJ170,JA224J,ITM,,,"From JAMIS",2,CLOSE,"23 ",02,P3,02,R3,,,0,0,0,0,"2364/2389 便間でACARS NO COMM MSGが出てるとCREWに呼ばれました。VDL MODE切り替えてMSG消えたので様子見でお願いします。SPTは23でしたが、ACARS ANT移設は完了しています。
⇒STYまでOK(ITM花田)",島岡,2,Field,99999999,2018/04/10,99999999,2018/04/10
58944,ERJ170,JA220J,MYJ,,,"From JAMIS",2,CLOSE,"30 ",02,P3,02,R3,,,0,0,0,0,"JL3601 BLOCK IN後にEICAS MSG ""ICE DETECTOR 1 & 2 FAIL"" 出ました。TESTしてMSG CLEARとなりました。NO LOG UPです。
(ICE DETECTOR 1 FAIL MM:30813200UT1、ICE DETECTOR 2 FAIL MM:30814200UT1)",八尋,2,Field,99999999,2018/04/10,99999999,2018/04/10
58943,ERJ170,JA223J,FUK,,,"From JAMIS",2,CLOSE,"25 ",02,P3,02,R3,,,0,0,0,0,"F3564でS/N 13AのFLOORがコーヒーで汚損。CLG実施しましたが、濡れているためにシートブロックしました。乾いたら解除お願いします。
⇒乾いていましたので、ブロック解除しました。（KMI中重）",秋山,2,Field,99999999,2018/04/10,99999999,2018/04/10
58942,ERJ190,JA242J,ITM,,,"From JAMIS",2,CLOSE,"25 ",02,P3,02,R3,,,0,0,0,0,"CA INFO : JL2412 SEAT 1Aのお客様からRECLINING BUTTONが固く操作しにくいと言われた。
確認しましたが特に問題無く、他のSEATと同じ位でした。様子見でお願いしています。
⇒STYではNO INFOでした。　宇根",後藤,2,Field,99999999,2018/04/10,99999999,2018/04/10
58941,ERJ190,JA241J,KOJ,,,"From JAMIS",2,CLOSE,"18 ",02,P3,02,R3,,,0,0,0,0,"2409/2410便間でCA INFOでFWD LAV OCCUPIED LTが点灯しないとのINFOあり。CKしたところLAV DOOR CLOSEしてもLAV内LGTがFULL BRIGHTにならないのでLOCK SWが働いてないようです。18章C/Oしました。
⇒LAV内確認すると、PCBに繋がるELEC CONNがLOOSEになっていました。RECONNしてOPE C'K OK。CONNのLOCK FUNCはOKです。C/O CLOSE。（ITM 下川M）",宇根H,2,Field,99999999,2018/04/10,99999999,2018/04/10
58939,ERJ170,JA215J,GAJ,,,"From JAMIS",2,CLOSE,"38 ",02,P3,02,R3,,,0,0,0,0,"JL2235 FLT中10分間ぐらい、AFT FAPのWATER FAULT LTが点灯したそうです。CMCにはFWD DRAIN MAST(38000221WWS)を拾ってました。
GNDでのHEATINGはOK。次便様子を見てもらってます。
⇒次便はNORMAL。(ITM木戸)",河村,2,Field,99999999,2018/04/10,99999999,2018/04/10
58935,ERJ170,JA215J,FUK,,,"From JAMIS",2,CLOSE,"25 ",02,P3,02,R3,,,0,0,0,0,"F2050 CA DEP CKにてR2 DOOR前方のDOG HOUSEのLATCHのガタが大きいとのINFO。LATCHを外してCOND CKしようとした時
CAP　SIDEのDAPでEMER CALL　XLDできないとINFOがあったためそのまま復旧しADJ確認できませんでした。
P/N:A27355-7(ITM在庫あり）
CAP SIDEのEMER CALLに関しては、HANDSET RESETとCCB RESETにてOKとなっております。
LATCHに関しては、CAP　了解でDEPしています。
連絡遅れて申し訳ありません。

⇒LATCHはADJしてOKになりました。ちなみにADJUST SCREWはLATCHをLOCK側に出すと見えるようになっています。参考にして下さい。
　EMER CALLに関してはNO INFOでした。(ITM 村井)
＞了解です、ありがとうございました。（FUK　宗像）",宗像,2,Field,99999999,2018/04/09,99999999,2018/04/09
58934,ERJ170,JA211J,GAJ,,,"From JAMIS",2,CLOSE,"23 ",02,P3,02,R3,,,0,0,0,0,"CABINのWIFI SWのLT球切れかもしれません。WIFIは普通に使えてたそうです。申し訳ありませんが、ITMにてBULB交換お願いします。
⇒BLUB交換してOKです。（ITM 石川義）",河村,2,Field,99999999,2018/04/09,99999999,2018/04/09
58933,ERJ190,JA241J,KOJ,,,"From JAMIS",2,CLOSE,"38 ",02,P3,02,R3,,,0,0,0,0,"C/A INF:F2401 FLT中AFT FAP WATER SYS FAULT L`Tが10分程ONになったとの事。CMCにはFWD DRAIN MAST拾ってました。
(FC:38000221WWS) 現状FAULT L`T OFF, FWD MAST HEATER ACTUAL HEAT確認。MONITOR依頼しました。
⇒STYまでNMLです(仙波)",加藤A,2,Field,99999999,2018/04/09,99999999,2018/04/09
58930,ERJ190,JA241J,ITM,,,"From JAMIS",2,CLOSE,"23 ",02,P3,02,R3,,,0,0,0,0,"CREW口頭で上空で何回か""PRINTER FAULT""が出たとありました。
実際ARRの時にはNMLになっていてGNDではMCDUからのPRINTER TEST、LAN STATUS C'K、ACARS TEST、PAPER CONDITION C'K実施してすべてOKだったのでそのまま出しています。
⇒JL2247ではNORM（岡元＠KIJ）
⇒STYまでNMLです(仙波)",藤原,2,Field,99999999,2018/04/09,99999999,2018/04/09
58929,ERJ190,JA247J,ITM,,,"From JAMIS",2,CLOSE,"72 ",02,P3,02,R3,,,0,0,0,0,"""昼間帯作業""
①RAT (MAN & AUTO DEPLOY,INSP,LUB,FUNC TEST)実施
②BOTH ENG W/W実施⇒かなり汚れていました。 IDLE RUNまで完了。",松原,2,Field,99999999,2018/04/09,99999999,2018/04/09
58928,ERJ190,JA252J,ITM,,,"From JAMIS",2,CLOSE,"33 ",02,P3,02,R3,,,0,0,0,0,"L TAXI LT切れていたので交換しました.CK OKです。",白坂,2,Field,99999999,2018/04/09,99999999,2018/04/09
58927,ERJ170,JA215J,ITM,,,"From JAMIS",2,CLOSE,"25 ",02,P3,02,R3,,,0,0,0,0,"CREW 口頭INFO
AFT GLY 302 COMP'TのDOOR LATCHが固い。
AFT GLY TRASH COMP'TのDOORが開きづらい。(建付けが悪い？）
上記、2件INFO有りましたが時間無き為CORR出来ませんでした。（現状、使用には問題ありません。）
O/N時、CORRお願いします。（どちらもADJで治りそうな感じです。）
⇒上記2件、便間でCORR完了。NO CBN MEMOです。（小島）",村井,2,Field,99999999,2018/04/09,99999999,2018/04/09
58926,ERJ170,JA222J,MMB,,,"From JAMIS",2,CLOSE,"33 ",02,P3,02,R3,,,0,0,0,0,"NOSE TAXI LT SW BROKEN.MEL APPLY MEL33-42-00.(AMOS:100414038)
⇒EXT LT PNL送りました。交換お願いします。(LS大山)
⇒STYでEXTERNAL LT CONT PNL交換しました。C/O SQ CLOSEです。折れたSWのツマミはCTSで廃棄しました。（関根Ｋ@CTS）",西塔,2,Field,99999999,2018/04/09,99999999,2018/04/09
58924,ERJ170,JA211J,ITM,,,"From JAMIS",2,CLOSE,"25 ",02,P3,02,R3,,,0,0,0,0,"朝一AFT GLY WORK LT ""ON"" SWのLTが切れていました。BULB交換してOKです。",稲村,2,Field,99999999,2018/04/09,99999999,2018/04/09
58923,ERJ170,JA211J,ITM,,,"From JAMIS",2,CLOSE,"33 ",02,P3,02,R3,,,0,0,0,0,"朝一LH FWD MAIN NAV LT OUT。BULB交換してもSAME。SWガチャガチャでもSAMEの為MEL33-43-00-A適用してます。現在STBY USE
AMOS W/O:100414037

交換したBULB焦げてましたのでSOCKET NGと思われます。L'T ASSY P/N:3-2683-13  ITMに3EAあり。

BULBはSPAREを使用、PARTS払いだしましたので載せて下さい。
⇒LT ASSY交換してC/O CLOSEDです。(ITM 石川義）",稲村,2,Field,99999999,2018/04/09,99999999,2018/04/09
58922,ERJ190,JA241J,ITM,,,"From JAMIS",2,CLOSE,"24 ",02,P3,02,R3,,,0,0,0,0,"-CA INFO-
2Hの電源タップが調子悪い。（NO SQ MEMO）
⇒一度、電源タップを外してRE-CONXした後は何度やってもOKでした。",仙波,2,Field,99999999,2018/04/09,99999999,2018/04/09
58921,ERJ190,JA242J,ITM,,,"From JAMIS",2,CLOSE,"24 ",02,P3,02,R3,,,0,0,0,0,"S/N 33,34HKのAC OUTLET IND AMBERでした。CPTでRESETしてOKとなっています。",遠藤,2,Field,99999999,2018/04/09,99999999,2018/04/09
58920,ERJ170,JA214J,ITM,,,"From JAMIS",2,CLOSE,"72 ",02,P3,02,R3,,,0,0,0,0,"昨日申し送りのLH ENG RUN実施して以下OKでした
・IGN B OPE C'K
・LH IGN、S18、CRANK PAD LEAK C'K",藤原,2,Field,99999999,2018/04/09,99999999,2018/04/09
58919,ERJ170,JA226J,ITM,,,"From JAMIS",2,CLOSE,"32 ",02,P3,02,R3,,,0,0,0,0,"CREW口頭でTAXI中STEER WHEEL手離すと機体がRHに取られるとのINFOあり。GNDでENGAGEすると確かにCENTERから1目盛りRHにSHIFTしてはいるが他機でもこの程度のズレは見られるので下手にいじるのはやめました。NOSE TIRE PRESSはDIFFなし。他のCREWからもINFOあがってくるようであればLHにTRIMしてみようと思います。",山北,2,Field,99999999,2018/04/09,99999999,2018/04/09
58918,ERJ170,JA215J,"LS ",,,"From JAMIS",2,CLOSE,"00 ",02,P3,02,R3,,,0,0,0,0,"3/26-27でCORRECTIONして頂いたFLAP LO RATE(T4 SNSR交換)及びRH DV WINDOWからのAIR LEAK(RE-SEAL)、その後はINFOありません。作業ありがとうございました。",林あ,1,Fleet,99999999,2018/04/09,99999999,2018/04/09
58917,ERJ190,JA251J,ITM,,,"From JAMIS",2,CLOSE,"52 ",02,P3,02,R3,,,0,0,0,0,"CREW口頭、AOJ DEPのDOOR CLOSE時L1DOOR CLOSEを確認した時にAFT PAX DOOR INDがOPEN表示の為CBN CREWに確認していたところ、CLOSE表示に変わった。この間 CBN CREWはDOOR NO TOUCH。そのままDEPしてITMに帰って来た。CMCで過去歴を確認すると4/2のPRE FLTで30分程度AFT PAX DOOR LKD SNSR ADJ RECOM(52122112PSS）の過去歴１度あり。今回SNSR GAPがLIMITピッタリを確認、OPE CKでTARGETとSNSR間のトラベルとSNSR感度の確認もOKだった。",永村,2,Field,99999999,2018/04/09,99999999,2018/04/09
58915,ERJ170,JA218J,ITM,,,"From JAMIS",2,CLOSE,"38 ",02,P3,02,R3,,,0,0,0,0,"申し送りのWATER SVCでOVER FLOWした時の水が、DRAIN MASTから出てくる場所が違うんじゃない？の件は、GLY WATERとOVERFLOW WATERそれぞれ確認しましたが、GLY WATERがAFT側、OVERFLOW WATERがFWD側でAMMと合っています。他のSHIPと確認しましたが同じでした。基本的にOVERFLOWする前にVLVがCLOSEするので、OVERFLOWはあまり見かけませんとJGSOさんは言っていました。",三浦A,2,Field,99999999,2018/04/09,99999999,2018/04/09
58914,ERJ170,JA214J,ITM,,,"From JAMIS",2,CLOSE,"38 ",02,P3,02,R3,,,0,0,0,0,"A C'Kの主な内容LAV酢酸系でしたので朝、気にして下さい。",安田,2,Field,99999999,2018/04/09,99999999,2018/04/09
58913,ERJ190,JA252J,ITM,,,"From JAMIS",2,CLOSE,"72 ",02,P3,02,R3,,,0,0,0,0,"昨日のRH ENG ABRADABLE SHROUDですが、5:00方向に最も大きなIMPACT MARKあり計測実施。結果はOKでした。(DEPTH:0.06in/LIMIT:0.12in / AREA:0.19 sq in/LIMIT:0.420 sq in REF EMM72-00-01 INSP001)",岸,2,Field,99999999,2018/04/09,99999999,2018/04/09
58912,ERJ190,JA249J,ITM,,,"From JAMIS",2,CLOSE,"73 ",02,P3,02,R3,,,0,0,0,0,"履歴ありのENG2 LONG TIME DISP MSG ""LT T/R POSITION SENSOR DISAG[E2A]/[E2B] 73215227E2A/E2B""本日のSTYでも拾ってました。FAULTはCLEARしています。",島岡,2,Field,99999999,2018/04/09,99999999,2018/04/09
58911,ERJ170,JA223J,MYJ,,,"From JAMIS",2,CLOSE,"25 ",02,P3,02,R3,,,0,0,0,0,"CABIN SQ MEMO:R2 CA SEAT UNDER COMP'T GLY LATCH LOOSE.
→FOUND SET SCREW LOOSE.RETIGHT SET SCREW THEN OPE CKED OK.",神谷,2,Field,99999999,2018/04/09,99999999,2018/04/09
58910,ERJ170,JA216J,MYJ,,,"From JAMIS",2,CLOSE,"52 ",02,P3,02,R3,,,0,0,0,0,"CABIN CREW INFO:L2 DOOR SLIDE COVER内より異音があったそうでT/OからCRSにかけて、COVER内をカラカラと何かが転がっているような音だそうです。DOOR OPENしてみましたが、特に異常なしでした。ITMで再度どんなだったか聞いてみてください。
⇒その後　NO INFOでした。(石井)",神谷,2,Field,99999999,2018/04/09,99999999,2018/04/09
58909,ERJ190,JA247J,"LS ",,,"From JAMIS",2,CLOSE,"73 ",02,P3,02,R3,,,0,0,0,0,"2415DEP TAXIING中ENG 2 LO PRESS MSGがAPPEARしたと報告有り。
もちろんENGは回っている状態。FFはNML。PWR ADVしたら、FUEL FEED 2 FAULT MSGに変わった。
AOM RESET PROCEDUREにより、PWR ADV後AC PUMP 2をON→AUTOでMSG消えました。相談の上、様子見でFLT継続してます。
⇒その後のFLTはNMLでした。P/Mで#2 ENG LOW FUEL PRESS SW交換実施。(4/9 前甲)",林あ,1,Fleet,99999999,2018/04/09,99999999,2018/04/09
58908,ERJ190,JA241J,ITM,,,"From JAMIS",2,CLOSE,"25 ",02,P3,02,R3,,,0,0,0,0,"2245/2251 STY中AFT WATER BOILER RED L'T点滅していたそうです。(WATRE SVCは実施していません)  CCB LONG RESETでOK,MONITOR依頼しています。
⇒JL2251ではNORM（岡元＠KIJ）
⇒STYまでNMLです(仙波)",島岡,2,Field,99999999,2018/04/09,99999999,2018/04/09
58906,ERJ170,JA218J,ITM,,,"From JAMIS",2,CLOSE,"52 ",02,P3,02,R3,,,0,0,0,0,"L2 DOORのARM LVRをDISARM→ARMに下げる際、下げ切る2㎝手前で少し引っかかりを感じるそうです。DOORを一度RE-OPENして操作して貰ったところ少し改善されたとの事。見れる範囲で確認しましたが異常はなしでした。ほんの少しだけLVRをアシストしてやればARMになるのでOPEに問題はなし。
⇒STYでも同様のINFO。と共にDISARMする時も引っ掛かりを感じるとの事。OPEしてみると、引っかかってからだいぶ力を加えないとARMにできない状況でした。DOOR OPENでARMにするとスカスカ。その後DOOR CLOSEでOPEしてみるとスカスカ。CBN PRESSで位置関係が変わる？念のためLINKAGEをLUBしてます。しばらく様子見で(三浦A)
⇒翌朝確認したらスカスカでOKでした。（4/10小島）",前甲,2,Field,99999999,2018/04/09,99999999,2018/04/09
58904,ERJ170,JA225J,KMI,,,"From JAMIS",2,CLOSE,"28 ",02,P3,02,R3,,,0,0,0,0,"JL3620始発FUELING中にFUEL IMBALANCE MSG APP。No1に1000lb以上多く入っていた。しばらく見ましたがNo2に入っていく気配なし。FUELERにSTOPしてもらい再度開始して均等に入っていきました。その後TXFしてMSG消してます。
⇒3/16にRH TANK IND AMBER DASH表示になったとの履歴ありです。ATTEND時に可能でしたらREFUEL OPEN/CLOSE SWのFRICTION C'K、FUELING中のREFUEL VLVの動き確認お願いします。FCU:367-329-003、CONT PNL:366-208-001在庫有り。
⇒FUK、KCZ共にFUELING NORMALだったそうです。(LS梅本)",森村,2,Field,99999999,2018/04/08,99999999,2018/04/08
58903,ERJ170,JA222J,CTS,,,"From JAMIS",2,CLOSE,"23 ",02,P3,02,R3,,,0,0,0,0,"-JUST INFO-
CA INFOでFWD ATT HANDSETでPILOT CALL 2回押しした時BUTTON LGTが点かなかったり、AFT ATTとの通話が出来なかったとのCAの申し送りがあったそうですが、OKでしたとの事です。",滝,2,Field,99999999,2018/04/08,99999999,2018/04/08
58901,ERJ190,JA245J,HKD,,,"From JAMIS",2,CLOSE,"30 ",02,P3,02,R3,,,0,0,0,0,"2123/2124
ARR ENG SHUT DOWNでICE DETECTOR 1,2 CAUTION MSG APPEARED. ENG ANTI ICE TEST実施でDISAPPEARしました。",増田,2,Field,99999999,2018/04/08,99999999,2018/04/08
58899,ERJ170,JA213J,CTS,,,"From JAMIS",2,CLOSE,"31 ",02,P3,02,R3,,,0,0,0,0,"JL2822にてPRINTER INOPでFLT SQ。CKしたところCMC CONNECTION FAILでした。MAU1PWR3 CCB RESETでOKです。",関根Ｋ,2,Field,99999999,2018/04/08,99999999,2018/04/08
58897,ERJ170,JA217J,ITM,,,"From JAMIS",2,CLOSE,"33 ",02,P3,02,R3,,,0,0,0,0,"F1 C'KにてLH FWD MAIN NAV L'Tが点灯しておらず、L'T ASSYにACCESSしてTAPPINGすると点灯しました。3/6にBULB交換の履歴があります。必要によりL'T ASSYの交換をお願いします。",安藤,2,Field,99999999,2018/04/08,99999999,2018/04/08
58896,ERJ170,JA218J,ITM,,,"From JAMIS",2,CLOSE,"25 ",02,P3,02,R3,,,0,0,0,0,"FWD COFFEE MAKER ON/OFF SW不調。球切れではない。交換しようとしたが、NEWがINSTできず。。CBN MEMO18章C/O実施。NEXT LONG便間でTRY予定。
⇒FLT LOGにTXFRし交換完了。C/O CLOSED(岸)押し込みがかなり固く、2人で押し込みCORRECT POSにSETできました。",岸,2,Field,99999999,2018/04/08,99999999,2018/04/08
58895,ERJ190,JA245J,ITM,,,"From JAMIS",2,CLOSE,"25 ",02,P3,02,R3,,,0,0,0,0,"CA INFO : SEAT 22A FLOORにACTUATOR GUARDが落ちていた。
確認したところ、22C RECLINING ACTUATOR GUARDが無くNUT LOOSEの為、INSTALLしNUT RETIGHTでLOCTITE APPLYしました。",後藤,2,Field,99999999,2018/04/08,99999999,2018/04/08
58894,ERJ190,JA250J,"LS ",,,"From JAMIS",2,CLOSE,"36 ",02,P3,02,R3,,,0,0,0,0,"JUST INFO:ずっと拾っていたHPSOV MAINT MSGは、4/4 HPSOV交換してから出ていません。",梅本,1,Fleet,99999999,2018/04/08,99999999,2018/04/08
58892,ERJ170,JA218J,ITM,,,"From JAMIS",2,CLOSE,"80 ",02,P3,02,R3,,,0,0,0,0,"申し送りのLH ATS交換後のENG RUNでのLEAK C'K OKでした。",花田,2,Field,99999999,2018/04/08,99999999,2018/04/08
58891,ERJ170,JA221J,ITM,,,"From JAMIS",2,CLOSE,"38 ",02,P3,02,R3,,,0,0,0,0,"CA INFO:F2831/2180共にCRZ中5分位 WATER SYS FAULT L'Tが点灯したそうです。CMCはFWD DRAIN MASTを拾ってました。ACT HEATINGはOK,様子見でお願いしています。
⇒その後STYまでNMLでした。ITM 横山",島岡,2,Field,99999999,2018/04/08,99999999,2018/04/08
58890,ERJ170,JA211J,ITM,,,"From JAMIS",2,CLOSE,"31 ",02,P3,02,R3,,,0,0,0,0,"2164 CRZ中にCDU MSG ""PRINTER JOB FAILED"" APPEAR.
確認したところ、CMCに入れなかったのでMAU1 PWR3のCCB RE-CYCLE実施してBACK TO NOMAL.
PRINTERもOPE CK OK. LAN STS CK OK.
⇒STYまでOK。(三浦ち)",東,2,Field,99999999,2018/04/08,99999999,2018/04/08
58889,ERJ170,JA222J,KIJ,,,"From JAMIS",2,CLOSE,"25 ",02,P3,02,R3,,,0,0,0,0,"JL2872 CAのCKでBACKRESTのガタが大きいSEATがあるとINFO。CKするとHINGE BOLTのNUTが外れBOLTが抜けていました。NUT＆WASHERはSEAT BOTTOM下で発見。REINSTALLしてOKです。RECLININGの戻りが若干悪い感じですが、NUT緩めすぎるとまた外れてしまうのでそのままDEPさせています。（時間ギリギリだったのでSEAT NO確認忘れました。A列です。）",岩井,2,Field,99999999,2018/04/08,99999999,2018/04/08
58888,ERJ170,JA214J,ITM,,,"From JAMIS",2,CLOSE,"52 ",02,P3,02,R3,,,0,0,0,0,"FLEET JOB：PAX DOOR COMAND RANPのCOND CK実施、若干バリ有で修正しました。",長谷川,2,Field,99999999,2018/04/08,99999999,2018/04/08
58886,ERJ190,JA241J,ITM,,,"From JAMIS",2,CLOSE,"38 ",02,P3,02,R3,,,0,0,0,0,"F3538でFLT中、AFT FAPのWATER SYS FAULT L'Tが3min程点いて、消えたそうです。NEXT LEGはOK.
CMCには何もMEMOしていませんでした。",武正,2,Field,99999999,2018/04/08,99999999,2018/04/08
58885,ERJ170,JA214J,ITM,,,"From JAMIS",2,CLOSE,"05 ",02,P3,02,R3,,,0,0,0,0,"4/9 PAX SEAT 1HKにVIP搭乗との事。SEATとその周りのCOND CK OKでした。",長谷川,2,Field,99999999,2018/04/08,99999999,2018/04/08
58884,ERJ190,JA250J,HND,,,"From JAMIS",2,CLOSE,"31 ",02,P3,02,R3,,,0,0,0,0,"JL0694 KMI-HND CRZ DU4 BLANK 5分間、その後BACK ON.NOTE UPありました。THANKS INFOでCLOSEしています。
CMC 45452165CMC STOREしてました。",荒井T,2,Field,99999999,2018/04/08,99999999,2018/04/08
58883,ERJ170,JA226J,CTS,,,"From JAMIS",2,CLOSE,"35 ",02,P3,02,R3,,,0,0,0,0,"-JUST INFO-
STY時、CREW O2:1760psiでした。",滝,2,Field,99999999,2018/04/08,99999999,2018/04/08
58882,ERJ170,JA221J,ITM,,,"From JAMIS",2,CLOSE,"25 ",02,P3,02,R3,,,0,0,0,0,"CBN INFO:NUTが1EADOG HOUSEの下に落ちていた。SEAT19AC RECLINE HINGE BOLTのNUTでした。NEW NUTに交換しOK。
ついでに、1ACから19ACまで見てみました。16ACのみBOLT位置がSHIFTしていたので修正実施。",横山,2,Field,99999999,2018/04/08,99999999,2018/04/08
58881,ERJ190,JA252J,SDJ,,,"From JAMIS",2,CLOSE,"72 ",02,P3,02,R3,,,0,0,0,0,"O/T C'K にてNO.2 ENG INATKE AREAに小石（？）を吸いこんだような形跡在り、FAN BLADE,FAN AREA,AIR INTAKE AREA VIS INSP OK.",小林A,2,Field,99999999,2018/04/08,99999999,2018/04/08
58880,ERJ190,JA250J,HND,,,"From JAMIS",2,CLOSE,"34 ",02,P3,02,R3,,,0,0,0,0,"JL0218 SHM-HND APRR ""TERRAIN FAIL""MSG 5秒間、その後BACK ON.NOTE UPありました。THANKS INFOでCLOSEしています。
CMC 34410001EG1 STOREしてました。EGPWS TEST OK.",荒井T,2,Field,99999999,2018/04/08,99999999,2018/04/08
58878,ERJ170,JA218J,ITM,,,"From JAMIS",2,CLOSE,"38 ",02,P3,02,R3,,,0,0,0,0,"KMI最終便のPOTABLE WATER SVCにてｸﾞﾗﾊﾝさんからのINFOでSVC中にAFT DRAIN MASTのGRAY WTR LINEから水がジャバジャバ出てくるとのこと。
確認した所2回ほどRESETしてSVCしたが変わらずかなりの水圧でOVER FLOWする。CBNでのLEAKがないのと、WTR FAULTなしLVLも十分だったのでDEPさせてます。
もしかしたらSVC LINEとGRAY LINEがクロスCONNになってるのかも？時間があるときにCONNの確認をしてください。
⇒GLY WATERとOVERFLOW WATERそれぞれ確認しましたが、GLY WATERがAFT側、OVERFLOW WATERがFWD側でAMMと合っています。他のSHIPと確認しましたが同じでした。基本的にOVERFLOWする前にVLVがCLOSEするので、OVERFLOWはあまり見かけませんとJGSOさんは言っていました。",鈴木J,2,Field,99999999,2018/04/08,99999999,2018/04/08
58876,ERJ170,JA213J,CTS,,,"From JAMIS",2,CLOSE,"05 ",02,P3,02,R3,,,0,0,0,0,"JL2877にて上空でCBN 10列目の右側天井付近からピー音が10分程したとのCA INFOありました。申送りにもありで、様子見でお願いしています。
⇒最終便クルーは、NO INFO (SDJ石川高)",滝,2,Field,99999999,2018/04/08,99999999,2018/04/08
58875,ERJ170,JA214J,ITM,,,"From JAMIS",2,CLOSE,"72 ",02,P3,02,R3,,,0,0,0,0,"LH ENG BSI実施、LEAK CK RUN未実施です。朝一お願いします。(LH IGN、S18 REMV/INST
⇒実施しました(4/9 藤原)",長谷川,2,Field,99999999,2018/04/08,99999999,2018/04/08
58874,ERJ190,JA246J,ITM,,,"From JAMIS",2,CLOSE,"23 ",02,P3,02,R3,,,0,0,0,0,"CREWからMCDUに""DATA LINK NO COMM""が頻繁に出るとINFO、LAN STATUSはALL GREENでACARS STSはNO COMMだったのでPROC 6 RESET TEST実施してNORMを確認して出ています。
⇒STYまでNML。(長井)",塚越,2,Field,99999999,2018/04/08,99999999,2018/04/08
58872,ERJ170,JA221J,ITM,,,"From JAMIS",2,CLOSE,"25 ",02,P3,02,R3,,,0,0,0,0,"CAP SHET RH ARMREST COND NGの件、ARMCAP交換実施。レ点消しました。",横山,2,Field,99999999,2018/04/08,99999999,2018/04/08
58871,ERJ170,JA227J,ITM,,,"From JAMIS",2,CLOSE,"00 ",02,P3,02,R3,,,0,0,0,0,"XM4220 FRLY SHIP STS。1.CKPT CREW ONLY　2.OH STWAGE DR ALL CLS　3.ALL DR ARMED　4.FUEL 16300 lbs LOADED",島岡,2,Field,99999999,2018/04/07,99999999,2018/04/07
58870,ERJ190,JA252J,ITM,,,"From JAMIS",2,CLOSE,"25 ",02,P3,02,R3,,,0,0,0,0,"CBN NENOにて、SEAT 5KのRECLININGがもたれると倒れるとの事。UP POSでACTのPLUNGERを少し押していたのでADJしてOKになりました。CBN MEMO CLOSED。",横山,2,Field,99999999,2018/04/07,99999999,2018/04/07
58869,ERJ170,JA223J,ITM,,,"From JAMIS",2,CLOSE,"00 ",02,P3,02,R3,,,0,0,0,0,"便間INFO-O2 1900PSI, OIL 10.2, 10.6, DR N2/T/B OK",上田,2,Field,99999999,2018/04/07,99999999,2018/04/07
58866,ERJ190,JA244J,ITM,,,"From JAMIS",2,CLOSE,"49 ",02,P3,02,R3,,,0,0,0,0,"申し送りにあるAPU HIGH EGTの件2372/2407便間で拾っていました。BOTH PACK OKで490℃、BOTH PACK OFFで370℃位でした。
FAULT CODE:49105425APUです。",安池,2,Field,99999999,2018/04/07,99999999,2018/04/07
58864,ERJ190,JA242J,ITM,,,"From JAMIS",2,CLOSE,"00 ",02,P3,02,R3,,,0,0,0,0,"日中帯作業①A C'K(HYD見る系)、②PHRS-LH BOTH MAIN TIRE CHG実施しました。",梅本,2,Field,99999999,2018/04/07,99999999,2018/04/07
58863,ERJ190,JA248J,ITM,,,"From JAMIS",2,CLOSE,"56 ",02,P3,02,R3,,,0,0,0,0,"CAPT&CO-PI SIDE共にWINDSHIELDにWIPER RUBBERの汚れがこびり付いているのでCLEANINGお願いします。
⇒CLEANING実施しました。（岩崎）",安田,2,Field,99999999,2018/04/07,99999999,2018/04/07
58862,ERJ190,JA242J,ITM,,,"From JAMIS",2,CLOSE,"24 ",02,P3,02,R3,,,0,0,0,0,"申し送りのBPT件、P/Mで#1 GCU交換しました。ENG START SEQUENCEを変えてのENG RUN UPでのOPE C'KもOKでした。様子見てください。PARTSはUNSERで返却しました。申し送りレ点残しておきます。",岡本,2,Field,99999999,2018/04/07,99999999,2018/04/07
58861,ERJ190,JA242J,ITM,,,"From JAMIS",2,CLOSE,"25 ",02,P3,02,R3,,,0,0,0,0,"AFT LH(L2)ATT SEATのBELTが一部WORN(ほつれ)があります。
MNT CHANCEの機会で交換の検討お願いします。
現物P/N:504580-407-8013 ITMに1EA在庫有り。
⇒交換してOK。・・過去にもありますが、190は、IPCに上記P/Nが記載無き為技検をあげる必要ありです。交換する時注意してください。IPCに追加してもらうようにお願いしてあります。(三浦ち)",佐川,2,Field,99999999,2018/04/07,99999999,2018/04/07
58860,ERJ170,JA221J,CTS,,,"From JAMIS",2,CLOSE,"25 ",02,P3,02,R3,,,0,0,0,0,"CAPT SEAT R/H ARMREST革部分めくれありとのCREW INFO (写真をREPORTにあげてます)。CTSに適当な接着剤無き為、両面TAPEにてTEMPORALYにとめています。ITMにてRE-CKお願い致します。NO SQ UPです。
⇒ARMCAP交換実施(4/8 ITM横山)",滝,2,Field,99999999,2018/04/07,99999999,2018/04/07
58859,ERJ190,JA251J,ITM,,,"From JAMIS",2,CLOSE,"00 ",02,P3,02,R3,,,0,0,0,0,"SEAT 30KにてVOMITあり。CLEANING実施しましたが床がWETのためSEAT BLOCKしました。その他はCONDITION OK。次便にてFLOOR乾いていたらSEAT BLOCK解除お願い致します。
⇒ほぼ乾いていました。SEAT BLOCK 解除しています。  KOJ　永島",石川義,2,Field,99999999,2018/04/07,99999999,2018/04/07
58858,ERJ170,JA218J,ITM,,,"From JAMIS",2,CLOSE,"78 ",02,P3,02,R3,,,0,0,0,0,"A CKのLH ATS OIL CHGにて、OILとMAGTIPにMETAL FOUND。ATS交換しました。MOTORINGにてLEAK＆OPE CK完了。朝一ENG RUNでLEAK CKお願いします。
⇒LEAK C'K OK(4/8花田)",佐藤TO,2,Field,99999999,2018/04/07,99999999,2018/04/07
58857,ERJ170,JA218J,ITM,,,"From JAMIS",2,CLOSE,"00 ",02,P3,02,R3,,,0,0,0,0,"SPARE LOG搭載お願いします。黒バックに準備中です。（前日分申し送りレ点あり）搭載されたら、レ点消してください。
⇒載せました(4/8花田)",森本,2,Field,99999999,2018/04/07,99999999,2018/04/07
58856,ERJ170,JA211J,KMI,,,"From JAMIS",2,CLOSE,"31 ",02,P3,02,R3,,,0,0,0,0,"FLT3639 ARR CREW口頭にてFLT中PRINER FAILが4回程度あったとの事。CMCにアクセスしようと試みたがCMC FAILしていてアクセスできず。MAU1 PWR3 CCB RESETにてCMC OK & LAN STATUS OK 且つPRINTER OPE CK OK。
3642/STY NORM (FUK 前田)",新宮領,2,Field,99999999,2018/04/07,99999999,2018/04/07
58855,ERJ170,JA218J,ITM,,,"From JAMIS",2,CLOSE,"26 ",02,P3,02,R3,,,0,0,0,0,"FLEET REQJOBのBODYFAIRING NUT交換実施しました。",佐藤TO,2,Field,99999999,2018/04/07,99999999,2018/04/07
58854,ERJ170,JA213J,AXT,,,"From JAMIS",2,CLOSE,"52 ",02,P3,02,R3,,,0,0,0,0,"L1 Door後方のRoller Fitting(Command Ramp)がWornして針状のバリが出ていました。（触ったら指先がザックリ切れました）　
Field Reportに写真入れています。Borading直前だったので仕方なくそのまま出しています。ITMにてSmooth Outしてください
⇒該当箇所、組やすりと紙やすりでSmooth Out実施完了（ITM/S 竹中）",山崎,2,Field,99999999,2018/04/07,99999999,2018/04/07
58852,ERJ170,JA211J,FUK,,,"From JAMIS",2,CLOSE,"32 ",02,P3,02,R3,,,0,0,0,0,"3642/STY  R O/B BRK WEARがHOT CONDで1MM程度でした。
⇒交換しました。(ITM　4/8 三浦ち)",前田,2,Field,99999999,2018/04/07,99999999,2018/04/07
58851,ERJ170,JA223J,ITM,,,"From JAMIS",2,CLOSE,"25 ",02,P3,02,R3,,,0,0,0,0,"COAにてSTRECHERのFIT CK実施しました。　",佐川,2,Field,99999999,2018/04/07,99999999,2018/04/07
58850,ERJ170,JA221J,CTS,,,"From JAMIS",2,CLOSE,"32 ",02,P3,02,R3,,,0,0,0,0,"RH OB MAIN TIREそろそろ交換時期かもです。MONITORお願い致します。
⇒ITM O/Nにて交換しました。(4/8 ITM佐川)",滝,2,Field,99999999,2018/04/07,99999999,2018/04/07
58848,ERJ170,JA225J,ITM,,,"From JAMIS",2,CLOSE,"36 ",02,P3,02,R3,,,0,0,0,0,"F3587 CRUISE中、BLEED 2 FAIL MSG APPEAR。その後CK LIST実施で、以降NMLとのINFOがありました。
CMCはR BLD SLAT SPLY TEMP(MISCOMP)(C1)&(C2)MEMORY。FAULT CODE 36146224AM1 & AM2です。以降NMLの為NO ACTIONです。",奈良,2,Field,99999999,2018/04/07,99999999,2018/04/07
58847,ERJ170,JA214J,ITM,,,"From JAMIS",2,CLOSE,"27 ",02,P3,02,R3,,,0,0,0,0,"早降ろしして先日4/4の“SPOILER FAULT”MSG APPEAR。“FLT CTRL NO DISPATCH”のT/S実施
・QAR解析⇒決めてなし
・SPOILER DEPLOY TEST⇒DROP RATE NORM
結果P/Mで
・RH IB MFS CHG、(RH #3)(川崎、南條)
・NO.1 BOOTSTRAP PRIORITY VALVE CHG(山下S,村井,松原)",山下S,2,Field,99999999,2018/04/06,99999999,2018/04/06
58846,ERJ170,JA225J,HNA,,,"From JAMIS",2,CLOSE,"25 ",02,P3,02,R3,,,0,0,0,0,"2187/2190にてFWD WTR BOILER FAIL LT点灯したとのCBN MEMO有り。確認すると、[***_**]のモールス表示。尚、BOILERは暖まっていました。LONG TIME CB RESETでBACK TO NORM。自分の持っている資料では上記モールスの意味は分からず。CBN MEMO CLOSED。",角田,2,Field,99999999,2018/04/06,99999999,2018/04/06
58845,ERJ170,JA220J,ITM,,,"From JAMIS",2,CLOSE,"33 ",02,P3,02,R3,,,0,0,0,0,"RH FWD MAIN NAV LT OUTでMEL適用中、最近は3/26にBULB CHGしています。その時SOCKETの穴1つ黒ずんでいたそうです。
LAMP P/N = HLX64621, LT ASSY P/N = 30-2683-14 在庫ありです。
AMOS 100'413'550/SQ CARD発行デス。
⇒NAV L'T ASSYで交換しました。L'T C'K OK。PLACARD REMOVE。MEL CLOSE（ITM 服部）",竹田,2,Field,99999999,2018/04/06,99999999,2018/04/06
58844,ERJ190,JA246J,ITM,,,"From JAMIS",2,CLOSE,"52 ",02,P3,02,R3,,,0,0,0,0,"STY/2401
R1 DOOR OPEN時""プシュー""音が有りました。PRESSは2150PSIでした。
(DIAPHRAGM P/N:FE374129200,O-RING P/N:MS28775-017,O-RING P/N:701-2956-200 全て在庫有り）
⇒STYで確認しましたがプシュー音も鳴らずPRESSも問題無かったため本日はNO ACTION。(安井)",樋口,2,Field,99999999,2018/04/06,99999999,2018/04/06
58843,ERJ190,JA242J,ITM,,,"From JAMIS",2,CLOSE,"33 ",02,P3,02,R3,,,0,0,0,0,"COCKPIT PASSENGER SIGNS LT PNL。シートベルトサインのSWがふにゃふにゃです。時間あるとき交換して下さい。MS21347-231 2個在庫有り。

⇒SW単体で交換。OPE CK OK (ITM  松原)",竹田,2,Field,99999999,2018/04/06,99999999,2018/04/06
58842,ERJ170,JA226J,KIJ,,,"From JAMIS",2,CLOSE,"35 ",02,P3,02,R3,,,0,0,0,0,"JUST INFO
O2:1780psiです。本日からCTS 3泊。
CTS整備様モニター願います。
⇒JL2871 CTS ARR時1820psi。(CTS 滝)",藤原,2,Field,99999999,2018/04/06,99999999,2018/04/06
58841,ERJ190,JA252J,SDJ,,,"From JAMIS",2,CLOSE,"25 ",02,P3,02,R3,,,0,0,0,0,"JL2205にて S/N 18Kの床にスープをこぼしたとの事でしたので　クリーニングを実施しましたが完全には乾ききれず、JL2206につきましてはLAST PRIORITYをかけました。　ITM ARR時　確認をお願いします。⇒　OKでしたのでLAST PRIORITY解除しました。(4/6 長井)",赤島,2,Field,99999999,2018/04/06,99999999,2018/04/06
58839,ERJ170,JA221J,SDJ,,,"From JAMIS",2,CLOSE,"25 ",02,P3,02,R3,,,0,0,0,0,"S/N 9K窓際のARMRESTにささくれのようなほつれがあり、SDJKLMにてTRIM CUTしました。まだ若干のささくれがあります。STAYで可能でしたらTRIM CUTお願いします。
⇒OKです。(CTS/髙橋)",小林A,2,Field,99999999,2018/04/06,99999999,2018/04/06
58838,ERJ170,JA222J,FUK,,,"From JAMIS",2,CLOSE,"34 ",02,P3,02,R3,,,0,0,0,0,"3591/始発　PWR INにてADS 1 FAIL(C) ,ADS 1 FAULT(A)がでました。
PWR IN後10分ぐらいで何もせず消えたのでそのままDEPしました。
CMCではAIR/AOA SNSR 1(UNIL) FAULT AIR/AOA SNSR (PT ADA1)/ WRG FAULTをMEMORYしていました。
⇒STYまでNML(西垣)",前田,2,Field,99999999,2018/04/06,99999999,2018/04/06
58837,ERJ190,JA246J,ITM,,,"From JAMIS",2,CLOSE,"25 ",02,P3,02,R3,,,0,0,0,0,"STY/2401
FWD GLYのゴミ箱のフタが閉まりづらい。STYでCORRECTIONお願いします。
（WASTE COMPT FLAP ASSY P/N:17042817-401 在庫有り、SPRING P/N:458-4-2693 在庫あり）
⇒交換実施。(安井)",樋口,2,Field,99999999,2018/04/06,99999999,2018/04/06
58836,ERJ170,JA227J,ITM,,,"From JAMIS",2,CLOSE,"23 ",02,P3,02,R3,,,0,0,0,0,"ACARS NO COMMの件、本日は終日NO INFOでした。",西垣,2,Field,99999999,2018/04/06,99999999,2018/04/06
58835,ERJ190,JA248J,NGS,,,"From JAMIS",2,CLOSE,"25 ",02,P3,02,R3,,,0,0,0,0,"CBN MEMO : 29A SEATBELT DIRTY.
⇒RPLCED SEATBELT THEN COND C'KED OK.",中村,2,Field,99999999,2018/04/06,99999999,2018/04/06
58834,ERJ170,JA216J,TKN,,,"From JAMIS",2,CLOSE,"00 ",02,P3,02,R3,,,0,0,0,0,"INFO : 奄美リモートタワー無線から JL3796 T/O ROLLにて小鳥の群れが見えたとの無線をMONITORしましたのでTKN RUNWAY CKしましたが異常ありませんでした。KOJにそのまま向かいました。",松本H,2,Field,99999999,2018/04/06,99999999,2018/04/06
58833,ERJ170,JA220J,ITM,,,"From JAMIS",2,CLOSE,"00 ",02,P3,02,R3,,,0,0,0,0,"申し送りのGEARのBONDING JUMPER 3か所交換しました。
申し送りのFUELING PNLのFOLDING STRUT交換しました。",服部,2,Field,99999999,2018/04/06,99999999,2018/04/06
58832,ERJ190,JA247J,ITM,,,"From JAMIS",2,CLOSE,"36 ",02,P3,02,R3,,,0,0,0,0,"最終LEGでLH HPSOV(CLOSED) [C2]/WRG FAULT 36111103AM2 ACTIVEでした。FIMにしたがってTM IBIT PASS & MSG INACTIVE。直近では4/2に一度拾っています。",林Ｋ,2,Field,99999999,2018/04/06,99999999,2018/04/06
58831,ERJ170,JA211J,FUK,,,"From JAMIS",2,CLOSE,"73 ",02,P3,02,R3,,,0,0,0,0,"NO 1 ENG 2LEG目にLONG TIME DISPATCHのMEMORYあり。CODEは73216724。
CMCではM/MSG (LT T2 ADS - FADEC DISAGREE[E1A]&[E1B])をSTORE。COEE:73216724E1A&E1Bでした。
その後のFLTには記録なし。LONG TIME DISPATCHはERASEしてます。JUST INFO。",秋山,2,Field,99999999,2018/04/06,99999999,2018/04/06
58829,ERJ190,JA243J,HND,,,"From JAMIS",2,CLOSE,"22 ",02,P3,02,R3,,,0,0,0,0,"NOTE LDG後　AP&AT FAIL MSG APRDしてすぐ消えたそうです。STRONG WIND CONDでしたので、OKにしました。",須藤,2,Field,99999999,2018/04/06,99999999,2018/04/06
58828,ERJ170,JA218J,FUK,,,"From JAMIS",2,CLOSE,"00 ",02,P3,02,R3,,,0,0,0,0,"JL3684/STAY SPARE FLT LOGを使用しました。ITM O/N STAYでSPARE FLT LOGの補充をお願いします。（FUK佐藤）
⇒載せました(4/8花田)",佐藤,2,Field,99999999,2018/04/06,99999999,2018/04/06
58827,ERJ190,JA252J,ITM,,,"From JAMIS",2,CLOSE,"25 ",02,P3,02,R3,,,0,0,0,0,"2212にてSEAT 22HK FLOORにCOFFEEによる汚損有。
CLNG実施。22HK LAST PRIORITYかけました。STYで確認し解除お願いします。
⇒解除連絡OKです。(4/7林あ)",古賀,2,Field,99999999,2018/04/06,99999999,2018/04/06
58826,ERJ170,JA220J,AXT,,,"From JAMIS",2,CLOSE,"25 ",02,P3,02,R3,,,0,0,0,0,"13Aの（14Aが使う）SEAT POCKET SPRING左側が調子悪いです。ITM STAYにてFOLLOWをお願いします。
⇒POCKET SPRING交換しました。MEMO CLOSE（ITM 服部）",山崎,2,Field,99999999,2018/04/06,99999999,2018/04/06
58825,ERJ170,JA218J,FUK,,,"From JAMIS",2,CLOSE,"52 ",02,P3,02,R3,,,0,0,0,0,"BODY FAIRINGのNUT 1EAのCONDがよくないです。
場所はWHEELの形状に丸くCUTされている前後(192DLと195NL)のつなぎ目の列です。
4/2 N/STAY時に発見してSCREW INSTしたのですが、なか2日で同じSCREWで再発ですのでNUTのSELF LOCKがPOORだと思います。
SCERWの詳細な場所についてはLSにMAILで写真を添付してありますので、ご参照下さいませ。
⇒FLEET REQJOBのBODYFAIRING NUT交換実施しました。（4/7佐藤）",塩田,2,Field,99999999,2018/04/05,99999999,2018/04/05
58824,ERJ170,JA224J,MYJ,,,"From JAMIS",2,CLOSE,"25 ",02,P3,02,R3,,,0,0,0,0,"L2 DOOR前のL/H WINDSCREENでしたっけ？よく壊れるLATCHですが、HINGE PINがずれて片持ちになり斜めってSTOWできない状態でした。
はずしてHINGE PINを叩き入れましたが、あまりよくないです。交換おねがいします。
⇒P/MでLATCH交換しました。（4/5 ITM山下S）",神谷,2,Field,99999999,2018/04/05,99999999,2018/04/05
58823,ERJ190,JA245J,HND,,,"From JAMIS",2,CLOSE,"25 ",02,P3,02,R3,,,0,0,0,0,"CAPTよりSHIP搭載携帯のBATT LOWとのことです。STYで充電願います。
⇒STYにて充電しました。(ITM 古賀)",須藤,2,Field,99999999,2018/04/05,99999999,2018/04/05
58822,ERJ190,JA244J,ITM,,,"From JAMIS",2,CLOSE,"52 ",02,P3,02,R3,,,0,0,0,0,"2240 ARR時、”FWD PAX DOOR OPEN”(W)MSG APPEARED。詳細確認した所、LATCH INDのERASTIC PINが完全にSHEARしてました。
DOOR LATCH VISUAL INDをMEL52-70-01-01でC/Oしました。L1 DOOR LATCH IND部にINOP PLACARD貼ってます。
※毎FLT MAINTによる確認が必要です。
⇒JL2243/2244 LOG処理OK、DOOR IND CK OKです。（KIJ岩井）
⇒JL2207/2208 LOG処理OK、DOOR IND CK OKです。(SDJ吉田)
⇒JL2208/2441 LOG処理OK、DOOR IND CK OKです。(ITM鈴木)
⇒JL2441/2442 LOG処理OK、DOOR IND CK OKです。(KMI奥村)　
⇒O/NにてERASTIC PIN交換しました。MEL & AMOS CLOSE完了。INOP PLACARD RMVしました。(4/5 松原)",南條,2,Field,99999999,2018/04/05,99999999,2018/04/05
58821,ERJ190,JA245J,SHM,,,"From JAMIS",2,CLOSE,"25 ",02,P3,02,R3,,,0,0,0,0,"CA INFO:AFT GLY COFFEE MAKERよりOVERFLOWした。
OVERFLOW SSRをCLEAN UPし様子を見てもらっています。
→691(HND-KMI)でも発生、再度SSR CLNし、OPE CK OKを確認。様子見お願いしています。(KMI 奥村)
⇒その後NML.(ITM 古賀)",藪下,2,Field,99999999,2018/04/05,99999999,2018/04/05
58820,ERJ190,JA245J,SHM,,,"From JAMIS",2,CLOSE,"25 ",02,P3,02,R3,,,0,0,0,0,"CA INFO:FWD GLY COFFEE MAKARで作ったCOFFEEが少し臭う。
AIR BLEED実施し様子を見てもらっています。
⇒STY CREWに確認したら問題ないとのこと。(ITM 古賀)",藪下,2,Field,99999999,2018/04/05,99999999,2018/04/05
58819,ERJ170,JA225J,GAJ,,,"From JAMIS",2,CLOSE,"25 ",02,P3,02,R3,,,0,0,0,0,"CA INFO:L/H 最前方のO/H STOWAGEをCLOSE時、LATCHが掛ずらい。LUB実施しましたが、状況変わらず。DOOR OPEN/CLOSEには問題無き為、様子見でDEPしています。
⇒2234/2153 状況変わらずですので次の便間2154/2357で交換お願いします。P/N:H3-1750-6A 払い出し済み（樋口）
⇒交換済み（ITM）",宮本,2,Field,99999999,2018/04/05,99999999,2018/04/05
58818,ERJ170,JA211J,HNA,,,"From JAMIS",2,CLOSE,"33 ",02,P3,02,R3,,,0,0,0,0,"JL3523(FUK→HNA) S/N 9～11AC CEILING L'T OUTでした。MEL33-21-00-A-01適用しております。尚、前後のFAPにPLACARDをINSTALLしております。AMOS:100413477（詳細FUK連絡済）
⇒LAMP CHG完　　MEL CLOSE PLACARD REMOVE(2EA)(KMI イシイ）",武藤,2,Field,99999999,2018/04/05,99999999,2018/04/05
58817,ERJ190,JA250J,SDJ,,,"From JAMIS",2,CLOSE,"32 ",02,P3,02,R3,,,0,0,0,0,"DEP TAXI中、ABS RTOがAUTO DISENGAGE。CMC NO FAULT MEMORY
様子を見て貰っています。
⇒CREW 交代後のF2206では、OKでした。(ITM 武正)

⇒4/6 STAYまで、OKでした。（河内＠ITM）",伊藤礼二,2,Field,99999999,2018/04/05,99999999,2018/04/05
58816,ERJ190,JA245J,HND,,,"From JAMIS",2,CLOSE,"22 ",02,P3,02,R3,,,0,0,0,0,"F213 GTB DUE TO ""AT FAULT""
A/T ARM PB押したところ ""AT FAULT"" ADV MSG APPEARしAT ARM出来なかった為GTB、GTB後、NO FDE、CMC SHOW ""THRUST CONTROL QUADRANT(TCQ) MM=22310013TA2 STORED、この時点でAT ARM PB押したら""AT FAULT"" ADV MSG APPEARしAT NOT ARM、THROTTLE SW TEST ＆ AIOP2A RESET TEST OKだが、引き続きAT NOT ARMED(WITH AT FAULT MSG）、CREWにMEL APPLYをやんわりと拒否されたのでHNDでのCORRを覚悟しながら再度AT ARMしたところ、NO MSGでAT ARM OK、CHANNEL切り替えてもOK
MELはAPPLYせず、FLT RELEASEしました、先ほど無事にHNDをT/Oしました（ダメなら戻って来ると言ってましたのでOKかと）
LS様、最後までご支援ありがとうございました
⇒P/MでTCQ交換しました。AT ARMにしてのAT FAULT MSG出ない事、AT SERVO TEST,AT DISC SW TEST, T/REV OPE CK,TO/GA SW OPE TEST全てOKです。
INSTしたTCQですが、OLDと比較するとT/LVR FORCEが若干重いです。このFORCEに関してはAMM/FIMともにLIMITはありません。
FIMではAT TEST実施してNGならTCQ交換のみ記載あります。明日CREWにMONITORしてもらってください。
個体差&NEWだと思います。(ITM 古賀　2018/4/5)",河合,2,Field,99999999,2018/04/05,99999999,2018/04/05
58815,ERJ170,JA213J,KMI,,,"From JAMIS",2,CLOSE,"05 ",02,P3,02,R3,,,0,0,0,0,"新燃岳の降灰でRUNWAY状況確認をするためにGTBしました。機体の状況の確認ではありませんでしたので何もしていません。",中重,2,Field,99999999,2018/04/05,99999999,2018/04/05
58814,ERJ190,JA242J,ITM,,,"From JAMIS",2,CLOSE,"20 ",02,P3,02,R3,,,0,0,0,0,"BOTH PACK ACCESS PNLのNACA SCOOPのERO TAPE COND悪し、特にLH側はEROSION進んでいます。ITM STYで貼り替えねがいます。
⇒　張り替え完了です。（河内＠ITM）",田村A,2,Field,99999999,2018/04/05,99999999,2018/04/05
58813,ERJ170,JA211J,HNA,,,"From JAMIS",2,CLOSE,"21 ",02,P3,02,R3,,,0,0,0,0,"S/N 17K GASPER OUTLETがDETACHしていました。REINST & OPE OKでした。",武藤,2,Field,99999999,2018/04/05,99999999,2018/04/05
58812,ERJ190,JA250J,ITM,,,"From JAMIS",2,CLOSE,"36 ",02,P3,02,R3,,,0,0,0,0,"朝一RH HPSOV交換後のLEAK CK,OPE CK OKでした。様子見て下さい。",横山,2,Field,99999999,2018/04/05,99999999,2018/04/05
58811,ERJ170,JA212J,KMI,,,"From JAMIS",2,CLOSE,"05 ",02,P3,02,R3,,,0,0,0,0,"新燃岳噴火による灰がうっすら蓄積(DEP準備中に)ブロアーで可能な範囲で除去しましたが、TAKE OFFによる巻き上げにより残留灰があると思います。CAPTからINFOあるかもしれません。FOLLOW願います。",森村,2,Field,99999999,2018/04/05,99999999,2018/04/05
58810,ERJ170,JA215J,HNA,,,"From JAMIS",2,CLOSE,"25 ",02,P3,02,R3,,,0,0,0,0,"JL2831 HNA ARVで13-K SEATに体格の良いお客様が座ると背もたれが傾くようだとのINFOありました。RECLINING ACTのLOCKはOKですが、少しSPONGYです。現状OKですが機会を見て交換をお願い致します。
⇒JL2180 ITM ARRでC`Kしましたが、隣と比べても変わりなくRECLINING,LOCKも問題なしでしたのでNO ACTIONです。(ITM 三浦ち)",関,2,Field,99999999,2018/04/05,99999999,2018/04/05
58809,ERJ190,JA249J,KOJ,,,"From JAMIS",2,CLOSE,"73 ",02,P3,02,R3,,,0,0,0,0,"履歴ありのENG2 LONG TIME DISP MSG ""LT T/R POSITION SENSOR DISAG[E2A]/[E2B] 73215227E2A/E2B""本日のSTYでも拾ってました。FAULTはCLEAR出来ています。",玉城T,2,Field,99999999,2018/04/05,99999999,2018/04/05
58808,ERJ170,JA224J,MYJ,,,"From JAMIS",2,CLOSE,"05 ",02,P3,02,R3,,,0,0,0,0,"JL3595 CAさんより、4/2 CABIN MEMOの“SEAT NO 7-10でT/O 20分後から7-8分間キーンSOUNDあり”の件がCAさん同士で申し送られているようで、“再発してます。ベルトOFFから5分間 SEAT ROW6から7の天井付近でキーン音ありました”との事なので、INPUTしておきます。
⇒STYまでNO INFO (4/5 ITM山下S)",神谷,2,Field,99999999,2018/04/05,99999999,2018/04/05
58807,ERJ170,JA224J,ITM,,,"From JAMIS",2,CLOSE,"32 ",02,P3,02,R3,,,0,0,0,0,"LH OB BRAKE WORN OUTで交換しました。",山下S,2,Field,99999999,2018/04/05,99999999,2018/04/05
58806,ERJ170,JA215J,ITM,,,"From JAMIS",2,CLOSE,"23 ",02,P3,02,R3,,,0,0,0,0,"F2365 PUSH BACK間際にCREWよりINFO。CBNのWI-FI SWのLTが点灯していない。CKPT SW RESETしてもSAME、CREWはWI-FI使えるかMONITORするとのことなのでそのまま行ってもらいました。SW LTの玉切れかと思いますが、様子伺ってください。
⇒球切れでした。交換してOK。（服部）",南條,2,Field,99999999,2018/04/05,99999999,2018/04/05
58805,ERJ190,JA241J,ITM,,,"From JAMIS",2,CLOSE,"00 ",02,P3,02,R3,,,0,0,0,0,"耐検PASSでした。残り作業もすべて終わっています。
明日締めのSVC CKありますのでLOG IN お願いします。",林K,2,Field,99999999,2018/04/05,99999999,2018/04/05
58804,ERJ170,JA220J,ITM,,,"From JAMIS",2,CLOSE,"00 ",02,P3,02,R3,,,0,0,0,0,"CBN MEMO補充できる所で補充お願いします。⇒完了（服部）",山下S,2,Field,99999999,2018/04/05,99999999,2018/04/05
58803,ERJ170,JA220J,ITM,,,"From JAMIS",2,CLOSE,"32 ",02,P3,02,R3,,,0,0,0,0,"LH MLG LWR DOOR BONDING WIRE（2EA）COND 悪いです。ITM STYで交換お願いします。
BONDING WIRE P/N:LN9264-10X200(在庫あり)
⇒交換しました（4/6　服部）",山下S,2,Field,99999999,2018/04/05,99999999,2018/04/05
58802,ERJ170,JA220J,ITM,,,"From JAMIS",2,CLOSE,"25 ",02,P3,02,R3,,,0,0,0,0,"2058でAFT COFFEE MAKER OVER FLOWしたという事でCBN MEMO UP。
SENSOR CLEAN UP THEN BREW OPE CK OKです。",山下S,2,Field,99999999,2018/04/05,99999999,2018/04/05
58801,ERJ170,JA217J,CTS,,,"From JAMIS",2,CLOSE,"34 ",02,P3,02,R3,,,0,0,0,0,"(A/C LOG NOTE ITEM)
NO2 ENG START中、NAVCOM 2 FAIL CAUTION MSG APPEARED。10秒程度で、MSG DISAPPEARED。CMCはNO MAINT MSG、CAS MSGもDISAPPEARED。OPEもNORMALです。（AMOS:100413484）",髙橋,2,Field,99999999,2018/04/05,99999999,2018/04/05
58800,ERJ190,JA242J,SDJ,,,"From JAMIS",2,CLOSE,"25 ",02,P3,02,R3,,,0,0,0,0,"S/N32A SEATBELT WET COND. 時間なきためビニ-ルで巻いてSEAT NO ASSINにしています。
交換お願いします。

⇒　REPLACED 32 SEAT BELT & CLEAN UP OK.(FUK 宗像）",吉田,2,Field,99999999,2018/04/05,99999999,2018/04/05
58799,ERJ170,JA224J,FUK,,,"From JAMIS",2,CLOSE,"24 ",02,P3,02,R3,,,0,0,0,0,"INFO の有ったREMOTE　CB　TRIPの件
STBY　NAV　LT　TRIPPED、CCB　CLS後OPS　CHK　OK. 様子を見て頂いています。
⇒STYまでNORMAL (4/5 ITM山下S)",宗像,2,Field,99999999,2018/04/05,99999999,2018/04/05
58798,ERJ190,JA251J,"LS ",,,"From JAMIS",2,CLOSE,"00 ",02,P3,02,R3,,,0,0,0,0,"(INFO)F2431 ATB DUE KMI RWY CK. KMI RUNWAYの降灰確認の為、ITMへATBしています。後続2432 CNL。",近藤,1,Fleet,99999999,2018/04/05,99999999,2018/04/05
58797,ERJ190,JA251J,NGS,,,"From JAMIS",2,CLOSE,"52 ",02,P3,02,R3,,,0,0,0,0,"JL2375 ARR時にPBB担当者からFWD ENTRY DOOR OPENが非常に硬いとINFOありました。
確認したところDOOR CLOSE状態からEXTERNAL HANDLEを引き上げ、VENT FLAPがOPENするまではスムーズでしたが、そこからHANDLEを引き上げ、DOORを持ち上げる動きに移るところで少し引っかかる感じでした。VENT FLAPがFULL OPENしたら少しHANDLEを戻すとスムーズにOPENできました。CLEANINGのみ実施しています。ITM O/N STAYで詳細確認とLUBをお願いします。
⇒COND CKはOK。EXT HDL SIDE MECH LUB実施。初動を含め全体スムーズになりました。内側からのOPEもOKです。（ITM 林Ｋ）",上野,2,Field,99999999,2018/04/05,99999999,2018/04/05
58796,ERJ190,JA245J,KMI,,,"From JAMIS",2,CLOSE,"38 ",02,P3,02,R3,,,0,0,0,0,"CA INFO:691 CRS中、WATER SYS FAULT LTが数分間点灯したとの事。CMCはFWD DRAIN MASTをMEMORYしていました。GNDでのACT HEAT CKはOK。様子を見てもらっています。
⇒STYまでNML.(ITM 古賀)",奥村,2,Field,99999999,2018/04/05,99999999,2018/04/05
58795,ERJ170,JA214J,CTS,,,"From JAMIS",2,CLOSE,"34 ",02,P3,02,R3,,,0,0,0,0,"JL2718 CRZ中、MCDU2のみCLMB1-CLMB2間でパカパカ切り替わってしまうとNOTE UP。THRUST SETはMCDU1から行い、EICASのTARGET INDはNORMAL。ATもNORMALに追従しています。MCDU2 CCB RESET NO HELPのため、ALL PWR RESETを推奨しましたが、CAPより様子を見るとのことでPWR RESETはしていません。
⇒JL2810 ARR後、ALL PWR RESETし、OPE C'K OKでした。(CTS/髙橋)",関根Ｋ,2,Field,99999999,2018/04/05,99999999,2018/04/05
58794,ERJ170,JA227J,ITM,,,"From JAMIS",2,CLOSE,"23 ",02,P3,02,R3,,,0,0,0,0,"申し送りにあるACARS NO COMMの件、T/SでCOMM 3 MOD交換しました。レ点は残しています。様子見て下さい。",鈴木,2,Field,99999999,2018/04/05,99999999,2018/04/05
58793,ERJ190,JA244J,ITM,,,"From JAMIS",2,CLOSE,"38 ",02,P3,02,R3,,,0,0,0,0,"EVにてFWD DRAIN MAST交換しました。新型のDRAIN MASTとなっています。ちなみにARR時はしっかりHEATINGされていました。",島岡,2,Field,99999999,2018/04/04,99999999,2018/04/04
58792,ERJ170,JA214J,KIJ,,,"From JAMIS",2,CLOSE,"38 ",02,P3,02,R3,,,0,0,0,0,"JL2876 ARR後COCKPITに入ろうとしたらFWD WATER BOILER FAIL L'T点灯していることを発見。
LONG CCB RESETと大量WATER BLEEDでOKになっています。",藤原,2,Field,99999999,2018/04/04,99999999,2018/04/04
58791,ERJ170,JA212J,ITM,,,"From JAMIS",2,CLOSE,"32 ",02,P3,02,R3,,,0,0,0,0,"BOTH MLG MAIN BEAM TOP (TRUNNION) の BONIDING JUMPER CONDITION NGです。NEXT ITM STYで交換検討してください。
P/N:LN9264-10X200N 4ea在庫有り
COTTER PIN P/N = MS24665-153 在庫有り
SEALANT P/N = PR 1440 B-1/2 在庫有り
BLUE COATING P/N = NYCOTE 7-11-DARK 在庫有り
⇒LHのみCUTしていた為交換実施(4/5瀧崎)",仙波,2,Field,99999999,2018/04/04,99999999,2018/04/04
58790,ERJ170,JA220J,FUK,,,"From JAMIS",2,CLOSE,"23 ",02,P3,02,R3,,,0,0,0,0,"F/O SIDE HEAD SETのVOLUMEが小さいとのINF'を受け、OPE CKするとSQ CONFIRMでした。OBSのHEAD SETを使用するとOKになりますのでF/O HEAD SETを交換してOPE CK OKです。",安達,2,Field,99999999,2018/04/04,99999999,2018/04/04
58789,ERJ170,JA224J,KMI,,,"From JAMIS",2,CLOSE,"38 ",02,P3,02,R3,,,0,0,0,0,"3631 CA INFO:AFT LAVのSINK WATERがCLIMB中、流れっぱなしだったとの事。流れる音で気が付いたのでLAVをFLUSHしたら止まった（?)との事でした。
SINKを数回OPEしましたがちゃんと10秒ぐらいで止まるため、様子を見てもらってます。

⇒JL3567 NMLでしたとのCA INF(TKS加藤）
⇒STAYまでNML(FUK 一川)",奥村,2,Field,99999999,2018/04/04,99999999,2018/04/04
58788,ERJ190,JA241J,ITM,,,"From JAMIS",2,CLOSE,"00 ",02,P3,02,R3,,,0,0,0,0,"耐空検査GND TEST実施。NO SQです。",大山,2,Field,99999999,2018/04/04,99999999,2018/04/04
58787,ERJ190,JA245J,HND,,,"From JAMIS",2,CLOSE,"23 ",02,P3,02,R3,,,0,0,0,0,"F214/157 FLT CREW より NOTE で ACARS NO COMM APPEARED MANY TIMES があげられました、PROC 6 RESET で OK となっています。
(INFO ONLY)",田中A,2,Field,99999999,2018/04/04,99999999,2018/04/04
58786,ERJ170,JA220J,FUK,,,"From JAMIS",2,CLOSE,"20 ",02,P3,02,R3,,,0,0,0,0,"JL3582/3629 NOSE L/G STRUT UPLOCK ROLLERの横についているBONDINGがCONDTION悪くなってきています。 （TAXI LTの上、DRAG BRACE LWR ASSYとS/STRUTをつないでるBONDING）時間ある時にBONDINGの交換の計画をお願いします。
⇒P/N:LN9264-4X125 在庫有りです。(LS梅本) COR-BAN 27L, NYCOTE 7-11-DARK BLUE, PR1440B1/2, Milliohmmeter在庫有りです。REF AMM 32-21-03/400 FIG401 ITEM-17 （4/6 LS 上田)
⇒交換しました（4/6阿部）",佐藤,2,Field,99999999,2018/04/04,99999999,2018/04/04
58784,ERJ170,JA224J,FUK,,,"From JAMIS",2,CLOSE,"35 ",02,P3,02,R3,,,0,0,0,0,"CAP SIDE SEAT後方のPBEのシール(通路側)COND悪くなってきています、ITM MAINT CHANCE時CORRお願い致します。
⇒TAMPER SEAL;BP4231
⇒交換しました(FUK 一川)",宗像,2,Field,99999999,2018/04/04,99999999,2018/04/04
58783,ERJ170,JA224J,TKS,,,"From JAMIS",2,CLOSE,"05 ",02,P3,02,R3,,,0,0,0,0,"JL3567 CAさんより、4/2 CABIN MEMOの“SEAT NO 7-10でT/O 20分後から7-8分間キーンSOUNDあり”の件がCAさん同士で申し送られているようで、“NMLでした。”との事なので、INPUTしておきます。
⇒STAYまでNML(FUK 一川)",加藤正,2,Field,99999999,2018/04/04,99999999,2018/04/04
58782,ERJ190,JA245J,HND,,,"From JAMIS",2,CLOSE,"25 ",02,P3,02,R3,,,0,0,0,0,"FWD GLY G2 204 COMPT DOOR SPRING CUT(2EA) CHGED SPRING, OPE C'KED OK.  (S) HLT/B HINO",河合,2,Field,99999999,2018/04/04,99999999,2018/04/04
58781,ERJ190,JA250J,ITM,,,"From JAMIS",2,CLOSE,"31 ",02,P3,02,R3,,,0,0,0,0,"SER-OSA-18-003. QAR CARD(SN:107)健全性の確認の件
F3でSN:107 QAR CARD INSTALLし、SQ発行しています。上記RUN UP終了後、バインダーに入れてあるQAR CARDと交換して下さい。REMOVEしたSN:107は、SEに提出して下さい。　
⇒ENG RUN後、107はSEに提出、115搭載して出しました。ITM 横山",後藤,2,Field,99999999,2018/04/04,99999999,2018/04/04
58780,ERJ190,JA250J,ITM,,,"From JAMIS",2,CLOSE,"36 ",02,P3,02,R3,,,0,0,0,0,"申し送りの”M/MSG ""RH HPSOV (CLOSED)[C1/C2]/WRG FAULT"" 36112103AM1/2”の件
RH ENG HPSOV交換しました。APU BLEEDをかけてのLEAK CKはOK。朝一HI POWERでのLEAK CKお願いします。申し送り添付のAMMの図にアルミホイルを巻いているところをMARKINGしていますのでRMVお願いします。
⇒今回INSTALLしたHPSOVは、前回のSQで取下ろされた不具合がCONFIRMされており、全分解されたものです。S/N:2007070599(後藤）
⇒朝一LEAK CK,OPE CK OKでした。様子見て下さい。ITM 横山",権丈,2,Field,99999999,2018/04/04,99999999,2018/04/04
58779,ERJ190,JA248J,AOJ,,,"From JAMIS",2,CLOSE,"32 ",02,P3,02,R3,,,0,0,0,0,"NO1 BRK TEMP UNRELIABLE 気味のようです。NO1 TEMPのみHIGH傾向にあるようです。AOJ ARR時NO1のみ260くらいでした。他は150くらいです。NO1 BRK COND C'KED OK。CREWの体感も異常なし。異音等もなし。様子見てもらっています。(NO SQ UP)
⇒ITM ARRではLH OBとIBで40℃差程でした。#1と#2でのBRK減り具合もほぼ同じです。N/STYでLH OB/IB共にTEMP SENSOR CONNECTOR CLEANUPしました。様子見てください。(安田)

⇒4/5 NO INFOでした。（河内）",山下,2,Field,99999999,2018/04/04,99999999,2018/04/04
58778,ERJ170,JA211J,ITM,,,"From JAMIS",2,CLOSE,"25 ",02,P3,02,R3,,,0,0,0,0,"STRETCHERのFIT CK実施しました。CK OKです。",岡本,2,Field,99999999,2018/04/04,99999999,2018/04/04
58777,ERJ190,JA252J,ITM,,,"From JAMIS",2,CLOSE,"31 ",02,P3,02,R3,,,0,0,0,0,"SERにてQAR UNIT交換しました。理由はQAR CARDにDATAが正常に記録されないことからです。",西村,2,Field,99999999,2018/04/04,99999999,2018/04/04
58776,ERJ170,JA212J,KMI,,,"From JAMIS",2,CLOSE,"73 ",02,P3,02,R3,,,0,0,0,0,"BOTH ENG ""LONG TIME DISP"" MEMORY していました。
FAULT CODE:73216724 各ENGともBOTH CH拾っていました。現在INACTIVE。FAULTはCLEARしておきました。
⇒MAINT MSG:LT T2 ADS FADEC DISAGREE[E1A/B,E2A/B]。FIMではTAT1/2,ADSPが疑われます。AHEADでは今回が初犯の様です。(LS 梅本)",奥村,2,Field,99999999,2018/04/04,99999999,2018/04/04
58775,ERJ170,JA220J,MYJ,,,"From JAMIS",2,CLOSE,"28 ",02,P3,02,R3,,,0,0,0,0,"燃料屋さんが、FUEL STA PNL RODが曲がっててLOCKしずらいよ、と言ってました。すでに曲がってたからね、と言ってました。
自分もLOCKやってみましたが、RODも真っすぐならず、内側のPARTSが飛び出していてLOCKしずらいです。JUST INFOです。
⇒FOLDING STRUT:H3482K3937、COTTER PIN:MS24665-134在庫有りです(LS 梅本)
⇒STRUT交換しました（4/6　服部）",神谷,2,Field,99999999,2018/04/04,99999999,2018/04/04
58774,ERJ190,JA243J,ITM,,,"From JAMIS",2,CLOSE,"33 ",02,P3,02,R3,,,0,0,0,0,"F2412 RH WING TAXI LT点いてなさそうとの情報でしたが、ITMにて確認したところ点灯状態OKでした。
⇒F2419後、TAPPINGにて点いたり消えたりしてましたので、BULBのTERMINAL RETIGHTにてOKとなりました。
  BULB TERMINAL部のRUBBER COVERが１つCONDが悪くなりつつあるのでMAINT CHANCE時に交換お願いします。
　P/Nは　MS25171-4S　で在庫ありです (KOJ 久高)
⇒交換実施。(しもかわ)",山北,2,Field,99999999,2018/04/04,99999999,2018/04/04
58773,ERJ170,JA214J,"LS ",,,"From JAMIS",2,CLOSE,"27 ",02,P3,02,R3,,,0,0,0,0,"2877 CTS行きFLT中に“SPOILER FAULT”MSG APPEAR。FLT CONT PNLでMODE切り替えしたらMSG DISAPPEARと報告有。AHEADは同時に“FLT CTRL NO DISPATCH”もAPPEAR。FLT中はINHIBITされてます。CORRELATEは“R INBD MFS PCU/FCM3/YOKE LVDT SNSR”27030493FCS。
⇒LDGで“FCND”APPEARしました。CTS MAINTにて確認予定。
⇒CMC""FCP SW FAULT:27030319FCS"" ""R INB'D MFS PCU/FMC3/YOKE LVDT SSR:27030493FCS""をMEMORY。
RTS TESTでFLT CONT NO DISP消えず、SHIP ALL POWER RESETし再度RTS TESTでFCND DISAPPEAR。HYD P-BIT O.KでDEPしました。
AMOS NO:100413325 (CTS大城)

⇒明日CTS STY。明後日ITMにてCORRECTION予定です。MFS PCU、FCM、YOKE LVDT、FCPそれぞれ在庫有です。
⇒過去同じMMSGで212JがCTSでAOGとなっておりました。その時はPRIORITY VLVが原因でLOW PRESSとなりMSGを出していたと思われます。ITM STYでSPOILER DEPLOYMENT TEST実施をお願いします。NGであればPRIORITY VLVの交換をお願いします。OKであればP/MでPCUの交換をお願いします。PRIORITY VLV P/N:975303-3 在庫あり（4/5村上）
⇒・QAR解析⇒決めてなし
  ・SPOILER DEPLOY TEST⇒DROP RATE NORM
結果P/Mで
・RH IB MFS CHG、(RH #3)
・NO.1 BOOTSTRAP PRIORITY VALVE CHG
(川崎,南條,山下S,村井,松原)",林あ,1,Fleet,99999999,2018/04/04,99999999,2018/04/04
58772,ERJ170,JA216J,ITM,,,"From JAMIS",2,CLOSE,"73 ",02,P3,02,R3,,,0,0,0,0,"MEL C/Oしていた""ENG 1 FUEL SW FAIL"" EICAS ADV MSG APPEARの件は、SW交換してOPE、LEAK C'K OK。MEL CLOSEしました。",下川M,2,Field,99999999,2018/04/04,99999999,2018/04/04
58771,ERJ190,JA241J,NGS,,,"From JAMIS",2,CLOSE,"32 ",02,P3,02,R3,,,0,0,0,0,"昨日の残り作業のBRK TEMP SNSRにSUPERCORRを塗布して、ALL作業完了しました。ご支援ありがとうございました。
⇒XM4220 FERRYでITMにDEPしました。ALL DOOR MODE = AUTO。O/H STWG BIN = CLOSEです。CBNにご搭乗の出張整備士2名にINFO済みです。ご支援ありがとうございました。（NGS 上野）
⇒NO SQでITM ARRしました。お疲れさまでした！（ITM)",鈴木J,2,Field,99999999,2018/04/03,99999999,2018/04/03
58770,ERJ170,JA216J,FUK,,,"From JAMIS",2,CLOSE,"23 ",02,P3,02,R3,,,0,0,0,0,"3631 FUK DEP前 ACARS NO COMM頻発するとの事でN/P 6 RESETして様子を見てもらっています。",進,2,Field,99999999,2018/04/03,99999999,2018/04/03
58769,ERJ170,JA216J,FUK,,,"From JAMIS",2,CLOSE,"25 ",02,P3,02,R3,,,0,0,0,0,"G1 GLY 103COMP'T PAPER CLIP SPRING NG
⇒CAB MEMO 18章でC/Oしました。P/N CDSP3700-1(IPC25-31-01 FIG50 ITEM80) AMOS NO 100412811です。
⇒CLIP CHG.C/O CLOSED.(ITM 4/4 杉山）",進,2,Field,99999999,2018/04/03,99999999,2018/04/03
58768,ERJ190,JA246J,SDJ,,,"From JAMIS",2,CLOSE,"25 ",02,P3,02,R3,,,0,0,0,0,"AFT COFFEMAKER OVERFLOW,SENSOR CLEAN UP.OPE C'K OKで様子みてもらってます。
⇒STYまでNML.(ITM岸)",小林A,2,Field,99999999,2018/04/03,99999999,2018/04/03
58767,ERJ170,JA214J,FUK,,,"From JAMIS",2,CLOSE,"52 ",02,P3,02,R3,,,0,0,0,0,"F3592/3625 JGSQさんよりFWD CGO DOOR LININGに欠けがあるとの事。現状でDOOR OPE等に支障なきためMAINT CHANCEでCORRお願いします。
該当部分の写真はFIELD REPORTに添付しました。
⇒REPAIRしました。(ITM吉田と）",秋山,2,Field,99999999,2018/04/03,99999999,2018/04/03
58766,ERJ190,JA241J,NGS,,,"From JAMIS",2,CLOSE,"00 ",02,P3,02,R3,,,0,0,0,0,"SPARE AIRCRAFT LOGBOOK 搭載お願いします。
⇒LOG BAGに入ってます。朝搭載お願いします。",上野,2,Field,99999999,2018/04/03,99999999,2018/04/03
58764,ERJ170,JA212J,HNA,,,"From JAMIS",2,CLOSE,"57 ",02,P3,02,R3,,,0,0,0,0,"LH MOST OB FLAP FAIRING L/EのいつものSEALがCOND NGです。ITM STYで交換お願いします。P/N:170-39830-901or902
⇒交換しました。(安藤)",廣中,2,Field,99999999,2018/04/03,99999999,2018/04/03
58763,ERJ170,JA212J,HNA,,,"From JAMIS",2,CLOSE,"25 ",02,P3,02,R3,,,0,0,0,0,"1CのSEAT BELTのメス側がケバケバになってるので交換して下さい。
⇒交換完了(望月@ITM)",廣中,2,Field,99999999,2018/04/03,99999999,2018/04/03
58762,ERJ190,JA245J,KMI,,,"From JAMIS",2,CLOSE,"25 ",02,P3,02,R3,,,0,0,0,0,"WI-FIの調子が悪かったようです。AIPUのLTは""8"",""9"",""88""でしたのでOKそうですが、PWR RESETして様子を見てもらっています。
⇒STY OKでした。（荒井T@HND）",中重,2,Field,99999999,2018/04/03,99999999,2018/04/03
58761,ERJ190,JA251J,NGS,,,"From JAMIS",2,CLOSE,"25 ",02,P3,02,R3,,,0,0,0,0,"JL2373 CA口頭：SEAT 5AのLEGREST ACT ENDの金属COVER DETACHED。
⇒RE-INST OK。",上野,2,Field,99999999,2018/04/03,99999999,2018/04/03
58760,ERJ170,JA212J,HNA,,,"From JAMIS",2,CLOSE,"35 ",02,P3,02,R3,,,0,0,0,0,"CREW O2 1700PSIでした。
⇒CHARGED(望月@ITM)",廣中,2,Field,99999999,2018/04/03,99999999,2018/04/03
58759,ERJ190,JA250J,ITM,,,"From JAMIS",2,CLOSE,"36 ",02,P3,02,R3,,,0,0,0,0,"M/MSG ""RH HPSOV (CLOSED)[C1/C2]/WRG FAULT"" 36112103AM1/2
本日もほぼ毎LEG STOREされています。AHEAD上、WING A-I VLV OPENのACTIVE/INACTIVEに伴っている感じではありますが、30分程度経過してからSTOREしています。

生産調整の結果、明日4/4のO/N STYでHPSOVを再度交換、明後日4/5の朝にHI-PWR RUN予定(朝一DEPを遅いPATTERNに変更)となりました。
VLV(1001246-3)、E-SEAL(AS1895/23-300)在庫有。

3/17 HPSOV CHGD
3/18 MOTOR DRIVE MOD CHGD
3/30 NAPRSOVとHPSOV SERVO LINEをN2使ってのLEAK CK OK & TQ MOTOR CHGD
⇒RH ENG HPSOV交換しました。（4/4　権丈）
⇒今回INSTALLしたHPSOVは、前回のSQで取下ろされた不具合がCONFIRMされており、全分解されたものです。(後藤）",梅本,2,Field,99999999,2018/04/03,99999999,2018/04/03
58758,ERJ170,JA213J,AXT,,,"From JAMIS",2,CLOSE,"05 ",02,P3,02,R3,,,0,0,0,0,"JL2173にて FL31000FTからのDES開始から約2、3分間 SEAT10列目あたり前後3列からキーーン音があったとのINFOあり。
CBN AREAはCOND C'K OK。外回りもGNDから見える範囲でCOND C'K OKでMONITOR依頼しています。NO CBN MEMO。
⇒次LEGは、無音だったそうです。CBN INFO。(ITM 白坂)
⇒JL2305 ARRではDESCENT開始から2分間キーン音ありました。SEAT ROW 10～14 CEILING内とINFOありました。(MYJ 神谷)",鹿嶋,2,Field,99999999,2018/04/03,99999999,2018/04/03
58757,ERJ170,JA212J,OIT,,,"From JAMIS",2,CLOSE,"38 ",02,P3,02,R3,,,0,0,0,0,"2365 ARR SPOT IN後 AFT ATT PNLのWATER FAULT LTが点灯したとの事、CMC確認した所、AFT DRAIN MASTをACTIVEで拾っていました、実際のHEATINGはちょっと弱いかなと言う感じでCB RESETしてもSAMEでした。
CBN CREWとFLT CREWには状況説明して様子見でFLTお願いしています。
⇒次のITMではFAULT LTは点いておらず、HEATINGも充分されてました。(岡本)",塚原,2,Field,99999999,2018/04/03,99999999,2018/04/03
58756,ERJ170,JA214J,ITM,,,"From JAMIS",2,CLOSE,"21 ",02,P3,02,R3,,,0,0,0,0,"EVにて、R PACK BYPASS VLV交換しました。",吉田と,2,Field,99999999,2018/04/03,99999999,2018/04/03
58755,ERJ170,JA217J,CTS,,,"From JAMIS",2,CLOSE,"25 ",02,P3,02,R3,,,0,0,0,0,"SEAT NO.18C 着座時に”ペコン”という音がするとのCA INFO有りました。
C'Kにて天板（BOTTOM CUSHIONが取りつく板）からの音でした。現状特に問題無き為OKとしています。",大森,2,Field,99999999,2018/04/03,99999999,2018/04/03
58754,ERJ170,JA227J,KOJ,,,"From JAMIS",2,CLOSE,"00 ",02,P3,02,R3,,,0,0,0,0,"機体搭載の予備のLOGがなくなりました。　ITM　ARR時に補充願います。
⇒SPARE LOG 搭載完（4/5 2050/2361 樋口）",加藤A,2,Field,99999999,2018/04/03,99999999,2018/04/03
58753,ERJ190,JA251J,KIJ,,,"From JAMIS",2,CLOSE,"38 ",02,P3,02,R3,,,0,0,0,0,"JL2251 CA口頭：FWD WATER BOILER FAIL L'Tがついている。
LONG CCB & 大量WATER BLEEDでBACK TO NML。
NO CBN MEMOです。
⇒STYまでOKでした（ITM 花田）",藤原,2,Field,99999999,2018/04/03,99999999,2018/04/03
58751,ERJ170,JA222J,GAJ,,,"From JAMIS",2,CLOSE,"38 ",02,P3,02,R3,,,0,0,0,0,"CA INFO：FLT中AFT FAPのWATER FAULT LTが点灯して消えたそうです。CMCにはFWD DARIN MAST(38000221WWS)を拾ってました。
GNDでのACT HEATINGはOK。次便様子を見てもらってます。
⇒点灯は一回だけで、その後はNML OPE & NO-CMC MEMO。NO-CBN MEMO UPです。(FUK水の)",河村,2,Field,99999999,2018/04/03,99999999,2018/04/03
58750,ERJ170,JA214J,FUK,,,"From JAMIS",2,CLOSE,"32 ",02,P3,02,R3,,,0,0,0,0,"JL3602 APP中、""BRK FAULT""(A)が一瞬点灯したそうです。CMC LAST FLT LEGには、FAULT NAME:BCM2/MAU2 NWSCM/WRG (MAU1 ASCB)
FAULT CODE:32533301NWS NO ASCB COMMMUNICATION FROM BCM2 TO NWSCMを1秒拾っていました。現在 BRAKE OPE CK OK.JUST INFO です。
⇒JL3607 NML OPE.(MYJ@かみや)
⇒その後NORM(ITM吉田と）",安達,2,Field,99999999,2018/04/03,99999999,2018/04/03
58749,ERJ190,JA251J,ITM,,,"From JAMIS",2,CLOSE,"25 ",02,P3,02,R3,,,0,0,0,0,"JL2246 CA口頭：SEAT 21A BACKRESTのガタが大きい。
C'Kにて、RECLINING ACTのNUT LOOSEのためRETIGHTしてOPE NML。",後藤,2,Field,99999999,2018/04/03,99999999,2018/04/03
58748,ERJ170,JA214J,ITM,,,"From JAMIS",2,CLOSE,"25 ",02,P3,02,R3,,,0,0,0,0,"レ点申し送りの S/N10HKプラカードの件、PARTS入荷の為交換しました。",吉田と,2,Field,99999999,2018/04/03,99999999,2018/04/03
58747,ERJ170,JA223J,ITM,,,"From JAMIS",2,CLOSE,"31 ",02,P3,02,R3,,,0,0,0,0,"<JUST INFO>APU PWR INで""CMS FAULT"" ADV MSG APPEARED.CODE:31410000CM2.PROC4 RESET TESTでMSG OFF.履歴もCMCではなし。(FIMではPROC4 TEST→CCB→PROC4交換といった流れでした)",岸,2,Field,99999999,2018/04/02,99999999,2018/04/02
58746,ERJ170,JA225J,MMB,,,"From JAMIS",2,CLOSE,"25 ",02,P3,02,R3,,,0,0,0,0,"F2715(CTS→MMB)
CA口頭INFO：WATER BOILERのGREEN LTが点滅する
NO WATER/FAULT LTはOFF、電源を入れた時と同じ間隔で点滅しモールス信号ではないようです、SWでONにしようとしても
出来なかったので一度CCBをRECYCLE(3-4分)してBACK TO NML。
様子を見てもらっています。(MMB碓井)
⇒次便NMLです。(CTS 滝)",碓井,2,Field,99999999,2018/04/02,99999999,2018/04/02
58745,ERJ170,JA211J,ITM,,,"From JAMIS",2,CLOSE,"32 ",02,P3,02,R3,,,0,0,0,0,"LH IB BRAKE LWR まもなくです。
⇒交換しました（相原）",赤坂,2,Field,99999999,2018/04/02,99999999,2018/04/02
58744,ERJ170,JA223J,HNA,,,"From JAMIS",2,CLOSE,"25 ",02,P3,02,R3,,,0,0,0,0,"2185にてVOMITによりSEAT13,14HKをBLOCKしてます。13HKのSEAT BELT&BTM COVER交換して下さい。その他はCLEANING OK,14HKについては足元がWETの為なので乾けば問題無しです。
⇒SEAT BELTのみ交換してBLOCK解除(角)",廣中,2,Field,99999999,2018/04/02,99999999,2018/04/02
58743,ERJ190,JA250J,ITM,,,"From JAMIS",2,CLOSE,"72 ",02,P3,02,R3,,,0,0,0,0,"RH ENG FAN VIB HI TENDENCYのSERでFAN TRIM BALANCE実施。TRIM前はN1:86.7%、PEAK:1.4。TRIM後はN1:89.8%、PEAK:0.4となったのでOKとしました。",梅本,2,Field,99999999,2018/04/02,99999999,2018/04/02
58742,ERJ190,JA250J,ITM,,,"From JAMIS",2,CLOSE,"36 ",02,P3,02,R3,,,0,0,0,0,"昨日のTQ MOTOR交換後のBREED OPE C'K OKでした。昨日REMOVEされていたTQ MOTORはFILTER C'Kしましたが綺麗でした。",梅本,2,Field,99999999,2018/04/02,99999999,2018/04/02
58741,ERJ190,JA245J,HKD,,,"From JAMIS",2,CLOSE,"25 ",02,P3,02,R3,,,0,0,0,0,"2124
SEAT 1A飲み物をこぼして汚損しました。SEATとBELTはCLEAN UP OK.FLOORが少しWET CONDITIONです。SEAT 1AはBLOCKしています。
様子見てBLOCK解除お願いいたします。
⇒ITMにてCK OKでBLOCK解除しました。",増田,2,Field,99999999,2018/04/02,99999999,2018/04/02
58740,ERJ170,JA224J,FUK,,,"From JAMIS",2,CLOSE,"05 ",02,P3,02,R3,,,0,0,0,0,"JL2053にて SEAT NO 7-10でT/O 20分後から7-8分間キーンSOUNDありと、LOG UPされました。
当該AREA CEILING COND OKにてOKとしています。",安達,2,Field,99999999,2018/04/02,99999999,2018/04/02
58739,ERJ190,JA252J,SDJ,,,"From JAMIS",2,CLOSE,"25 ",02,P3,02,R3,,,0,0,0,0,"CLASS J SINGLE(L/H SIDE)の通路側ひじかけ（TABLE収納部のCOVER）を取り付けているSCREWが脱落し、TABLE収納部内部に落ちていました。3A SEAT INST OK.4A SEATについても同様でした、時間のある時RECKお願いします。(IPC25-26-97 P10058 ITEM10です）
⇒NAS602-6 8本 PICKSLIP済み ITMにてRECKします。(LS 上田)
⇒ALL CLASS J SEAT RECK 完。何本か脱落 & 緩んでました。INST & RETIGHT済み。（南條）",小林A,2,Field,99999999,2018/04/02,99999999,2018/04/02
58738,ERJ190,JA248J,ITM,,,"From JAMIS",2,CLOSE,"25 ",02,P3,02,R3,,,0,0,0,0,"2400/2403 CBN MEMO, FWD COFFEE MKR BREW出来ない。COFFEE MKR交換しました。",赤坂,2,Field,99999999,2018/04/02,99999999,2018/04/02
58737,ERJ170,JA216J,FUK,,,"From JAMIS",2,CLOSE,"73 ",02,P3,02,R3,,,0,0,0,0,"ENG 1 FUEL SW FAIL"" EICAS ADV MSG APPEARの件、F3620では出なかったそうです。GNDでも出てません。CMCもNO MEMORY.
MELはSTILL C/O中です。
⇒ISSUED SQ CARD 2053010418ITM001 。日中帯のOPERATIONでは全く出ていないようです。引き続きMEL73-31-01適用中。(ITM/S竹中）",谷邨,2,Field,99999999,2018/04/02,99999999,2018/04/02
58736,ERJ170,JA216J,"LS ",,,"From JAMIS",2,CLOSE,"73 ",02,P3,02,R3,,,0,0,0,0,"MEL STILL C/O中の""ENG 1 FUEL SW FAIL"" EICAS ADV MSG。
本日の始発便からMSGは消えていますが、STILL C/Oのままです。MEL継続中の為、OPにて#1 ENG AC PUMP ""ON""でOPERATIONしています。",前甲,1,Fleet,99999999,2018/04/02,99999999,2018/04/02
58734,ERJ170,JA212J,CTS,,,"From JAMIS",2,CLOSE,"38 ",02,P3,02,R3,,,0,0,0,0,"3/26 AFT LAV FAUCET NOT SPOTで調整されていた件。
朝の立ち上げで水が止まるまで１分位かかるとの事で、再ADJしました。
様子を見てもらっています。
⇒SDJKLMで確認したところ、特に問題なさそうです。SDJKLM＠小林
⇒INFOありがとうございます。ADJしても安定しないようなので4/3 ITM O/N STYでELEMENT (P/N = 2980192100110)の交換を検討します。PACKING P/N = 025-07-095も在庫ありです。（4/2 LS 上田)
⇒4/3 ELEMENT交換。(安藤)",大森,2,Field,99999999,2018/04/02,99999999,2018/04/02
58733,ERJ170,JA223J,KMJ,,,"From JAMIS",2,CLOSE,"52 ",02,P3,02,R3,,,0,0,0,0,"2383 KMJ行きFLT中に「R2 DOOR ARM INDが見えずらい」とINFOあり。
ARR時に確認したところ、OPE CK OKで、ARM/DISARMの表示もしっかりみえてます。
ただし、カバ－を開閉することによりLININGの位置が変わり、表示が少し隠れてしまうみたいです。
LININGを押さえることにより表示はみえますので、もし可能であれば、STYでLINING ADJできればBETTERです。
まあ、今のままでも問題ないです。
⇒2382 ARRでLINING少しADJしてみました。CREWには引き続きMONITOR依頼しています。
⇒STYで見ましたがOKでした。レ点外します。（ITM佐藤TO）",笠原,2,Field,99999999,2018/04/02,99999999,2018/04/02
58732,ERJ170,JA218J,ITM,,,"From JAMIS",2,CLOSE,"00 ",02,P3,02,R3,,,0,0,0,0,"-CA INFO-
6列目辺りで大きな音では無かったが空気が抜けるような音がした。（10000ftから降下中）
⇒SQ UPせずにCA間で口頭申し送りにしてもらっています。ENGINE付近ですのでBLEED CHG, SURGE音でしょうか…FLT CREWは心当たりはないそうです。様子を見てください。
⇒JL2237では、特に音等なかったそうです。(GAJ 河村）",仙波,2,Field,99999999,2018/04/02,99999999,2018/04/02
58731,ERJ170,JA222J,ITM,,,"From JAMIS",2,CLOSE,"25 ",02,P3,02,R3,,,0,0,0,0,"COAでSTRETCHER REM/INST実施。",横山,2,Field,99999999,2018/04/02,99999999,2018/04/02
58730,ERJ190,JA246J,KIJ,,,"From JAMIS",2,CLOSE,"34 ",02,P3,02,R3,,,0,0,0,0,"先日からのALT DIFFの件、JL2241ではFL310で
  CAPT      IESS     CO-PI
  31000     30940    30890
相変わらずCAPTが110FTほど高いようです。CREWは引き続きMONITORするとのことでした。
⇒JL2243ではFL290で
　CAPT      IESS     CO-PI
  29000     28940    28880
ということでした。（KIJ岩井）
⇒最終便でも同様のINFOあり。(ITM/長谷川)",岩井,2,Field,99999999,2018/04/02,99999999,2018/04/02
58729,ERJ170,JA222J,ITM,,,"From JAMIS",2,CLOSE,"31 ",02,P3,02,R3,,,0,0,0,0,"SER JOB:QAR CARD(SN066)の健全性確認してほしいとの事で、INST/ENG RUN/REMしましたが、AMBER LED ONだったのでNGかと思います。SHIPはNMLのCARDが着いています。",横山,2,Field,99999999,2018/04/02,99999999,2018/04/02
58728,ERJ190,JA245J,KOJ,,,"From JAMIS",2,CLOSE,"23 ",02,P3,02,R3,,,0,0,0,0,"ACARS PAPER 1 ROLL使用しました。補充お願いします。(残 1 )   永島
⇒4/3 2400 ITM ARRでPAPER補充お願い致します。(4/2 LS上田)
⇒ITM ARR時PAPER補充しました。（ITM 近藤D)",永島,2,Field,99999999,2018/04/02,99999999,2018/04/02
58727,ERJ170,JA220J,ITM,,,"From JAMIS",2,CLOSE,"32 ",02,P3,02,R3,,,0,0,0,0,"JL2306 FLT中にAUTO BRK SETした際、""AUOT BRAKE FAIL""(C) 出ました。ARR時も出たままでMAU 2 CCB RESETでCLEAR。CMCはNO CORRでした。CREW曰く、KNOBをSET→OFF→SETした時に出たようです。
⇒HNA NO INFO(HNA 廣中)
⇒STYまでNO INFO(ITM 松本T)",相原,2,Field,99999999,2018/04/02,99999999,2018/04/02
58726,ERJ170,JA225J,CTS,,,"From JAMIS",2,CLOSE,"25 ",02,P3,02,R3,,,0,0,0,0,"AFT LAVのFAUSETの取り付けが緩んでいてガタがあります。現状で使用は可能ですがMAINT CHANCE時にCORR'お願いします。
⇒RE-TIGHTしました。(4/4 榎本）",宮谷内,2,Field,99999999,2018/04/02,99999999,2018/04/02
58725,ERJ170,JA221J,ITM,,,"From JAMIS",2,CLOSE,"33 ",02,P3,02,R3,,,0,0,0,0,"CABIN SQ 1件。AFT GALLEY WORK L'TのSW/LTで“DIM”が点灯しない。BULB交換してOK。MEMO CLOSED。",新井,2,Field,99999999,2018/04/02,99999999,2018/04/02
58724,ERJ170,JA222J,ITM,,,"From JAMIS",2,CLOSE,"72 ",02,P3,02,R3,,,0,0,0,0,"RH ENG W/W実施。結構汚れた水が出てきました。",横山,2,Field,99999999,2018/04/02,99999999,2018/04/02
58723,ERJ190,JA244J,ITM,,,"From JAMIS",2,CLOSE,"25 ",02,P3,02,R3,,,0,0,0,0,"AC OULETのMEL C/O SQは、ISPC#12を交換しNML。LOCATIONはMIX BAY RHでした。OPE CK OK。MEL CLOSED。レ点消しました。",竹中,2,Field,99999999,2018/04/02,99999999,2018/04/02
58722,ERJ190,JA244J,ITM,,,"From JAMIS",2,CLOSE,"36 ",02,P3,02,R3,,,0,0,0,0,"BLD FLXの件は、本日はNO INFOでした。",竹中,2,Field,99999999,2018/04/02,99999999,2018/04/02
58721,ERJ190,JA249J,SDJ,,,"From JAMIS",2,CLOSE,"73 ",02,P3,02,R3,,,0,0,0,0,"履歴ありのENG2 LONG TIME DISP MSG ""LT T/R POSITION SENSOR DISAG[E2A]/[E2B] 73215227E2A/E2B""本日のSTYでも拾ってました。FAULTはCLEAR出来ています。",石川高,2,Field,99999999,2018/04/02,99999999,2018/04/02
58719,ERJ170,JA211J,ITM,,,"From JAMIS",2,CLOSE,"00 ",02,P3,02,R3,,,0,0,0,0,"4/1申し送り FLEET JOB。↓
ITM STYにて耐検前のCKお願いします。耐検日4/25予定。
①ADFの受信CK
(毎日ADF関連M/MSG STOREしてます。要確認。)
②SCVのTQ CKとOPENING TIME CK
③FUEL SOV & HYD SOVのOPE CK
⇒全てOK。SCV BOTH 3秒、FEELING CK OKでした。耐検は月末なので少し早い気もしますが…(4/2 相原)",相原,2,Field,99999999,2018/04/02,99999999,2018/04/02
58718,ERJ190,JA241J,NGS,,,"From JAMIS",2,CLOSE,"32 ",02,P3,02,R3,,,0,0,0,0,"2375 ARR時にRH IB BRK BLEED PORTよりHYD LEAK。第一報の時点で広範囲でHYDが飛散したという事で早番ではRH GEARのBOTH TIRE&BRKを交換出来るようにPARTS､TOOL､整備士をNGS送付。

送り込んだ整備士により詳細を確認した所、TIRE&BRKに少量のHYDが付着しているのを確認した。
BRKに関してはBOTH SIDE CHG。TIREに関しては付着したHYDが少量である事、AMMのTIRE INSPにてHYDのCLEANINGを行えとだけ書かれているので、TIREのCLEANINGとCOND CHKを実施、NO DEFFECTの為REINSTしてます。

残り作業は、BRK TEMP SNSRにSUPERCORRの塗布のみ。明日の朝一のNGS便でSUPERCORRを送り込む手配をしています。","代 塚越",2,Field,99999999,2018/04/02,99999999,2018/04/02
58717,ERJ170,JA217J,CTS,,,"From JAMIS",2,CLOSE,"52 ",02,P3,02,R3,,,0,0,0,0,"-JUST INFO-
CA INFOでL1 DOOR ARM/DISARM LVRかたいとの事。見てみましたが全然普通でしたが、油注しておきました。
⇒F2910/STAY :  NO INFO(SDJ平野)",滝,2,Field,99999999,2018/04/02,99999999,2018/04/02
58716,ERJ170,JA220J,HNA,,,"From JAMIS",2,CLOSE,"25 ",02,P3,02,R3,,,0,0,0,0,"AFT LAVゴミ箱DOORのCLOSE/LOCKが甘いとCBN INFO
⇒DOOR側のLATCHの受けをADJしてOK。",廣中,2,Field,99999999,2018/04/02,99999999,2018/04/02
58715,ERJ170,JA218J,GAJ,,,"From JAMIS",2,CLOSE,"52 ",02,P3,02,R3,,,0,0,0,0,"グラハンさんより、AFT CARGO DOORのOPEN LOCKのLEVERが回せなくてLOCKが外せない(DOOR CLOSE出来ない)と言われました。DOORのLAININGの取付けが甘く(浮き上がっている)、LAININGと干渉して回せない状態でした。LAININGをDOOR側に押してLEVERをまわしてLOCK外してます。出発直前だった為、LININGの取付けの詳細確認は出来ていません。取付けのビスの脱落は無い様でした。
詳細確認をお願いいたします。次便においてもまた引っかかるかもしれませんので、ご注意ください。
⇒4/3 2050 ITM ARRで状況確認お願い致します。(4/2 LS上田)
⇒修正してOKです。(ITM 安井)",河村,2,Field,99999999,2018/04/02,99999999,2018/04/02
58714,ERJ170,JA221J,ITM,,,"From JAMIS",2,CLOSE,"25 ",02,P3,02,R3,,,0,0,0,0,"CABIN SQ MEMO 18章C/Oしていた、①FWD GALLEY 215 COMP'T SPRING CUTはSPRING CHGしてOK。
②G1 GLY 103 CMPT PAPER CLIP SPRING CUTはCLIP交換してOK。両方ともC/O CLOSEしました。",新井,2,Field,99999999,2018/04/02,99999999,2018/04/02
58712,ERJ190,JA241J,NGS,,,"From JAMIS",2,CLOSE,"33 ",02,P3,02,R3,,,0,0,0,0,"R/H WING BOTH NAV L'T OUTでCCB RESETしてもだめでしたんでMEL 33-43-00-BでC/Oしました。
FOLLOWお願いします。(AMOS W/O:100410702)
⇒次便ITM ARRでCONN CK予定です。上記MEL適用によりDAY OPE制限かかっているため、午後からの便は別SHIPに振り分けてもらっています。関連PARTS一式在庫有り。(LS林あ)
⇒FWD & AFT NAV L'T CONNECTOR確認しましたが、FWDが半回転緩んでいた程度。RECONNECTしてもSAME CONDの為STILL C/Oしています。（梅本）
⇒2406でSTYとなり、T/S実施しました。
①CCB POP OUTなし。WIRERING CK(OK) - R/H WING STROBE LT PWR SUPPLY～FWD NAV LT ASSY.(INSULATION含めOK)
                                     R/H WING STROBE LT PWR SUPPLY～AFT NAV LT ASSY.(INSULATION含めOK)
②PWR LINEのWIRE CK(OK) - CKPT NAV LT SW～RH WING FWD NAV LT ASSY.(8V)
                          CKPT NAV LT SW～RH WING AFT NAV LT ASSY.(51V)
③上記よりHARNESS健全性は確認できたので、RH WING FWD NAV LT ASSYをNEW INSTでALL OKとなりました。ここで申し送りとなりLT ASSY交換からはS勤で実施予定です。(岸)
⇒RH FWD NAV LT交換しOPE CK OK、MEL CLOSED(S帯 樋口)",中村,2,Field,99999999,2018/04/01,99999999,2018/04/01
58711,ERJ170,JA216J,FUK,,,"From JAMIS",2,CLOSE,"73 ",02,P3,02,R3,,,0,0,0,0,"2053/3523 にて""ENG 1 FUEL SW FAIL"" EICAS ADV MSG APPEAR。
CMC CORRELATED MM 73310001UT1 (ENG 1 FUEL PRESS SW)拾ってました。
MEL 適用しました　73-31-01 (AMOS NO.100410750) (TF0005)
PUSH BACK ENG START後もMSGは残ったままとのことでした。

⇒上記MEL適用に伴い、OPE PROCEDUREで「AC FUEL PUMP 1をONにSET」してもらっています。これにより、FUEL IMBALANCEになりやすいかもしれません。便間ATTEND時少し注意して見てあげてください。今日明日寄る予定のHNA/FUK/KCZ/KMIのMAINTさんには少し話しています。
PARTS在庫有り。 SW P/N;1103P1114-01 O-RING P/N;M83248-1-014 
今のところ、明日のITM便間がMAINT CHANCE。4/4 ITM O/N STY。(LS林あ)
⇒SW交換してOPE、LEAK C'K OK。MEL CLOSEしました。（4/4 下川M）",一川,2,Field,99999999,2018/04/01,99999999,2018/04/01
58710,ERJ190,JA243J,NGS,,,"From JAMIS",2,CLOSE,"25 ",02,P3,02,R3,,,0,0,0,0,"15Hのシートベルトですが、L/H側のベルトのヘリがほつれてきてます。ITMにて交換をお願いします。
⇒交換完了。山北",中村,2,Field,99999999,2018/04/01,99999999,2018/04/01
58709,ERJ170,JA224J,AXT,,,"From JAMIS",2,CLOSE,"21 ",02,P3,02,R3,,,0,0,0,0,"JL2174 ARR時　CAさんよりINFOあり巡航中CABIN SEAT No8～10の天井付近からキーンというサウンドが10分前後したそうです。CMCを見ても関連しそうなメッセージなし。GNDでのAIRCON OPEはNMLでした。ITMまで様子見でお願いしています。
⇒STYまでの4LEGはNMLだったそうです。(ITM新井)",佐々木,2,Field,99999999,2018/04/01,99999999,2018/04/01
58708,ERJ170,JA227J,KCZ,,,"From JAMIS",2,CLOSE,"23 ",02,P3,02,R3,,,0,0,0,0,"(INFO) 3581/3582 で ACARSの調子が良くない状態です。DOOR CLOSE後に航務よりW/B DATAが送りにくかったと伝えられました。
（最終的にはOK）
NO ACTION のままDEPしています。

⇒F3582 FLT中もACARS NO COMM頻繁に発生したようです。VDL MODE""ENABLE""～""DISABLE""～""ENABLE""に切り替え様子見ていただいてます。（FUK 谷邨）",奈良,2,Field,99999999,2018/04/01,99999999,2018/04/01
58707,ERJ170,JA216J,ITM,,,"From JAMIS",2,CLOSE,"32 ",02,P3,02,R3,,,0,0,0,0,"[JUST INFO]
LI BRK LWR 0.5mm未満（HOT)。今日から3泊のようです。
⇒交換しました。（4/4 下川M）",榎本,2,Field,99999999,2018/04/01,99999999,2018/04/01
58705,ERJ170,JA216J,MYJ,,,"From JAMIS",2,CLOSE,"71 ",02,P3,02,R3,,,0,0,0,0,"JL2301にてENG IDLEのとき、ウーンという音と振動を感じるそうです。GNDとFLTどちらもとの事。FAN BLADE見てみましたが、NO.1 ENGのBLADEが全体的にちょっと固く、うち一枚が特に固いです。パラメータはOK、VIBもNMLということでした。様子見てもらってます。
⇒2302/2053はNORMとの事。この便間でもSHAKINGしました（ITM 榎本）",中村,2,Field,99999999,2018/04/01,99999999,2018/04/01
58704,ERJ190,JA252J,ITM,,,"From JAMIS",2,CLOSE,"38 ",02,P3,02,R3,,,0,0,0,0,"F1 C'KにてFWD DRAIN MASTから若干のWTR DROP有り。（十秒に一滴程度）FAUCETからのWTR DROPではないのでFWD DRAIN VLVからと思われます。気付くのが遅く、FILL/DRAIN SW RE-CYCLEは出来ていません。必要により実施してください。WTR QTYはOKです。
⇒STYまでOKでした。（佐藤TO）",仙波,2,Field,99999999,2018/04/01,99999999,2018/04/01
58703,ERJ170,JA218J,CTS,,,"From JAMIS",2,CLOSE,"35 ",02,P3,02,R3,,,0,0,0,0,"昨日の最終便CREW INFOで、CAP SIDE O2 MASK TESTを実施する際に、TEST KNOBを2,3回操作すると都度、プッシューという音と共に STARが表示されるが、1回しか出来ないとのこと。TEST KNOBにつながるVLVの動きが若干渋めで、RESET出来難いようでした。KNOB全体をゆすり以降、良くなりましたので様子見です。
⇒朝の立ち上げでCREWから同様のINFO有りました。現在FLOW IND BLACKになるのでそのままDEPしています。
　ITM ARR時 RE-C'K お願い致します。
⇒MASKをRESETしてOKとなりましたが、何回かTESTするとまた上記同様となります。　プッシューとした後の抜けが悪いみたいで、FLOW INDのPNLを上から押さえながらTESTするとOKになります。(ITM吉田と)
⇒2364/2389ではNO-INFOでした。（鈴木J）
⇒STYでTEST SW MECHA CONDITION NGを確認しました。よって当該PARTS CHGしてTESTスムーズになりました。O2 SUPPLY 1830PSI実施しています。(遠藤T)
⇒朝一、1810psiでした。立ち上げでも何度かTESTしてOK確認してます。DEP際のO2 PRESSは1780psiでしたので、PRESSはしばらくMONITOR願います。（4/2 権丈）",大森,2,Field,99999999,2018/04/01,99999999,2018/04/01
58702,ERJ170,JA221J,KOJ,,,"From JAMIS",2,CLOSE,"18 ",02,P3,02,R3,,,0,0,0,0,"(CABIN SQ MEMO) FWD GALLEY 215 COMP'T SPRING CUT。AMMB18-00にてC/O しました。(AMOS NO : 100410751)
CABIN SQ MEMO : G1 GLY 103 CMPT PAPER CLIP SPRING CUT.  AMMB 18-00 でC/O しています。ITM に4EA 在庫有り。
P/N CDSP3700-1(CLIP ASSY-PAPER) ITMにて交換お願いします。  AMOS No.100410654
⇒SPRING交換してOK。C/O CLOSED。(4/2新井)",濟藤,2,Field,99999999,2018/04/01,99999999,2018/04/01
58701,ERJ190,JA244J,ITM,,,"From JAMIS",2,CLOSE,"24 ",02,P3,02,R3,,,0,0,0,0,"朝一、CAさんが発見。18-20HK AC OUTLET RED LT点灯、時間無き為MEL24-54-00-04適用し各AC OUTLETにINOP PLACARD INSTALLしてます。
⇒JL2202/2205便間でCCB(LH F2:CABIN PC OUTLET/RH F24:PC OUTLET RLY)2つをRECYCLEするもSAMEでした。(後藤）
⇒本日SDJ STAY。NEXT ITM STAYまで、LAST PRIORITY申請しています。OUTLET(P/N:Z280H3040000)、ISPC(P/N:Z285H0112110)在庫有。ISPC 12はAFT CGO LHに有り？？？(LS 前甲)
⇒WDM 91-20-66によるとMIXING BAY RH SIDE前方にありそうです。(4/1 LS 上田)",米山,2,Field,99999999,2018/04/01,99999999,2018/04/01
58700,ERJ170,JA216J,"LS ",,,"From JAMIS",2,CLOSE,"00 ",02,P3,02,R3,,,0,0,0,0,"本日、C-C'K OUT後のFIRST FLT。
C C'K工期中に、FWD DRAIN MAST交換、CO-PI SIDE SEAT BOTTOM CUSHION交換。",前甲,1,Fleet,99999999,2018/04/01,99999999,2018/04/01
58699,ERJ170,JA216J,HNA,,,"From JAMIS",2,CLOSE,"23 ",02,P3,02,R3,,,0,0,0,0,"JL3523 FUK-HNAで1名のお客様がWIFIが繋がらないとお申し出あったそうです。CABIN CREWもちょっと試したが上手く繋がらなかったとの事、次便FUK行でお客様も少なめなのでCABIN CREWが試してみるそうです。ATT PNLとCOCKPITのWIFI L'Tは点灯しています。
⇒3526/3587便 SW RESETにて再度様子を見てもらっています。(FUK 林田）

F3588 WIFI NORMとの事でした(KCZ 奈良)",関,2,Field,99999999,2018/04/01,99999999,2018/04/01
58698,ERJ190,JA250J,KMI,,,"From JAMIS",2,CLOSE,"25 ",02,P3,02,R3,,,0,0,0,0,"JL691:FWD GLYのCOFFEE MAKERにてCUPよりCOFFEEがOVER FLOWしたとのこと。LEVEL SNSR CLEN UP及びCCB RCYCLEしてOPE CK & LEAK CK OK.
⇒その後はLEAKありませんでした。(竹田)",新宮領,2,Field,99999999,2018/04/01,99999999,2018/04/01
58697,ERJ170,JA219J,ITM,,,"From JAMIS",2,CLOSE,"23 ",02,P3,02,R3,,,0,0,0,0,"朝一の立ち上げでCAP SIDE SPEAKER鳴らず。DAP1が死んでいました。CB RESETでOK。",三浦A,2,Field,99999999,2018/04/01,99999999,2018/04/01
58696,ERJ190,JA250J,ITM,,,"From JAMIS",2,CLOSE,"36 ",02,P3,02,R3,,,0,0,0,0,"BLEED 2 FAILの件でLAEK CKを実施してNO LEAK、NAPRSOV/HPSOV FUNC CK(N2 muscle PRESS＋CMC IBIT)もOKを確認。両方のVLV・両CHにおいてスムーズに動きます。PMでTM CONTを交換しました。
ENG RUN & BLEED SYS FUNCTION CKお願いします。AMOS/SQ CARD OPEN状態。LOG INも忘れずにお願いします。
防音壁は予約済み。朝一とお昼過ぎの2回分予約されています。明日はENG VIB CK予定で一日STBYですが、環境に応じてキャンセル等お願いします。
⇒PMでTM CONTを交換して貰いましたが、ちょっと決め手に欠けるので、更にHPSOVのOVER PRESS SWもPMで交換お願いします。(LS 塚越)",竹田,2,Field,99999999,2018/04/01,99999999,2018/04/01
58695,ERJ170,JA217J,ITM,,,"From JAMIS",2,CLOSE,"34 ",02,P3,02,R3,,,0,0,0,0,"2310 CREW INFO:IESSのALT DIFFが少し気になるとの事。FL190にてADS1:19000、ADS2:ほぼ19000、ADS3:見ていない、IESS:19130だそうです。LIMIT(150ft)INですが、ADSPのCOND CK実施しNML確認しています。",横山,2,Field,99999999,2018/04/01,99999999,2018/04/01
58694,ERJ190,JA241J,ITM,,,"From JAMIS",2,CLOSE,"25 ",02,P3,02,R3,,,0,0,0,0,"(CABIN SQ MEMO) FWD WATER BOILER FAIL. CCB LONG RECYCLEで FAIL L'T OFFでCLOSEしてます。
⇒続いているSQでしたので2406/STYで交換し、OKとなりました。(岸)",岸,2,Field,99999999,2018/04/01,99999999,2018/04/01
58693,ERJ170,JA224J,ITM,,,"From JAMIS",2,CLOSE,"32 ",02,P3,02,R3,,,0,0,0,0,"LH OB BRAKEの下側 0.9mm(HOT COND)。明日より3泊なので次のITM STYで交換お願いします。
⇒UPR/LWR共に0.5mmになってました、まだ大丈夫です。(04/03 FUK水の)
⇒CAPTより交換しないのか問い合わせがありました。
⇒今日ITMにもどるしMONITORしていると説明してます（4/5MYJ神谷
⇒LH OB BRAKE交換しました。（4/5 ITM山下S）",新井,2,Field,99999999,2018/04/01,99999999,2018/04/01
58692,ERJ190,JA248J,KOJ,,,"From JAMIS",2,CLOSE,"33 ",02,P3,02,R3,,,0,0,0,0,"C/A INFO:F2419にてAFT GALLEY WORK L`Tがチカチカする事があったそうです。このC/Aは3LEG乗務したそうですが、F2419の1LEGのみ
BRIGHT MODEで発生したとの事。　SQ時S/W ON/OFFをしたけれども、状況変わらなかったそうです。GNDにてOPEするもNORMAL。
周辺PANEL TAPPING, S/W ON/OFF, BRIGHT/DIM切替、L`T ASSY CONNECTOR揺すりながらC`KするもSQ再現せず。
現在NORMALにつきMONITOR依頼にしたいと思います。",加藤A,2,Field,99999999,2018/04/01,99999999,2018/04/01
58691,ERJ170,JA225J,CTS,,,"From JAMIS",2,CLOSE,"36 ",02,P3,02,R3,,,0,0,0,0,"最終便CLM中BLD2 FAIL MSG APPEAR、その後QRH実施してBACK TO NMLとのFLT SQ上がりました。CMC TOVでは①R BLD SLAT SPLY TEMP(MISCOMP)[C1]:36146224AM1②R BLD SLAT SPLY TEMP(MISCOMP)[C2]:36146224AM2③RH FAN AIR VLV(CLOSED)[C1]/WRG:36115003AM1 を拾っていましたので、RH FAN AIR VLV IBIT BOTH CH実施OKによりOKとしました。",滝,2,Field,99999999,2018/04/01,99999999,2018/04/01
58690,ERJ170,JA224J,ITM,,,"From JAMIS",2,CLOSE,"20 ",02,P3,02,R3,,,0,0,0,0,"①早番申送りのLH ENG PYLON AFT MOVABLE FAIRING内のBONDING JUMPER COND NGの件。交換してOK。
②RH MLG AFT TRUNNION部のよく切れるBONDING JUMPER CUTしていたので交換実施。",新井,2,Field,99999999,2018/04/01,99999999,2018/04/01
58689,ERJ190,JA244J,SDJ,,,"From JAMIS",2,CLOSE,"36 ",02,P3,02,R3,,,0,0,0,0,"INFO : F2215/STAY  CLIB中BLEED1 FLUX。10000FT以下ではBLEED1の表示が""--""(AMBER DASH)～50PSIぐらいをFLUX。10000FT以上では、ほぼおさまるものの、たまに30～60PSIをFLUXするそうです。CLIB中はCOCKPITでかなり耳に違和感が来るそうです。CABINのCAは気にならないそうです。CMCにはFAULT有りません。BLEED1 TM CONT IBIT CH1 & CH2 PASSED。NO SQ UP。",平野,2,Field,99999999,2018/04/01,99999999,2018/04/01
58688,ERJ170,JA216J,FUK,,,"From JAMIS",2,CLOSE,"77 ",02,P3,02,R3,,,0,0,0,0,"3526/3587便 CREW CHGの為、口頭にてINFO'あり #2ENG のHP VIB'がT/OでMAX 3.2まで上がるそうです。その他のPHASEはNORMAL。INLET/EXH CKはOKでした。

F3587 同様にVIB 3.0くらいまで上昇したとの事です。ENG MAINT PAGE はNO EXCEEDANCE & CHIP DET OK。
但しNO.2 ENG LONG TIME DISPATCHの文字が目に入ってきました。東京便のARRと重なりましたので、何も確認出来ていません。
時間あるときに確認お願いします。(KCZ 奈良）
⇒RH ENGはENG CHG直後からN2 VIB高めで月に2～3回の割合でMAX 3.25になっており悪化しないことをMONITOR中です。(4/1 LS 上田)",林田,2,Field,99999999,2018/04/01,99999999,2018/04/01
58687,ERJ190,JA246J,ITM,,,"From JAMIS",2,CLOSE,"34 ",02,P3,02,R3,,,0,0,0,0,"先日からINFOのあったALT DIFFの件。本日もADS1がIESSやADS2に比べてFL300で150FT程高いとの事、ADSP #2を交換。明日以降様子を見てもらって下さい。",吉山,2,Field,99999999,2018/04/01,99999999,2018/04/01
58686,ERJ170,JA216J,FUK,,,"From JAMIS",2,CLOSE,"25 ",02,P3,02,R3,,,0,0,0,0,"3588/3641 FWD GLY 215 COMP'TのDOORのSPRING(2EA) CUTしていました。
時間無きため18章にてC/Oしました。
AMOS W/O 100410766
⇒交換完C/O CLS(KMI森村)",前田,2,Field,99999999,2018/04/01,99999999,2018/04/01
58685,ERJ190,JA246J,ITM,,,"From JAMIS",2,CLOSE,"32 ",02,P3,02,R3,,,0,0,0,0,"LOG NOTE UP.F2410 APPにて、AUTO BRAKEが2回 DISENGAGEしたとの事。1回目はARMEDにして10分ほどたってから、2回目は1分ほどたってから落ちたそうです。2回とも”AUTO BRAKE FAIL""MSG APPEAR.CMCでのMEMOは無し。AUTO BRAKE MAINT STATUSはALL OK.OK FOR SVCとしています。先月22日にABS MOD交換されて、初めての不具合です。
⇒JL2251では問題なかったそうです（KIJ岩井）
⇒STYまでNMLでした。(ITM吉山)",武正,2,Field,99999999,2018/04/01,99999999,2018/04/01
58684,ERJ170,JA223J,AXT,,,"From JAMIS",2,CLOSE,"30 ",02,P3,02,R3,,,0,0,0,0,"BOARGING直前にCAPTから「ICE DETECTOR 2 FAIL」MESSAGE出ていると呼ばれました。ANTI-ICE TEST実施しDISAPPEARしています。",山崎,2,Field,99999999,2018/04/01,99999999,2018/04/01
58683,ERJ170,JA218J,ITM,,,"From JAMIS",2,CLOSE,"44 ",02,P3,02,R3,,,0,0,0,0,"2364/2389にてCBN SQ
R2のCBN INTPでPA/ATTD CALL中の会話がちょくちょく中断されるとのことで、GND C'K中にSQ再現し最終的にPA SWが反応せずINOPになったのでPA HAND SET交換しました。OPE C'K OKです。",鈴木J,2,Field,99999999,2018/04/01,99999999,2018/04/01
58682,ERJ190,JA249J,ITM,,,"From JAMIS",2,CLOSE,"73 ",02,P3,02,R3,,,0,0,0,0,"履歴ありのENG2 LONG TIME DISP MSG ""LT T/R POSITION SENSOR DISAG[E2A]/[E2B] 73215227E2A/E2B""本日のSTYでも拾ってました。FAULTはCLEAR出来ています。",下川Ｄ,2,Field,99999999,2018/04/01,99999999,2018/04/01
58681,ERJ170,JA218J,ITM,,,"From JAMIS",2,CLOSE,"33 ",02,P3,02,R3,,,0,0,0,0,"RH ROOT TAXI LT C/Oの件、WIRE TERMINAL CHGでNORMALになりました。SQ CLOSEです。",遠藤T,2,Field,99999999,2018/04/01,99999999,2018/04/01
58680,ERJ190,JA243J,KMI,,,"From JAMIS",2,CLOSE,"25 ",02,P3,02,R3,,,0,0,0,0,"2433便にて、S/N 5H VOMIT あり。（NO SQ UP)
カーペットが汚れていたので、クリーニングしてOKになっています。(JJ 0:03)",新宮領,2,Field,99999999,2018/03/31,99999999,2018/03/31
58679,ERJ170,JA213J,ITM,,,"From JAMIS",2,CLOSE,"00 ",02,P3,02,R3,,,0,0,0,0,"NOSE GEAR RH TRUNNIONのBONDING WIREのCONDが良くないですので交換願います。P/N LN9264-10X250在庫有り
⇒ITM STYにて交換実施完了。(3/31古賀)",塚越,2,Field,99999999,2018/03/31,99999999,2018/03/31
58678,ERJ170,JA220J,ITM,,,"From JAMIS",2,CLOSE,"00 ",02,P3,02,R3,,,0,0,0,0,"BOTH WING LEのMOST IBのERO TAPEについてCOND良くないです。貼り直し願います。
⇒貼り直しました(ITM 林Ｋ)",塚越,2,Field,99999999,2018/03/31,99999999,2018/03/31
58677,ERJ170,JA213J,ITM,,,"From JAMIS",2,CLOSE,"00 ",02,P3,02,R3,,,0,0,0,0,"LH MOST IB FLAP TRACK FAIRNGのPAINTのCONDが良くないです。PAINT実施願います。
⇒REPAINT完了です。(3/31古賀)",塚越,2,Field,99999999,2018/03/31,99999999,2018/03/31
58676,ERJ170,JA213J,ITM,,,"From JAMIS",2,CLOSE,"25 ",02,P3,02,R3,,,0,0,0,0,"先日、書かれていたFWD LAVのTRASH CAN COMP’T DOOR LATCHですが、OPEN時の動きがやはり良くない様でCAは殴ってOPENさせてましたので、LATCHの交換お願いします。P/N CDSP1017-501
⇒ITM STYにて交換実施完了。交換してだいぶ良くなりました。(3/31古賀)",塚越,2,Field,99999999,2018/03/31,99999999,2018/03/31
58675,ERJ170,JA218J,CTS,,,"From JAMIS",2,CLOSE,"35 ",02,P3,02,R3,,,0,0,0,0,"JL2903便間でCREW OXY 1740psiでした、WATCHお願いします。
⇒STYでCREW OXY 1890PSIまでSUPPLYしました。（CTS 宮谷内）",滝,2,Field,99999999,2018/03/31,99999999,2018/03/31
58674,ERJ170,JA225J,CTS,,,"From JAMIS",2,CLOSE,"25 ",02,P3,02,R3,,,0,0,0,0,"JL2830でL/H 最前部O/H STW DOOR開けにくいとのCA INFOありました。一昨日LATCH 交換されていますが、まだ固いようです。LUBしておきましたので様子見でお願いします。",滝,2,Field,99999999,2018/03/31,99999999,2018/03/31
58673,ERJ190,JA245J,SDJ,,,"From JAMIS",2,CLOSE,"49 ",02,P3,02,R3,,,0,0,0,0,"CREW INFO:APU START時EGT 740℃まで上がったそうです。その後落ち着いてBOTH PACK ONで約450℃。
CMCでAPU HIGH EGT,CODE:49105425APU
昨日あたりから頻発しているみたいです。CREWには引き続きMONITORしてもらっています。",吉田,2,Field,99999999,2018/03/31,99999999,2018/03/31
58672,ERJ170,JA213J,CTS,,,"From JAMIS",2,CLOSE,"24 ",02,P3,02,R3,,,0,0,0,0,"-JUST INFO-
昨晩のSTY時EXT PWR使用中に電源が落ちたとのボード申し送りがあったそうです。AGPからの点検結果報告では地上設備側は異常なし、機体側のPIN計測でA&N PINが細いとの事です。頻発するようであればCKお願い致します。",滝,2,Field,99999999,2018/03/31,99999999,2018/03/31
58671,ERJ190,JA250J,KMI,,,"From JAMIS",2,CLOSE,"25 ",02,P3,02,R3,,,0,0,0,0,"F2437便  CREWよりFREE TEXTにて、SEAT 1K FOOTREST CANNOT MOVEとINFO.  SPOT IN後 C'Kした所、ACTUATOR ENDが外れていました。おそらくお客様の足がHIT したと思われます、RECONECTしてOPE C'K OK.     　　",佐藤（紀）,2,Field,99999999,2018/03/31,99999999,2018/03/31
58670,ERJ190,JA246J,"D1 ",,,"From JAMIS",2,CLOSE,"00 ",02,P3,02,R3,,,0,0,0,0,"ALT DIFFを耐空検査中MONITORしました。FL400のDATA。問題ないと思います。
　　(CAPT)　　　(IESS)　　　(COPI)
　　40000ft　　 39880ft　　 39910ft
FL280が一番、差が大きいとのINFO でしたので引き続きMONITOR必要と思われます。",下川Ｄ,2,Field,99999999,2018/03/31,99999999,2018/03/31
58669,ERJ170,JA213J,HNA,,,"From JAMIS",2,CLOSE,"53 ",02,P3,02,R3,,,0,0,0,0,"JL2831HNA ARV時にFWD LAMP PNL一番上のLATCH SPRINGが調子悪いと連絡貰いました。機能は問題無し、怪我しないように処置しています。ITMにて余力ある時に交換お願いします。　IPCでは　LATCH H5000-2-051-102、RIVET PE28118AD4S4です。
⇒ITM STYにて交換実施完了。(3/31古賀)",関,2,Field,99999999,2018/03/31,99999999,2018/03/31
58668,ERJ170,JA213J,ITM,,,"From JAMIS",2,CLOSE,"00 ",02,P3,02,R3,,,0,0,0,0,"STY作業
A CK(HYD見る見る系)
6 MOにてBOTH WATER FILTER交換実施LEAK CK OK.GLY WATER LINE酢酸CLNG実施。

申し送り作業の
L2 DOOR ARMING LEVER COVER OPEN時にCOVERのHINGE側EDGEが当たるDOOR LINING部分に貼ってあるAL PLATEが剥れてきている件
接着作業行いました。",古賀,2,Field,99999999,2018/03/31,99999999,2018/03/31
58667,ERJ170,JA214J,GAJ,,,"From JAMIS",2,CLOSE,"24 ",02,P3,02,R3,,,0,0,0,0,"F2235 LDG後""ENG 1,2 NO DISPATCH"" ""CRG FWD FAIL"" ""SPDA1 FAIL"" ""CRG FIRE PROT FAULT""MSG APPEARED, SHIP ALL PWR RESET THEN MSG DISAPPEARED,C'K OK-BOTH ENG RUN, NO MAINT MSGにつきOK FOR SVCとしてDEPしています。
⇒次便はNORMAL。便間でSPDA1 MICRO COMM MOD（SLOT8）交換しました。OPE C'K OK。念の為、ENG RUN UPも実施してNORMALを確認しています。（ITM 林和）",宮本,2,Field,99999999,2018/03/31,99999999,2018/03/31
58666,ERJ190,JA248J,ITM,,,"From JAMIS",2,CLOSE,"52 ",02,P3,02,R3,,,0,0,0,0,"RH MLG INB'D DOOR FAIRING SEAL COND' NGで交換しました。",大山,2,Field,99999999,2018/03/31,99999999,2018/03/31
58665,ERJ170,JA226J,ITM,,,"From JAMIS",2,CLOSE,"49 ",02,P3,02,R3,,,0,0,0,0,"申し送りにあるAPU EGT HIの件、FLEET REQ JOBでANTI SURG VLV交換しました。様子見て下さい。
今夜のSTAYではEGT値は落ち着いていました。VLVのFUNC CKはやってません。
以下EGTのDATA。[交換前/交換後]
START PEAK：[472℃/434℃]
BLEED OFFでSTB後2分：[328℃/337℃]
BOTH PACK ON：[457℃/454℃]
R ENG NOTORING：[480℃/474℃]",木戸,2,Field,99999999,2018/03/31,99999999,2018/03/31
58664,ERJ170,JA220J,ITM,,,"From JAMIS",2,CLOSE,"49 ",02,P3,02,R3,,,0,0,0,0,"申し送りのAPU MCSガタガタの件でAPU CONT PNL入荷したので交換実施しました。",林Ｋ,2,Field,99999999,2018/03/31,99999999,2018/03/31
58663,ERJ190,JA247J,ITM,,,"From JAMIS",2,CLOSE,"33 ",02,P3,02,R3,,,0,0,0,0,"C/O SQのRH WING TAXI LT NOT ILLUMの件
⇒LAMPがQ-PARTSだったようです。LAMP交換してOK。C/O SQ CLOSED。RMV INOP PLACARD。",西垣,2,Field,99999999,2018/03/31,99999999,2018/03/31
58662,ERJ170,JA211J,AXT,,,"From JAMIS",2,CLOSE,"25 ",02,P3,02,R3,,,0,0,0,0,"JL2827にてFWD & AFT WATER BOILER FAIL L'T ONのINFOありました。
BOTH WATER BOILER共にLONG CCB RESET & AIR BLEED実施してOPE C'K OKになりMONITOR依頼しています。NO CBN MEMO.",鹿嶋,2,Field,99999999,2018/03/31,99999999,2018/03/31
58661,ERJ170,JA221J,KOJ,,,"From JAMIS",2,CLOSE,"25 ",02,P3,02,R3,,,0,0,0,0,"CABIN SQ MEMO : G1 GLY 103 CMPT PAPER CLIP SPRING CUT.  AMMB 18-00 でC/O しています。ITM に4EA 在庫有り。
P/N CDSP3700-1(CLIP ASSY-PAPER) ITMにて交換お願いします。  AMOS No.100410654
⇒CLIP交換してOK。C/O CLOSED。(4/2新井)",永島,2,Field,99999999,2018/03/31,99999999,2018/03/31
58660,ERJ170,JA215J,ITM,,,"From JAMIS",2,CLOSE,"22 ",02,P3,02,R3,,,0,0,0,0,"FLT SQ〈FD VERT MODE OFF MSG APPEAR〉
ITM FINAL APP R/W 11NM 手前のMID MARKER辺りで出たそうです。
GNDでのCMC C'KではNO STORE。PRESENT LEGにてMANY M/MSG拾っていましたがPOSSIBLE LRUとしてはFMS2(PROC 5)とPFD1(DU 1)であったのでそれらRESET TEST実施してTEST PASS。OK FOR SVCとして様子見で出しました。
⇒STYまでNML(ITM 藤原)",藤原,2,Field,99999999,2018/03/31,99999999,2018/03/31
58659,ERJ170,JA224J,ITM,,,"From JAMIS",2,CLOSE,"32 ",02,P3,02,R3,,,0,0,0,0,"LHOB BRK 1MM
LH OB BRAKEの下側 0.9mm(HOT COND)。明日より3泊なので次のITM STYで交換お願いします。(4/1新井)
⇒LH OB BRAKE交換しました。（4/5 ITM山下S）",田村A,2,Field,99999999,2018/03/31,99999999,2018/03/31
58658,ERJ190,JA246J,"D2 ",,,"From JAMIS",2,CLOSE,"00 ",02,P3,02,R3,,,0,0,0,0,"耐空検査OKでした。
⇒TEST FLT後のRESTORATION作業完了。FLT DATA ALALYSISもLOW THERSHOLD以下でFLAP/SLAT OPEのみ実施NML(横山)
⇒耐空検査完了後、下記作業実施しました。（河内）
　　　１、BOTH ENG W/W     ２、BOTH MAIN BATTERY CHG (TRP)",下川Ｄ,2,Field,99999999,2018/03/31,99999999,2018/03/31
58657,ERJ170,JA218J,CTS,,,"From JAMIS",2,CLOSE,"35 ",02,P3,02,R3,,,0,0,0,0,"最終便CREW INFOで、CAP SIDE O2 MASK TESTを実施する際に、TEST KNOBを2,3回操作すると都度、プッシューという音と共に STARが表示されるが、1回しか出来ないとのこと。TEST KNOBにつながるVLVの動きが若干渋めで、RESET出来難いようでした。KNOB全体をゆすり以降、良くなりましたので様子見です。",金坂,2,Field,99999999,2018/03/31,99999999,2018/03/31
58655,ERJ190,JA248J,SDJ,,,"From JAMIS",2,CLOSE,"36 ",02,P3,02,R3,,,0,0,0,0,"ENG START後ENG REF ECS MSG APPEARED PACK2 FAIL MSGもAPPEARED後すぐ消え、NMLに戻ったとのことで、そのままDEPしてます。
⇒2205ではNMLでした。ITM 横山
⇒2206　NML（SDJ吉田）",小林A,2,Field,99999999,2018/03/30,99999999,2018/03/30
58654,ERJ190,JA250J,AOJ,,,"From JAMIS",2,CLOSE,"36 ",02,P3,02,R3,,,0,0,0,0,"""BLEED 2 FAIL"" APPEARED AT DES。CREW C'K LIST実施にてBACK TO NMLです。27日も出ているようです。FOLLOWよろしくお願いします。
⇒ITMにてQAR CARDの交換実施。話を聞くと10000FT CALL終えてた位の高度。雲の中に入ってANTI/ICE作動してしばらくしたら…というタイミングだそうです。CMCは""36112103AM2""""36112105AM2""を拾っています。（竹田）
⇒ITM O/N STY時、再度 入念なLEAK CKを実施願います。（LS 塚越）
⇒BLEED 2 FAILの件でLAEK CKを実施してNO LEAK、NAPRSOV/HPSOV FUNC CK(N2 muscle PRESS＋CMC IBIT)もOKを確認。両方のVLV・両CHにおいてスムーズに動きます。PMでTM CONTを交換しました。
ENG RUN & BLEED SYS FUNCTION CKお願いします。AMOS/SQ CARD OPEN状態。LOG INも忘れずにお願いします。
防音壁は予約済み。朝一とお昼過ぎの2回分予約されています。明日はENG VIB CK予定で一日STBYですが、環境に応じてキャンセル等お願いします。
⇒PMでTM CONTを交換して貰いましたが、ちょっと決め手に欠けるので、更にHPSOVのOVER PRESS SWもPMで交換お願いします。(LS 塚越)",山下,2,Field,99999999,2018/03/30,99999999,2018/03/30
58653,ERJ190,JA248J,SDJ,,,"From JAMIS",2,CLOSE,"25 ",02,P3,02,R3,,,0,0,0,0,"S/N 19AC間、お客様がCOFFEEをこぼし、床面カーペットが濡れてしまいました。SDJで出来るだけCLEAMINGし、この便（F2202.SDJ⇒ITM)はSEAT BLOCKしてます。引き続きSEAT BLOCK等必要かWATCHお願いします。
⇒JL2202/2205はWETの為引き続きSEAT BLOCK。(ITM 三浦ち)
⇒JL2205/2206若干WETでした。座席に余裕があったため引き続きSEAT BLOCK。ITMでRE-CKお願いします。(SDJ吉田)
⇒C'K OKでした。19AC SEAT BLOCK解除しました。(増瀬）",小林A,2,Field,99999999,2018/03/30,99999999,2018/03/30
58652,ERJ190,JA248J,ITM,,,"From JAMIS",2,CLOSE,"25 ",02,P3,02,R3,,,0,0,0,0,"JL2202で33Kのお客さまがVOMITしたとINFO。
VOMITの範囲は33K,32Kでした。
時間の許す限り整備とJGSでCLNG実施しましたが、33HK&32HK CARPETと32KのSEAT BELT（ビニール袋巻いています。)がWETのため33HK,32HKを4席SEAT BLOCK。
匂いは少し残っているとCAが言っておりました。
匂いとCONDITION見て、引き続きSEAT BLOCK等必要かWATCHお願いします。
OUTB`DのSEAT TRACK内にも混入している可能性が有るのでSTYでRE C`Kお願いします。
⇒JL2205/2206引き続きSEAT BLOCK。座席付近で臭うくらいで他のお客様からの問い合わせはありませんでした。
　32K SEAT BELTはそのままです。ITM ARRで交換お願いします。（SDJ吉田）
⇒32K BELT 交換しました。SEAT BLOCKも32HK,33HK解除しました。(増瀬）
OUTB`DのSEAT TRACK内にも混入している可能性が有るので念のためSTYでRE C`Kお願いします。",三浦ち,2,Field,99999999,2018/03/30,99999999,2018/03/30
58651,ERJ170,JA213J,CTS,,,"From JAMIS",2,CLOSE,"25 ",02,P3,02,R3,,,0,0,0,0,"3/28の申送りにもあるFWD LAVのTRASH CANが入るCOMP'TのDOOR LOCK外しにくい件、今朝もBOARDING前に言われました。短い時間でADJ&LUBしてみましたが変わらずです。ゴミ箱の蓋に指入れてDOORを掴んだ状態で押して引くと開くようですので、次回言われた時は試してみて下さい。
⇒若干強めにDOORを押すと良いようですのでこのままでよいと思います。(CTS大森)",滝,2,Field,99999999,2018/03/30,99999999,2018/03/30
58650,ERJ170,JA225J,MYJ,,,"From JAMIS",2,CLOSE,"25 ",02,P3,02,R3,,,0,0,0,0,"福岡は忙しいので代筆。AFT GLY WORK LT SW NOT STAY ON POSI.SO CORR IS C/O PER AMM18-00-04-00 B18-00.INSTALLED INOP PLACARD AND PULL OUT CCB.SWはガムテで落ちないようにはっつけています。押してる間はWORK LGT点灯しますが、離すと消えます。
(AMOS W/O 100410392)
⇒SW HOUSING P/N 4978-101、SW P/N 4978-5在庫有り。(LS金澤)
⇒SW SOCKETを交換してC/O CLOSEしました。AMOS & CBN MEMO CLOSED（ITM 西垣）",神谷,2,Field,99999999,2018/03/30,99999999,2018/03/30
58649,ERJ190,JA248J,ITM,,,"From JAMIS",2,CLOSE,"52 ",02,P3,02,R3,,,0,0,0,0,"お早うございます。
RH MLG INB'D DOOR FAIRING SEAL COND' NG.PARTS 在庫有り。(IPC:52-81-00 Fig05,ITEM 580/P/N:190-39379-001)
時間ある時、CHG 願います。⇒交換しました。(3/31大山)",武正,2,Field,99999999,2018/03/30,99999999,2018/03/30
58646,ERJ170,JA226J,KMI,,,"From JAMIS",2,CLOSE,"49 ",02,P3,02,R3,,,0,0,0,0,"3621 ARR APU START EGT 720℃まで上がったとの事。
CMCにはAPU HI EGT   FAULT CODE:49105425APU。降機後確認すると EGT：610℃です。
APU BLEED VLV の OPE CK OKでした。CREW には LIMIT IN と説明して様子見てもらってます。
参考：START LIMIT 1032℃　CONT 717℃です。

⇒LIMITには入っていますがHI EGT INFO続いています。ITM STYでANTI SURGE VLV交換検討して下さい。
ANTI SURGE VLV P/N 4953195-1在庫有り。(LS金澤)

⇒CREWからのDATAです。START後　1LEG目720℃　2LEG目710℃　3LEG目708℃　4LEG目590℃　1～3LEG目まではその後600℃位に落ち　   着くとの事（この時はTAXI中でBOTH ENG RUN) 4LEG目のFUK ARR時はNORMALとのINF. GND STAY時BOTH PACK ONで470℃でした。
  CREW CHGの為引き続き様子を見てもらっています。（FUK 進）　

⇒後半4LEG EGTはON GNDで455℃位で落ち着いていたそうです。（CREW INFO)
　CMCはAPU HIGH EGTをMEMORYしていました。FAULT CODE:49105425APU (FUK佐藤）
⇒ANTI SURGE VLV交換しました。様子見て下さい。REF 3/31のJAMIS。(3/31木戸)",森村,2,Field,99999999,2018/03/30,99999999,2018/03/30
58645,ERJ170,JA222J,ITM,,,"From JAMIS",2,CLOSE,"25 ",02,P3,02,R3,,,0,0,0,0,"朝一、FWD WATER BOILER FAIL. CB LONG RESET & BLEEDでOK",田村A,2,Field,99999999,2018/03/30,99999999,2018/03/30
58644,ERJ190,JA249J,HND,,,"From JAMIS",2,CLOSE,"00 ",02,P3,02,R3,,,0,0,0,0,"ITM ARR時、SPARE FLT LOG BOOK搭載お願いします。",桜井,2,Field,99999999,2018/03/30,99999999,2018/03/30
58643,ERJ170,JA227J,ITM,,,"From JAMIS",2,CLOSE,"52 ",02,P3,02,R3,,,0,0,0,0,"18章C/OのCOCKPIT DOOR CONT PNLのLOCK SW GUARD SPRINGがCUTしている件、GUARDを交換してOKです。C/O SQ CLSOED。",小島,2,Field,99999999,2018/03/30,99999999,2018/03/30
58642,ERJ170,JA222J,ITM,,,"From JAMIS",2,CLOSE,"28 ",02,P3,02,R3,,,0,0,0,0,"朝一、AUTO FUELINGしようとしたがFUELING PNLのCLOSE LT消えずACTUAL VLV CLOSEでFUELING出来なかった。MANUAL FUELING後にFMU CB RESET. AUTOでFUELING出来る事確認しました。",田村A,2,Field,99999999,2018/03/30,99999999,2018/03/30
58641,ERJ190,JA248J,ITM,,,"From JAMIS",2,CLOSE,"25 ",02,P3,02,R3,,,0,0,0,0,"2202でFWD COFFEE MAKER OVR FLOWしたそうです。 LVL SNSRが固めだったのでCLNGしてOPE CK OK。GLY周囲も念のためCLNG実施。
CBN MEMO CLOSED.",横山,2,Field,99999999,2018/03/30,99999999,2018/03/30
58640,ERJ170,JA222J,ITM,,,"From JAMIS",2,CLOSE,"35 ",02,P3,02,R3,,,0,0,0,0,"朝一CO-PI MASK TESTでFLAGの出がイマイチ。MASKを一度出し、収納し直してOK.",田村A,2,Field,99999999,2018/03/30,99999999,2018/03/30
58639,ERJ170,JA225J,ITM,,,"From JAMIS",2,CLOSE,"36 ",02,P3,02,R3,,,0,0,0,0,"先日のAPU BLEED VALVE NOT OPENですが、本日P/MでAPU BLEED VALVEを交換しました。OPE CK OKです。",白坂,2,Field,99999999,2018/03/30,99999999,2018/03/30
58638,ERJ170,JA214J,ITM,,,"From JAMIS",2,CLOSE,"32 ",02,P3,02,R3,,,0,0,0,0,"INFOのあるNOSE AREAのゴーゴー音ですがSTY CREWも言われたらNOSEが上がりきるタイミングでなっているような気がするといっていました。
STYではBOTH TIRE SPIN C'K実施してLHがRHに比べて回転が重くまた惰性の回転が弱いことを確認。
BOTH SIDEともRE-TQ実施して回転がそろうようになりました。TQを抜くときLHが固かったのでTQのかけすぎ??が考えられます。
その他TIREとBEARING CONDITION C'KとBEARING SURFACE LUB実施しました。
これで明日以降様子見てもらってください。
⇒31日FL2171 FLT CREW INFO: NLG GO！GO！サウンドは全くなく収まっているとの事。有馬＠AXT",藤原,2,Field,99999999,2018/03/30,99999999,2018/03/30
58637,ERJ190,JA247J,HND,,,"From JAMIS",2,CLOSE,"33 ",02,P3,02,R3,,,0,0,0,0,"RH WING TAXI LT NOT ILLUM'の為 BULB交換したがSAMEでしたのでMEL33-42-00 (09.APRIL.2018 ) C/Oしました。(AMOS:100410557) ITMにてT/Sから願います。
⇒LAMPがQ-PARTSだったようです。LAMP交換してOK。C/O SQ CLOSED。",荒井K,2,Field,99999999,2018/03/30,99999999,2018/03/30
58636,ERJ170,JA225J,ITM,,,"From JAMIS",2,CLOSE,"33 ",02,P3,02,R3,,,0,0,0,0,"先日のBOTH WING TAXI LTが消えないSQですが、CONT PNL下流のBOTH WING TAXI LT SIGNALが入るSPDA2 DISCRETE I/O(SLOT9)をP/Mにて交換しました。OPE CK OKです。(交換後 WING TAXI LT １０回以上ON/OFF しましたがOKでした)

なお、交換したDISCRETE I/OはPOSIの登録なきためAMOS申し送りになっていますので、表示してAMOS処理待ち棚に置いてます。",西垣,2,Field,99999999,2018/03/30,99999999,2018/03/30
58635,ERJ190,JA246J,ITM,,,"From JAMIS",2,CLOSE,"00 ",02,P3,02,R3,,,0,0,0,0,"耐空検査GND TEST完了。",下川,2,Field,99999999,2018/03/30,99999999,2018/03/30
58634,ERJ170,JA220J,ITM,,,"From JAMIS",2,CLOSE,"25 ",02,P3,02,R3,,,0,0,0,0,"SEAT 17K POCKET SPRING CUTの18章C/Oの件は2154/2357 にてSPRING 交換してC/O CLOSED。AMOS CLOSED。",西垣,2,Field,99999999,2018/03/30,99999999,2018/03/30
58633,ERJ170,JA222J,FUK,,,"From JAMIS",2,CLOSE,"30 ",02,P3,02,R3,,,0,0,0,0,"ARV時ENG　SD時LH　EICAS　ICE　DETSCTOR　1　FAIL　
MM　30813200UT1　RESETにてDISAPEAR。",宗像,2,Field,99999999,2018/03/30,99999999,2018/03/30
58632,ERJ190,JA249J,ITM,,,"From JAMIS",2,CLOSE,"24 ",02,P3,02,R3,,,0,0,0,0,"JGSさんよりINFO。
JL2157 DEP ENG START時にたくさんMSGが出て消えたので、CREWはそのまま行くと言ったそうです。詳細はわかりませんが、おそらくBPTしたと思われます。
⇒AOJ ARR. ITM DEP 2ND ENG START 後BPTが発生した.最終的にMSG DISAPRD BUT CCD 2 のみLOCK UP した為、CCD2 CCB RESET してBACK TO NORMAL です。AOJ 植田",杉山,2,Field,99999999,2018/03/30,99999999,2018/03/30
58631,ERJ170,JA214J,ITM,,,"From JAMIS",2,CLOSE,"28 ",02,P3,02,R3,,,0,0,0,0,"JL2164/2179のREFIELING時REFUEL SELECTIONのAUTO/MAN SWでMANの方にSWをSELECT出来なかったそうです。（SW自体が動かなかったみたいです）FAINAL FUELよりもPRE SELECTを多めにSETしてFUELINGしたそうです。燃料屋さんへINFOお願いします。FUEL QT REPEATER IND PNLは、在庫有りです。
⇒STYでもSW確認するとやはりMANの方へSELECTできませんでした。よって交換実施。OPE OKです。(ITM 藤原)",白坂,2,Field,99999999,2018/03/30,99999999,2018/03/30
58630,ERJ170,JA212J,CTS,,,"From JAMIS",2,CLOSE,"23 ",02,P3,02,R3,,,0,0,0,0,"JL2832 CREW INFOで、CO-PI SDIEにてGREARSHILED T'X SW PUSHでは途切れるが、SWを強めに押すと解消されるとの事。",金坂,2,Field,99999999,2018/03/30,99999999,2018/03/30
58629,ERJ170,JA227J,ITM,,,"From JAMIS",2,CLOSE,"23 ",02,P3,02,R3,,,0,0,0,0,"JUST INFO
JL2386 ITM ARR時、本日ACARS NO COMM頻発しているようです。
CREWから本日整備に一度RESET TESTかけてもらっているが、改善しないと言われました。
GNDではNML。CREW CHGでしたのでMONITORしてもらっています。
⇒後半はOKだったそうです。（小島）",三浦ち,2,Field,99999999,2018/03/30,99999999,2018/03/30
58628,ERJ170,JA224J,ITM,,,"From JAMIS",2,CLOSE,"00 ",02,P3,02,R3,,,0,0,0,0,"2184/2185にてSEAT 13 H/KでVOMITあり。全力クリーニング、消臭、除菌しましたが、FLOORが濡れてるのでSEAT BLOCKしました。HNAにて乾いていたら満席予定の為BLOCK解除して下さい。匂いは全くしませんでした。
⇒すでにSEAT BLOCK解除されていました。(ITM 松原)",鈴木J,2,Field,99999999,2018/03/30,99999999,2018/03/30
58627,ERJ170,JA212J,CTS,,,"From JAMIS",2,CLOSE,"31 ",02,P3,02,R3,,,0,0,0,0,"JL2833 BOARDING中PRINT出来ないとの呼び出し。CMC ACCESS出来なかったので該当CCB RESETしてOKとなりました。",滝,2,Field,99999999,2018/03/30,99999999,2018/03/30
58626,ERJ170,JA211J,CTS,,,"From JAMIS",2,CLOSE,"23 ",02,P3,02,R3,,,0,0,0,0,"JL2871 ARR時にCREWより口頭で、PRINTERの印刷が時々途中で止まってしまう事があるとのINFO有り(ACARSはNMLとの事)。
PRINTERのCCB RESET&PAPER交換実施してOPE C'K OKにより様子を見て貰っています。
⇒2806 ARR し LONG STAY時 PRINTER FAILとのCREW INFO有りました。CMCはLAN BUS FAIL を MEMORYしていました。CCB(MAU1PWR3,MAU3PWR2) RESET,FWD RAMP PNL LAN CONNECTOR RESETしOK になりました。様子を見てもらっています。(CTS大森)
⇒2719/2718の２便 OPE OKとの事です。(CTS大森)",宮谷内,2,Field,99999999,2018/03/30,99999999,2018/03/30
58625,ERJ190,JA243J,KOJ,,,"From JAMIS",2,CLOSE,"25 ",02,P3,02,R3,,,0,0,0,0,"F2407にて 30A SEATでVOMIT, CLEANINGにてOK、臭いなしですがCARPETが濡れているためLAST PRIORITYとしています。
状況を見て解除お願いします。
⇒F2406 ITM ARRにてCLEANING実施しましたが、水気は取りきれていないのでLAST PRIORITY継続しています。(ITM佐川)
⇒F2410でDRY確認。LAST PRIORITY解除しました。(ITM木戸)",久高,2,Field,99999999,2018/03/30,99999999,2018/03/30
58624,ERJ190,JA252J,KIJ,,,"From JAMIS",2,CLOSE,"34 ",02,P3,02,R3,,,0,0,0,0,"JL2247 T/O ROLL中、AIR SPD 60～70KTぐらいでSPD TAPEがAMBERになったとのこと。その後元に戻りそれ以降はNML。CAP曰く以前あったREVが引けないことに関係あるのでは？とのことでした。
⇒次LEGは、NORMだったそうです。CMCは、特に何も拾っていませんでした。（ITM 白坂）
⇒STYまでNML（稲村）",岩井,2,Field,99999999,2018/03/30,99999999,2018/03/30
58623,ERJ190,JA244J,ITM,,,"From JAMIS",2,CLOSE,"27 ",02,P3,02,R3,,,0,0,0,0,"STAYでも""FLT CTRL FAULT"" MSGはAPPEARしたまま。CMCでL OB ELEV PCU C2 PRESS SNSRの値を確認した所、HYD OFFの状態でも3400PSIのままでした。よって、LH OB ELEV PCUを交換。QUICK RIGGING、RTS実施後、MSG DISAPPEAR。MEL C/O CLOSEです。
※作業終了後、LH ELEV下の地面にHYDが垂れた跡がありました。CLEANINGは実施しましたが、作業中に漏れたHYDがしばらく出てくるかもしれません。",吉田,2,Field,99999999,2018/03/29,99999999,2018/03/29
58622,ERJ170,JA214J,FUK,,,"From JAMIS",2,CLOSE,"32 ",02,P3,02,R3,,,0,0,0,0,"昨日にも履歴ありますが、LDG UP時振動を感じるそうです。状況的には同様でSPIN BRKの効きが悪くて振動が長く続く感じとの事でした。SPIN BRK ,NOSE TIRET等COND'見ましたが特に悪いところ見当たりませんでした。様子見てもらっています。
⇒ITMでCREWに状況聞いたところLDG UP完了したときには止まっていたそうです。NOSE TIREのCONDITIONは特に異常ありませんが、REINST等検討願います。なおLH NOSE WHEELがBALANCE WEIGHT多かったので交換してみてもいいかもしれません。(ITM 安田)",秋山,2,Field,99999999,2018/03/29,99999999,2018/03/29
58620,ERJ170,JA218J,"LS ",,,"From JAMIS",2,CLOSE,"33 ",02,P3,02,R3,,,0,0,0,0,"RH WING ROOT TAXI L'TはTERMINALが抜けてしまっているみたいです。TERMINAL P/N:50840、CRIMP TOOL&DIE:69710-1、69734です。",梅本,1,Fleet,99999999,2018/03/29,99999999,2018/03/29
58619,ERJ190,JA250J,ITM,,,"From JAMIS",2,CLOSE,"33 ",02,P3,02,R3,,,0,0,0,0,"LWR BEACON L'Tが点灯しない件。昨日、PWR SUPPLY交換、本日BLOCK INの時、LWR BEACON L'Tが点灯せず。SW RECYCLE後は点灯、DEPの時もずーと点灯していました。
⇒2377/2378はARRとDEP両方OKでした(NGS 中村）
⇒ITM ARR、NORMでしたがP/MaintでLOW RED BEACON LT ASSY交換実施、OPE CK OK（永村＠ITM）",前甲,2,Field,99999999,2018/03/29,99999999,2018/03/29
58618,ERJ190,JA243J,ITM,,,"From JAMIS",2,CLOSE,"38 ",02,P3,02,R3,,,0,0,0,0,"2246でAFT PNLのWATER SYS FAULT LT点灯した。CMCはFWD DRAIN MASTでSTORED.CODE:38000221WWS FWD DRAIN MASTのACTUAL HEAT CK OKでした。(NO MEMO)
⇒F2251でも同様でした。引き続き様子を見てもらっています。(KIJ藤田)
⇒NO INFOでした。CMCも拾ってません。（後藤）",岸,2,Field,99999999,2018/03/29,99999999,2018/03/29
58617,ERJ170,JA220J,HNA,,,"From JAMIS",2,CLOSE,"25 ",02,P3,02,R3,,,0,0,0,0,"INFO ONLY:AFT COFFEE MKR BREW INOPだったそうですが、GNDでは異常は無くOPE C'K OKでした。",武藤,2,Field,99999999,2018/03/29,99999999,2018/03/29
58616,ERJ170,JA212J,FUK,,,"From JAMIS",2,CLOSE,"23 ",02,P3,02,R3,,,0,0,0,0,"3602/3607 にて　FO SIDE HEAD SET SOMETIME INOP で呼ばれました、交換してOPE CK OK です。",一川,2,Field,99999999,2018/03/29,99999999,2018/03/29
58615,ERJ190,JA245J,KIJ,,,"From JAMIS",2,CLOSE,"34 ",02,P3,02,R3,,,0,0,0,0,"R/H MCDUがSCRATCH PADに入力ができないときがあったそうです。現在NMLですが、MCDU RESETして様子を見てもらいました。NO LOGです。⇒STYまでNMLでした。（石丸）",須藤,2,Field,99999999,2018/03/29,99999999,2018/03/29
58614,ERJ170,JA226J,FUK,,,"From JAMIS",2,CLOSE,"23 ",02,P3,02,R3,,,0,0,0,0,"2061/STAY にて CAPT SIDEでのCI OPRATION で 反響音(ハウリング？)がするとFLT SQ UP.
CAPT SIDE DAP の CAB VOL が99にセットされていました、かつHOT MICになっていました。
VOL ADJ & DAP1 と PACIC CCB RESET、OPE CK OKでCLSしてます。",一川,2,Field,99999999,2018/03/29,99999999,2018/03/29
58613,ERJ170,JA220J,ITM,,,"From JAMIS",2,CLOSE,"25 ",02,P3,02,R3,,,0,0,0,0,"F/O SEAT 前後方向の動きが渋く、CABLEが少し伸び気味のようです。O/NにてCABLE ADJ 又は CABLE交換検討お願いします。
（CABLE P/N:F0453408 × 9EA在庫有り）
⇒CBLが少し伸びていたのと、O/B側のLOCK PINを持ち上げるFORKが取りついているBRACKETのSCREWがLOOSEになってガタが出来、LOCKがRELEASEし辛くなっていました。CBLは交換、SCREWは締め直してSMOOTHになりました。(前甲)",藤原,2,Field,99999999,2018/03/29,99999999,2018/03/29
58612,ERJ190,JA249J,HND,,,"From JAMIS",2,CLOSE,"78 ",02,P3,02,R3,,,0,0,0,0,"履歴ありのENG2 LONG TIME DISP MSG ""LT T/R POSITION SENSOR DISAG[E2A]/[E2B] 73215227E2A/E2B""本日のSTYでも拾ってました。FAULTはCLEAR出来ています。FEEDBACK ACT入荷後交換検討お願いします。",長岩,2,Field,99999999,2018/03/29,99999999,2018/03/29
58611,ERJ170,JA225J,KOJ,,,"From JAMIS",2,CLOSE,"36 ",02,P3,02,R3,,,0,0,0,0,"立ち上げ時APU BLEED VALVE NOT OPEN.BLEED SW,BOTH PACK SW,ALL PWR RECYCLE(3TIMES)するもSQ SAME.CMCはNO FAULT.SYNOPTICではBLLED VALVE迄のFLOW BARはGREEN表示.AMS CHN TFER,AMS SYS FAULT RESET(CONT CHN ONLY),ODS RESET NVMするもSQ SAMEの為MEL APPLY.(AMOS110410319)
⇒APU BLEED VLV在庫無の為AOG ORDERしました。PARTSは成田まで来ているそうです。出来ればSTYでBLEED VLV COND C'K & CONN CLEAN UP等お願いします。(LS金澤)
⇒3684/STAY にて　APU BLEED VLV TAPPING & CONN CLN UP でOPCK OK. MEL FIX してます。(FUK 一川)
⇒3/29 P/MでAPU BLEED VLV交換しました。OPE CK OK。（ITM 白坂）",玉城T,2,Field,99999999,2018/03/29,99999999,2018/03/29
58609,ERJ170,JA222J,FUK,,,"From JAMIS",2,CLOSE,"23 ",02,P3,02,R3,,,0,0,0,0,"昨日2回ほどF/O SIDE MIC TX NG SQ あったようなので、CAP 了解のもとCAPとFOの BOOM MIC SWAPしてDEPさせています。
現在OPS CHK OKです。
⇒その後STYまでNML.(仙波)",宗像,2,Field,99999999,2018/03/29,99999999,2018/03/29
58608,ERJ190,JA244J,HND,,,"From JAMIS",2,CLOSE,"27 ",02,P3,02,R3,,,0,0,0,0,"[FLT CONT FAULT] MSGについて、新MEL適用のため、MEL NO 27-00-00-01に変更しMOCと確認実施。(HND桜井)",桜井,2,Field,99999999,2018/03/29,99999999,2018/03/29
58607,ERJ170,JA226J,ITM,,,"From JAMIS",2,CLOSE,"72 ",02,P3,02,R3,,,0,0,0,0,"昨日の申し送りのBSI復旧後のOPE CKと、CRANK PAD LEAK CK実施してOKでした。",村上,2,Field,99999999,2018/03/29,99999999,2018/03/29
58606,ERJ190,JA245J,KIJ,,,"From JAMIS",2,CLOSE,"52 ",02,P3,02,R3,,,0,0,0,0,"R2 DOOR ARM/DISARM INDが下にSHIFTしていて見ずらいそうです。機能的に問題ないと伝えています。ITM STYでADJ等検討願います。
⇒STY時　CAに確認しましたが、ON GND & FLT 中もNMLだったそうです。STY時 CKしましたがNML INDでした。（石丸）",須藤,2,Field,99999999,2018/03/29,99999999,2018/03/29
58604,ERJ170,JA227J,CTS,,,"From JAMIS",2,CLOSE,"23 ",02,P3,02,R3,,,0,0,0,0,"JL2901 CREW INFOで、使用出来ないことはないが、ACARS NO COMM散発するのでRESET REQUEST。PROC 6 RESET TEST実施しPASS。",金坂,2,Field,99999999,2018/03/29,99999999,2018/03/29
58603,ERJ170,JA225J,TKN,,,"From JAMIS",2,CLOSE,"33 ",02,P3,02,R3,,,0,0,0,0,"3791 SPOT IN後、BOTH WING ROOT TAXI LT STAY ONでした。TAXI SIDE SW OFF CONDでしたのでMCDU CCB RESET L/RするもSAME,
SIDE SW ガチャガチャでBACK TO NORMとなりました。CREWに様子見てもらっています。(NO SQ UP 3/27参照)
⇒PNLは先日交換されているのでSPDA2 SLOT9 I/O MOD又はWIRINGがGNDに落ち続けているのでしょうか。ITM STYでI/O MOD交換とWIRING C'Kお願いします。参考WDM33-42-50
DISCRETE I/O MOD P/N 1708015在庫有り。(LS金澤)
⇒DISCRETE I/O MOD交換しました。引き続きMONITORお願いします。
(交換後 WING TAXI LT １０回以上ON/OFF しましたがOKでした)（ITM 西垣）",松本H,2,Field,99999999,2018/03/29,99999999,2018/03/29
58602,ERJ170,JA221J,HNA,,,"From JAMIS",2,CLOSE,"79 ",02,P3,02,R3,,,0,0,0,0,"R ENG DRAIN MASTよりOILがS/D後数分間、1DROP/30SEC程度出ている件、F2183 ARR時も同様に出てました。CAPTも気にしていました。
⇒2186/2367便間では3滴位です。　問題ありません(吉田と)
⇒STYでATS/IDG GEARBOX PADとDRAIN LINE CLEANINGしてENG RUN 5分間実施後C'KしたところATS/IDG GEARBOX PAD及びDRAIN MASTからのOIL LEAKは無かったのでOK FOR SVCです。(LIMIT:5DROP/5MIN DURING ENG RUN)(ITM花田)
⇒追記、DRAIN MAST当該箇所はATS PAD,IDG PAD,CRANK PADの3本が合流しています。ATS & IDGはそれぞれG/BにISOLATE PLUGがあり、そこからのOIL LEAKは無し。残りのCRANK PADもDRAIN MASTからのLEAKが無かった事から現状OKと判断しています（LS赤坂）",石井,2,Field,99999999,2018/03/29,99999999,2018/03/29
58601,ERJ190,JA243J,ITM,,,"From JAMIS",2,CLOSE,"00 ",02,P3,02,R3,,,0,0,0,0,"朝の立ち上げ時APU BLEED ONで、右ENGからの音が左ENGや、他のSHIPに比べて大きく左側からも聞こえた。
念のため、COWL OPENしてEXT LEAK CHK OK、MORTERING CHK 後も音の大きさは変わらず。
NA & HP を MAN OPENすると現在の音よりさらに大きいため、現状でOKとしました。
ENG START後も特に異常はありませんでした。
⇒BLEED系の履歴は3/21に一度BLLED 2 FAIL有り。NAPRSOV:1013952-1在庫有り。243Jの右についているVLVは2016年9月にINSTされているもので、他と比べるとだいぶ古いです。
⇒JL2402/2373 JL2374/2247共にGNDでの異音無し。CREWにBLEED SYSもNORMだったと確認できています。（ITM 白坂）
⇒NO INFOでした。GNDでは同様に異音無し。(後藤）",羽田,2,Field,99999999,2018/03/29,99999999,2018/03/29
58600,ERJ170,JA225J,TKN,,,"From JAMIS",2,CLOSE,"25 ",02,P3,02,R3,,,0,0,0,0,"L1 DOOR CLS時、CABINでL/H 最前部O/H STW DOOR 閉まらないのが分かり、LATCH COND CK中LOCK出来るようになり、UNLOCK/LOCK 確認できたのでDEPしました。ASU SETでドタバタでしたので、再度RECHECKお願いいたします。
⇒LATCH HOOKのガタが多いのでLATCH ASSYの交換が必要そうです。　P/N:H3-1750-6A (FUK在庫あり)。
　すみませんが STAYで交換お願いします。
　現在DOORを少し下側に引っ張りながらOPEするとNMLですのでCAさんにはこれでお願いしています。(KOJ 久高)
⇒3684/STAY にて　LATCH 交換しましたが、まだ固く、LUBしました。　なじむまで様子見お願いします。(FUK 一川)",松本H,2,Field,99999999,2018/03/29,99999999,2018/03/29
58599,ERJ170,JA220J,ITM,,,"From JAMIS",2,CLOSE,"25 ",02,P3,02,R3,,,0,0,0,0,"CKPT F/O SEAT SEAT ADJ LVR(前後左右)のSIDE COVERを留めているSTUD COND NG。O/Nにて交換お願いします。

P/N:180104-000-0×24EA有り⇒2EA払い出し完了して、ホワイトボードにIPC(25-11-01)と一緒に張り付けてます。
⇒STUD 1つ交換しました。(前甲)",藤原,2,Field,99999999,2018/03/29,99999999,2018/03/29
58598,ERJ170,JA212J,FUK,,,"From JAMIS",2,CLOSE,"34 ",02,P3,02,R3,,,0,0,0,0,"JL3592/3625 F/O SIDE MCDUにNAV2 FAIL MSGが一時的に表示してPFD　NAV FREQがBLANKになったそうです。
その後はすぐにNMLに戻ったそうです。（FUK佐藤）",佐藤,2,Field,99999999,2018/03/29,99999999,2018/03/29
58597,ERJ170,JA227J,KIJ,,,"From JAMIS",2,CLOSE,"52 ",02,P3,02,R3,,,0,0,0,0,"DOOR CLOSE後L1 DOOR後方に傷のようなものがあるとGND HDLGの方から呼び出し。特に新しい傷はなく、黒ずみがありますので、STYでCLG等お願いします。",須藤,2,Field,99999999,2018/03/29,99999999,2018/03/29
58596,ERJ190,JA246J,ITM,,,"From JAMIS",2,CLOSE,"34 ",02,P3,02,R3,,,0,0,0,0,"耐検前整備にてWXR RTAの、HARNESSのSHIELDがCHAFINGしていましたので、TR UNITを交換しています。その他、特に有りませんでした。NENJI-TENKEN完了です。",河内,2,Field,99999999,2018/03/29,99999999,2018/03/29
58594,ERJ190,JA247J,HKD,,,"From JAMIS",2,CLOSE,"25 ",02,P3,02,R3,,,0,0,0,0,"CBN MEMOにて”FWD GLY 208 COMPT SPRING CUT"" SQ UP.3EAの内MID SPRINGがCUTしていました。CLOSE/LOCK FUNCTIONはOKです。AMMB18-00にてC/OしましたのでITM STYにて交換をお願いします。AMOS:100410248
⇒SPRING交換してC/O CLOSED。SPRING 3つとも交換しておきました（西垣）",河原,2,Field,99999999,2018/03/28,99999999,2018/03/28
58593,ERJ170,JA214J,MYJ,,,"From JAMIS",2,CLOSE,"25 ",02,P3,02,R3,,,0,0,0,0,"JL2301にて15A SEAT BACK POCKET SPRING R/H & 15C SEAT BACK POCKET SPRING L/H CUTしていましたのでCBN SQ MEMOにてAMMB18-00にてC/Oしました。FOLLOW願います。尚、現在出勤1名のためAMOSの処理は10時以降になります。
⇒AMOS処理完了。W/O NO:100410234 (MYJ八尋)

⇒15A RH & 15C LHのSPRING交換はITM便間で実施。CBN MEMO C/O CLOSED. AMOS CLOSED.  ITM　岡元　相　03/28",八尋,2,Field,99999999,2018/03/28,99999999,2018/03/28
58592,ERJ170,JA213J,KIJ,,,"From JAMIS",2,CLOSE,"52 ",02,P3,02,R3,,,0,0,0,0,"JL2872 L2 DOOR ARMING LEVER COVER OPEN時にCOVERのHINGE側EDGEが当たるDOOR LINING部分に貼ってあるAL PLATEが剥れてきているとCAよりINFO。一度貼り付けたところが剥れているようです。使用には問題ないのでそのまま様子を見てもらうようにお願いしています。ITM STYで接着お願いします。
⇒ITM STYにて接着実施しています。(3/31古賀)",岩井,2,Field,99999999,2018/03/28,99999999,2018/03/28
58591,ERJ190,JA246J,SDJ,,,"From JAMIS",2,CLOSE,"27 ",02,P3,02,R3,,,0,0,0,0,"F2204 DEP時　ENG START後""FLT CNTRL FAULT"" ADV MSG APPEARED。FLT CONT MODE SW RECYCLEしてもらいましたが、消えないのでGTB。SPOT IN後　CMC CHECKED FOUND ""UPR RUD PCU C1 PRESS SNSR"" 27030592FCS。　HYD P-BITするも消えず、FLT CONT R-T-S TEST実施で消えました。（最初のPUSH BACK時はグラハンさんがINTERPHONEしてましたので、HYD P-BITを事前にやっておく運用はしていませんでした。）
⇒2/10に一度履歴あり、その時はP-ACEを交換しています。その後3/6にFLT CONT NO DISPATCHが出てもう一度P-ACEを交換してます。
FIMだとUPR RUD PCUが悪そうです。GTBもしていますのでPCUの交換をお願いします。PCU P/N:415400-1009 在庫あり(LS村上)
⇒次便、F2057 DEPはNMLでした。（河内＠ITM)
⇒F2058 DEP NMLでした。（FUK　谷邨）",平野,2,Field,99999999,2018/03/28,99999999,2018/03/28
58590,ERJ170,JA215J,ITM,,,"From JAMIS",2,CLOSE,"21 ",02,P3,02,R3,,,0,0,0,0,"昨日申し送りのRH DV WINDOWのSEALANT C'K OK。CBN PRESSによるLEAK C'KもOKでした。",松原,2,Field,99999999,2018/03/28,99999999,2018/03/28
58589,ERJ170,JA213J,KIJ,,,"From JAMIS",2,CLOSE,"21 ",02,P3,02,R3,,,0,0,0,0,"JL2872 SEAT 17C GASPERが動かないとINFO。RESETしてOKです。",岩井,2,Field,99999999,2018/03/28,99999999,2018/03/28
58588,ERJ170,JA213J,KIJ,,,"From JAMIS",2,CLOSE,"25 ",02,P3,02,R3,,,0,0,0,0,"JL2872 FWD LAVのTRASH CANが入るCOMP'TのDOOR LOCKがなかなかはずれません。OPENしようとPUSHしてもLOCKが外れず、叩くようにすると何とか外れます。LOCK単体でも外れる動きに引っ掛かりがあるようです。コツをつかめばOPEN/CLOSEできるので、とりあえずそのまま使ってもらっています。LOCK P/N:CDSP1017-501でしょうか。ITMに1EAありです。
⇒ITM STYにて交換実施完了。(3/31古賀)",岩井,2,Field,99999999,2018/03/28,99999999,2018/03/28
58587,ERJ170,JA222J,FUK,,,"From JAMIS",2,CLOSE,"23 ",02,P3,02,R3,,,0,0,0,0,"F3631 FUK DEP時のDOOR CLS前にF/O SIDE MIC TX NGとの事で呼ばれました
⇒OBS用のHEADSETにCHGするもSAME。HAND MICではTX出来るのでF/O SIDE HEADSET JACK PNLのJACKが入る部分をCLEAN UPしてOKです。
⇒3631/3632にてDEP時のPAX BOARDING中に上記再発した為、JACK RECONNETとCCB RECYCLEでNMLとなりFLTに供しました(LOG処理済み）（KMI新宮領）",進,2,Field,99999999,2018/03/28,99999999,2018/03/28
58586,ERJ190,JA242J,ITM,,,"From JAMIS",2,CLOSE,"25 ",02,P3,02,R3,,,0,0,0,0,"SEAT 18HK FLOOR WET。COFFEEです。
まだ少しだけ湿っていたのでITM KDに連絡してます。
ラスプラはかけていません。
⇒NEXT ITMでRECK OK、DRY CONDでした。（西垣）",西垣,2,Field,99999999,2018/03/28,99999999,2018/03/28
58585,ERJ170,JA227J,SDJ,,,"From JAMIS",2,CLOSE,"23 ",02,P3,02,R3,,,0,0,0,0,"DATALINK NO COMM、時々発生。（26日同様）
PROC6 RESET TEST後のDATALINK CKとWX DATA取得問題なしで、WATCHしてもらっています。
⇒JL2903でも、FLT中3回程度ACARS NO COMM MSG APPEAR。GNDでは、OK。CMC NO M.MSG。(CTS/髙橋)
⇒JL2902でも、数回NO COMM発生。（SDJ 平野）",澤田,2,Field,99999999,2018/03/28,99999999,2018/03/28
58584,ERJ190,JA241J,KMJ,,,"From JAMIS",2,CLOSE,"25 ",02,P3,02,R3,,,0,0,0,0,"CAB MEMO: F2383にてFWD GLY WATER BOILERがFLT中使用できなかった。また""FAIL"" ""NO WATER"" LTも点灯でCAB MEMOでUPされていました。⇒CCB RECYCLE & AIR BLDでOKです。W/O:100410235
⇒その後2LEG OKでした。(金澤)
⇒3/28 F2213ボーディング直前にもinfoありました。CCB RESETで様子見依頼しています。(ITM山本)
⇒STYまでNMLだったそうです。初便及びSHIP CHG後のPOWER INなので立ち上がりが良くないのかもしれませんがNO ACTIONです。(ITM 廣中)",田中（成）,2,Field,99999999,2018/03/28,99999999,2018/03/28
58583,ERJ190,JA250J,ITM,,,"From JAMIS",2,CLOSE,"33 ",02,P3,02,R3,,,0,0,0,0,"LWR BEACON LT
⇒本日の朝はしっかり点滅。JUST INFO..
⇒STY ARR時点滅していませんでした。P/MでPOWER SUPPLY交換しました。しばらく様子見てください。(安池)",岡元　相,2,Field,99999999,2018/03/28,99999999,2018/03/28
58582,ERJ190,JA248J,SDJ,,,"From JAMIS",2,CLOSE,"25 ",02,P3,02,R3,,,0,0,0,0,"CA 口頭にて　L/H MOST FWD(PILLOWを収納している）OVERHEAD BIN のDOORにガタがあるとINFO有り。
OPEN/CLOSEに支障が無い事は確認しましたが詳細確認ができませんでした。時間がある時にCORRをお願いします。
⇒242Jでも確認しましたが、DOOR HINGE部分で前後方向に同じくらいのガタがあります。242Jと比べて若干動きやすい感じがしますが、IPCでも確認しましたがMISSING PARTSもなく現在の状態でNORMALだと判断しました。レ点消します。(梅本)",赤島,2,Field,99999999,2018/03/28,99999999,2018/03/28
58581,ERJ170,JA215J,HNA,,,"From JAMIS",2,CLOSE,"56 ",02,P3,02,R3,,,0,0,0,0,"F/O SIDE DV WINDOWの件。F2185 NMLとの事。",石井,2,Field,99999999,2018/03/28,99999999,2018/03/28
58580,ERJ170,JA217J,KMI,,,"From JAMIS",2,CLOSE,"25 ",02,P3,02,R3,,,0,0,0,0,"朝一、立ち上げ後、FWD COFFEE MAKERのHOT WATER LT点灯せず。お湯を出そうとしてもAIRしか出てきませんでした。何回も繰り返しているうちに水が出るようになりその後、温まり(LT ON)お湯が出るようになりました。かなりAIRがかんでるようでした。",奥村,2,Field,99999999,2018/03/28,99999999,2018/03/28
58579,ERJ170,JA211J,ITM,,,"From JAMIS",2,CLOSE,"25 ",02,P3,02,R3,,,0,0,0,0,"C/O SQのPAX SEAT 15HK READING LT INOPはPCB交換してOPE C'K OKです。MEL CLOSED。",花田,2,Field,99999999,2018/03/28,99999999,2018/03/28
58578,ERJ190,JA241J,ITM,,,"From JAMIS",2,CLOSE,"00 ",02,P3,02,R3,,,0,0,0,0,"耐検準備で以下実施
①SCV OPE CK⇒BOTH 1秒でFEELINGもOK
②ADF OPE CK⇒徳島でBOTH BEARING揃っていて方向もOK
③HYD SOV & FUEL SOV OPE CK⇒ALL OK",岡元紀,2,Field,99999999,2018/03/28,99999999,2018/03/28
58576,ERJ170,JA218J,CTS,,,"From JAMIS",2,CLOSE,"33 ",02,P3,02,R3,,,0,0,0,0,"R WING ROOT TAXI L'T OUTで WIRE CUT DAMAGEがあり MEL 適用しています。
⇒RH WING ROOT TAXI L'TはTERMINALが抜けてしまっているみたいです。TERMINAL P/N:50840、CRIMP TOOL&DIE:69710-1、69734です。(LS梅本)",大森,2,Field,99999999,2018/03/28,99999999,2018/03/28
58575,ERJ170,JA226J,ITM,,,"From JAMIS",2,CLOSE,"72 ",02,P3,02,R3,,,0,0,0,0,"LH ENG COMBUSTION LINER/HPT系のBSI実施しました。朝一LH ENG RUN UPでIGN ""B""のOPE C'K実施願います。
⇒BSI復旧後のOPE CKと、CRANK PAD LEAK CK実施してOKでした。(3/29 村上)",梅本,2,Field,99999999,2018/03/28,99999999,2018/03/28
58574,ERJ190,JA243J,ITM,,,"From JAMIS",2,CLOSE,"36 ",02,P3,02,R3,,,0,0,0,0,"⇒BLEED系の履歴は3/21に一度BLLED 2 FAIL有り。NAPRSOV:1013952-1在庫有り。243Jの右についているVLVは2016年9月にINSTされているもので、他と比べるとだいぶ古いです。",羽田,2,Field,99999999,2018/03/28,99999999,2018/03/28
58573,ERJ170,JA211J,ITM,,,"From JAMIS",2,CLOSE,"05 ",02,P3,02,R3,,,0,0,0,0,"EVでSEVERE TURBULENCE INSPECTION実施。INSP OKでした。(MAXG 2.0039)",権丈,2,Field,99999999,2018/03/28,99999999,2018/03/28
58572,ERJ190,JA246J,ITM,,,"From JAMIS",2,CLOSE,"27 ",02,P3,02,R3,,,0,0,0,0,"SHIP早おろしで、UPR RUD PCU CHG実施。このSHIPのUPR RUD PCU CHGは、今回を含めて就航から3回目(それぞれSQは違います)。FIMで呼ばれている、P-ACE1(P0081)～UPR RUD PCU(P0631)間のRESISTANCE & INSULATION C'K実施してOK。",安藤,2,Field,99999999,2018/03/28,99999999,2018/03/28
58571,ERJ170,JA214J,KMI,,,"From JAMIS",2,CLOSE,"32 ",02,P3,02,R3,,,0,0,0,0,"3641 STAYのCREWより口頭にて本日、3LEG FLTしたが2LEG目と3LEG目にL/G UP時にNOSE AREAよりSTRANGE SOUND（TIREがSPIN BRAKEで止まるのが遅い感じでゴーゴー音有り。但し3LEG目の音は小さかった：3/24のJAMISと同様の様で又3/27 SPIN BRAKE WORNで交換しているようです）有り。TIRE COND CK OK及びSPIN BRAKE OK又W/W DOOR VISUAL CK OK。特に異常なし。
⇒ITMでCREWに状況聞いたところLDG UP完了したときには止まっていたそうです。NOSE TIREのCONDITIONは特に異常ありませんが、REINST等検討願います。なおLH NOSE WHEELがBALANCE WEIGHT多かったので交換してみてもいいかもしれません。(3/29 安田)",新宮領,2,Field,99999999,2018/03/28,99999999,2018/03/28
58570,ERJ170,JA215J,HNA,,,"From JAMIS",2,CLOSE,"25 ",02,P3,02,R3,,,0,0,0,0,"DOOR CLS 直前 LH 一番前のO/H BIN LATCHが壊れたと言うことで呼び出し。LATCH NGの為MEL C/Oしました。専用テープでCLS、INOP PLACARD、使用出来ません表示して有ります。交換時剥がしてください。　(P/N H3-1750-6A) AMOS 100410252
(追記;BOARDING後の発見のためTC0014 /LS林あ)
⇒LATCH交換してOPE C'K OK & MEL CLOSED。PLACARDも全てはがしました(赤坂)",石井,2,Field,99999999,2018/03/28,99999999,2018/03/28
58568,ERJ190,JA244J,HND,,,"From JAMIS",2,CLOSE,"27 ",02,P3,02,R3,,,0,0,0,0,"-GTB DUE TO ""FLT CTRL FAULT""-
179便PUSH BACK - ENGINE START後に”FLT CTRL FAULT”(A) MSG APPEAR。GRD RESET PROCEUDREもALL PWR RESETのみの為GTBしました。CMC MSG ""L OB ELEV PCU C2 PRESSURE SENSOR 27030590FCS""をSTORE。RETURN TO TEST実施するもMSGが消えず、ALL PWR RESET実施もSAME、協議しMEL27-00-00-01 48時間を適用しDEPしました。INOP PLACARDはDU3の枠に貼りました。GAJ往復後HNDでO/N予定ですが今後のMAINT方針の検討をお願い致します。
ELEV PCU P/N:416100-1003 在庫有
⇒STYでT/Sして頂いた結果、LH OUTBD ELEV PCUが悪そうです。明日ITM STYの予定です。作業宜しくお願いします。(LS林あ)
⇒新MEL適用のため、MEL NO 27-00-00-01に変更しMOCと確認実施。(HND桜井)",有馬,2,Field,99999999,2018/03/28,99999999,2018/03/28
58567,ERJ190,JA241J,ITM,,,"From JAMIS",2,CLOSE,"52 ",02,P3,02,R3,,,0,0,0,0,"F2213 DEP前に呼ばれました。COCKPIT DOOR CONT PNLのDOOR LOCK SWがSTICKYで、FUNCはOKですがPUSH OUTするのに手でASSISTする必要があります。O/Nにて交換予定。
⇒SW ASSY交換してOKです。原因はSW内部に誰かが白いGREASEを塗付したようでそれに汚れが付着してFRICTIONを持っていたようです。(ITM 廣中)",山本俊,2,Field,99999999,2018/03/28,99999999,2018/03/28
58566,ERJ170,JA224J,KIJ,,,"From JAMIS",2,CLOSE,"25 ",02,P3,02,R3,,,0,0,0,0,"CTSよりSEAT BLOCKされていました 13HK SEATですが、少し臭いが残っていましたので、SEAT BLOCK継続しました。CTSでCONDが良ければBLOCK解除をお願いします。
⇒CTSでのCOND C'K OKでした。念のため13HK AREAに消臭剤を吹きかけています。SEAT BLOCKも解除しました。(CTS大森)",須藤,2,Field,99999999,2018/03/28,99999999,2018/03/28
58564,ERJ190,JA245J,ITM,,,"From JAMIS",2,CLOSE,"32 ",02,P3,02,R3,,,0,0,0,0,"LHIB BRKをPARTS CONTROLの為交換実施しました。",島岡,2,Field,99999999,2018/03/28,99999999,2018/03/28
58563,ERJ170,JA224J,AXT,,,"From JAMIS",2,CLOSE,"05 ",02,P3,02,R3,,,0,0,0,0,"JL2173にてPEE SOUNDがあったとのINFOありました。FL 25000FT ⊿P7.6で10列目あたりでヤカンが沸いたようなPEE SOUNDだったとの事。
その後FLT CREWに連絡後FL 20000FTに変更⊿P 6.8で音はしなくなったとのこと。音はGLYからCBNに入ると音がし始め10列目あたりがPEE SOUNDが一番大きくなるといった状況、前後5列はお休みになれない位の音だったようです。音以外は耳に来たり等はなくCBN AREA、OUT FLOW VLV AREA COND C'K OKで引き続きMONITOR依頼しています。NO CBN MEMO.
⇒2174ではNO SOUNDだったそうです。FL200で帰ってきました。音があったときはSEAT 10 AREAで上下左右のどこから鳴っていたかわからなかったそうです。便間でPACK OFF/ON、RECIRCURATION FAN OFF/ONしましたが再現しませんでした。様子見でお願いしています。(梅本)
⇒MYJでもINFOあり。状況としてはAXTのINFOと同じです。下のH-ductあたりでしょうか。(竹田)
⇒⊿P4.0かけて内側からADF #1 ANTのLEAKを確認。#2はOK。ついでにBOTH GPS ANTのSEALもNO GOODだったのでRESEALしてます。様子見てください。（豊/南/相）",鹿嶋,2,Field,99999999,2018/03/27,99999999,2018/03/27
58562,ERJ190,JA241J,ITM,,,"From JAMIS",2,CLOSE,"21 ",02,P3,02,R3,,,0,0,0,0,"CKPT & CBN TEMP SET CONTがLOW SHIFT気味。CBNはCRZ暑くて21℃SETするも地上ではNML.EMER HATCH辺りが暑いよう。CKPTも他機よりLOW SHIFT SETしているようでした。CMCなし。TEMP PARA CKでSEL触るもNML SCONでした。RAM INLETもCLOGなし。履歴3/17にあり。情報集めて続くようならCORRしましょう。
⇒JL2373のCAさんより同様にCBN中央が暑いとのINFOあり。関連M/MSGなし。FAPのTEMP SELを20℃くらいにして、COCKPITのECS PAGEでACTUAL 22℃を示すくらいとがちょうど良い温度。COCKPITもATUAL 23℃のINDでしたが少し暑い気がしたとのこと。様子見でお願いしています。（NGS 上野）
⇒STYまでNMLでした。(新井)",岸,2,Field,99999999,2018/03/27,99999999,2018/03/27
58561,ERJ190,JA252J,SDJ,,,"From JAMIS",2,CLOSE,"23 ",02,P3,02,R3,,,0,0,0,0,"JL3531 CRZにてF/OよりPA中、CBN TO CPT CALLがありDAPのCAB LTも点滅したためCAに確認したが誰もCPTを呼んでいなかったとのこと。
F/O SIDEから PA BTNにてPAをしていたので、PA BTNを数回押して確認しましたが、PAはNORMALでCBNからのCALLもなし。
次便でもMONITORしてもらっています。
⇒STYまでNML(田村A)",澤田,2,Field,99999999,2018/03/27,99999999,2018/03/27
58560,ERJ190,JA244J,KOJ,,,"From JAMIS",2,CLOSE,"32 ",02,P3,02,R3,,,0,0,0,0,"KOJ JL2403 SPOT IN後、 ""LG NO DISPATCH"" MSG APPEAR.   この時、BRAKE TEMP #1-253℃ ,  #2-233℃　, #3-250℃ , #4-60℃
であった。  #4 BRAKE TEMPは体感ですが、他のBRAKE と大差はなし。 #4 BRAKE TEMP SENSOR の CONNECTOR部を
揺すったところ、166℃になり、""LG NO DISPATCH"" はDISAPPESRしました。　この件、NO LOG IN で、ITM迄様子を見るとの事で、
CAPの了承を得ました。 DEP 前のBRAKE TEMPは #1-224℃ , #2-206℃, #3-213℃ , #4-160℃　でした。 FOLLOW お願いいたします。
永島
⇒ITM到着時はBRK TEMP IND NMLでした。RH OB BRK TEMP SENSORのCONNECTORが少しぐらついていたので、CLEANUPして締め直したらしっかりぐらつかない様になりました。INDもNMLで様子見てもらっています。(ITM 安田)
⇒HNDでは、NMLでした（HND　赤穂津）",永島,2,Field,99999999,2018/03/27,99999999,2018/03/27
58559,ERJ170,JA217J,FUK,,,"From JAMIS",2,CLOSE,"25 ",02,P3,02,R3,,,0,0,0,0,"カンパニーラジオでSQ INFがありました COFFEE MAKER BREW出来ない件ですが、FWD GLYのCOFFEE MAKERのAIR BLEEDを実施して OKとなっています。CABIN MEMOにてSQ UPの為、AMOS INPUTしました。",安達,2,Field,99999999,2018/03/27,99999999,2018/03/27
58558,ERJ190,JA246J,ITM,,,"From JAMIS",2,CLOSE,"31 ",02,P3,02,R3,,,0,0,0,0,"#1 MCDUがSTACK気味との事前INFOあり。2205 ITM ARRでCREWに聞いてみると、SCRATCH PADにINPUTしたものを上に移す時に、INPUTされずMCDUがBLANKになることが数回あったとのこと。かつ朝から#1 MCDUだけ動きがとろいような～と仰ってました。JAMIS HISTORYは無し。CMC MSGも無し。よって、MCDU CCB RECYCLEで様子みてもらってます。",西村,2,Field,99999999,2018/03/27,99999999,2018/03/27
58557,ERJ190,JA241J,"LS ",,,"From JAMIS",2,CLOSE,"27 ",02,P3,02,R3,,,0,0,0,0,"2247 ITM DEPでFLAP/SLATを下げた時”SLAT/FLAP LVR DISAGREE”が出てその後”SLAT LO RATE”がSTY ONとRADIO CONTACTあり。LEVERをRETRACT＆RE-EXTEND RQSTでBACK TO NORMALとなり出発しています。
⇒その後KIJまでNML、CMCには何も拾っていませんでした。LOG UPも無し。CREWには様子を見てもらうようにお願いしています。（KIJ岩井）

⇒STYまでNML。(新井)",小川,1,Fleet,99999999,2018/03/27,99999999,2018/03/27
58556,ERJ190,JA250J,ITM,,,"From JAMIS",2,CLOSE,"25 ",02,P3,02,R3,,,0,0,0,0,"-CABIN SQ MEMO-
WINDSCREEN LATCH SPRING CUTでLATCH交換してSQ MEMO CLOSEしました。(TM0003)",仙波,2,Field,99999999,2018/03/27,99999999,2018/03/27
58555,ERJ170,JA225J,AXT,,,"From JAMIS",2,CLOSE,"20 ",02,P3,02,R3,,,0,0,0,0,"NLG DOOR右側後方のDOOR前側のBONDING JUMPERのCONDが良くありません。すぐに切れる感じではありませんが可能なタイミングで交換お願いします。
⇒交換完了（ITM　西垣）",鹿嶋,2,Field,99999999,2018/03/27,99999999,2018/03/27
58554,ERJ170,JA224J,ITM,,,"From JAMIS",2,CLOSE,"49 ",02,P3,02,R3,,,0,0,0,0,"JUST INFO。2174 ARR時、ACTIVE MAINT MSG:APU HIGH EGT拾っていました。FAULT CODE:49105425APUでした。一度APU OFF/ONしてからはMSG消えました。FIMではSURGE VLV FUNCTION C'Kがよばれています。HISTORYでは本日の２回のみ拾っています。
参考までに、APU START:468℃、NO LOAD:340℃、APU BLEED ONLY:346℃、ELEC & L PACK ON:406℃、ELEC & R PACK ON:406℃、ELEC & BOTH PACK ON:478℃でした。ANTI SURGE VLV:4953195-1在庫有りです。
⇒STYではOKでした。(相原）",梅本,2,Field,99999999,2018/03/27,99999999,2018/03/27
58553,ERJ170,JA214J,HNA,,,"From JAMIS",2,CLOSE,"52 ",02,P3,02,R3,,,0,0,0,0,"CA INFO:R2 DOOR ARM DISARM LVRが重いとの事。C'Kした所、初動が重くOJTのCAだったが試して貰ったらARMにするのを頑張ってました。要筋トレと言ってあります。STY時C'K & LUBお願いします。
⇒次便NO INFOでした。(梅本)
⇒便間でC'Kしたが全くOPE NMLで重くありませんでした。OKとしてます。（鈴木J）",石井,2,Field,99999999,2018/03/27,99999999,2018/03/27
58552,ERJ190,JA248J,NGS,,,"From JAMIS",2,CLOSE,"23 ",02,P3,02,R3,,,0,0,0,0,"JL2372 ボーディング中にACARSが調子悪いとCOMPANYで話していました。EXT PNLのLAN PORTはグリグリしましたが、COCKPIT関係は何もしていません。ITM ARR時に確認をお願いします。
⇒ITMでCREWに聞いたところ、""NO COMM""が頻発していたようです。PROC 6 RESET TEST実施し様子見てもらっています。(安田)",上野,2,Field,99999999,2018/03/27,99999999,2018/03/27
58551,ERJ170,JA214J,CTS,,,"From JAMIS",2,CLOSE,"31 ",02,P3,02,R3,,,0,0,0,0,"CKPT L'T CKでCO-PI SIDEのADS,IRS SWのWHITE BARが点灯せず、SW FUNCTIONはOK、PNL裏のCONNECTORをRECONNECT&WIRE SHAKINGしてOKになりました。",廣中,2,Field,99999999,2018/03/27,99999999,2018/03/27
58550,ERJ190,JA251J,"LS ",,,"From JAMIS",2,CLOSE,"52 ",02,P3,02,R3,,,0,0,0,0,"RH MLG DOOR FAIRING SEAL RETAINERのCONDITION NGでREQ JOB出しています。
⇒REMしてCOND CKしましたが、PAINTがCRACKに見えるだけで特に問題なし。SCREWだけALL NEWにしてRE-INSTしています。
ITM 横山",林あ,1,Fleet,99999999,2018/03/27,99999999,2018/03/27
58549,ERJ170,JA218J,SDJ,,,"From JAMIS",2,CLOSE,"33 ",02,P3,02,R3,,,0,0,0,0,"LH AFT NAV LT MAIN OUT。 MEL 33-43-00適用中です。
⇒STYでBULB交換してOKでした。MEL CLOSED。SW NORMALに戻しました。PLACARD REMEVED。SEALANTは暖めて22:00に塗布しました。（関根Ｋ@CTS）",澤田,2,Field,99999999,2018/03/27,99999999,2018/03/27
58548,ERJ190,JA241J,ITM,,,"From JAMIS",2,CLOSE,"25 ",02,P3,02,R3,,,0,0,0,0,"本日も朝一、AFT GLY WATER BOILER下からGLY上にかけて水溜りあり。後ろのHOSE CONNECTION部の下は濡れていませんでした。LEAK CK OKでCLEAN UPしました。P/N:4360004-85-00-18 在庫有り 続いているので交換願います。
⇒ITM便間2402/2373ではNO INFO(岸)
⇒STYまでNO INFO。P/MでBOILER交換しました。(新井)",安田,2,Field,99999999,2018/03/27,99999999,2018/03/27
58547,ERJ170,JA225J,"LS ",,,"From JAMIS",2,CLOSE,"33 ",02,P3,02,R3,,,0,0,0,0,"BOTH WING TAXI LTが消えないSQが3/23,3/25と発生しています。
CONT PNLは3/23に交換済みですが再発しているので、CONT PNL下流のBOTH WING TAXI LT SIGNALが入るSPDA2 DISCRETE I/O(SLOT9)の交換をITM STYにてP/Mでお願いします。
⇒3/29 再発しました(TKN 松本H)
⇒SPDA2 DISCRETE I/O(SLOT9)交換しました。引き続きMONITORお願いします。
(交換後 WING TAXI LT １０回以上ON/OFF しましたがOKでした)",林あ,1,Fleet,99999999,2018/03/27,99999999,2018/03/27
58546,ERJ170,JA214J,CTS,,,"From JAMIS",2,CLOSE,"25 ",02,P3,02,R3,,,0,0,0,0,"AFT GLY WORK L'T SWのBRT側BULB OUT.BULB CHGでOK.SHIPの6839が1個もありませんでした。ITMでSUPPLYして下さい。
⇒SUPPLYしました。(梅本)",廣中,2,Field,99999999,2018/03/27,99999999,2018/03/27
58545,ERJ170,JA217J,HNA,,,"From JAMIS",2,CLOSE,"38 ",02,P3,02,R3,,,0,0,0,0,"JL3523 FUK-HNAでFLT中WATER SYS FAULTが30分くらい点灯していたとINFOありました。CMCはFWD DRAIN MAST　38000221WWSを2回拾っていて長い方は03：47～04：30と確かに長い感じ、MASTのHEAT C'KはOKでしたので、様子見お願いしています。",関,2,Field,99999999,2018/03/27,99999999,2018/03/27
58544,ERJ190,JA248J,"LS ",,,"From JAMIS",2,CLOSE,"32 ",02,P3,02,R3,,,0,0,0,0,"RH MAIN L/G DOOR FAIRING SEALのCUTが、以前からよく続く件。
1/8 FAIRINGを交換後に、引き込みすぎだったLWR DOORをADJしてもらっていますが未だにSEAL CUT SQが発生します。

OMZ/Pと別計画を立ててもらうよう調整しています。4/7-4/8予定。
DOORのLINKAGE ROD ADJをお願いします。",林あ,1,Fleet,99999999,2018/03/27,99999999,2018/03/27
58543,ERJ170,JA215J,ITM,,,"From JAMIS",2,CLOSE,"56 ",02,P3,02,R3,,,0,0,0,0,"早番でDV WINDOW組み立て中、SEAL INSTALLはALL完了。SEALANT MIXはAM8:00(CURE TIME:24HR)です。遅番はLINKAGEの組み立てからお願いします。
⇒遅番でLINKAGE、LINING INST、DV WINDOW ADJ & DV WINDOW INSTALL完了。残りCABIN PRESS LEAK C'Kです。(新井)
⇒CBN PRESSによるLEAK C'K OKでした。(ITM 松原 3/28)",前甲,2,Field,99999999,2018/03/27,99999999,2018/03/27
58542,ERJ190,JA242J,ITM,,,"From JAMIS",2,CLOSE,"32 ",02,P3,02,R3,,,0,0,0,0,"申し送りのLDG FREE FALL LEVER COVER LATCHの交換実施しました。レ点外しました。",佐藤TO,2,Field,99999999,2018/03/27,99999999,2018/03/27
58541,ERJ190,JA250J,ITM,,,"From JAMIS",2,CLOSE,"36 ",02,P3,02,R3,,,0,0,0,0,"FLT SQ;BLEED 2 FAIL履歴は何回かあり。CMCはRH NAPRSOV CLOSEをSTORE。10日前にVLVは交換されているので、VLV SERVO LINE TQ C'K & CONDITION C'K -OK.PMでMOTOR DRIVE MODを交換しました。",川崎,2,Field,99999999,2018/03/27,99999999,2018/03/27
58540,ERJ190,JA247J,ITM,,,"From JAMIS",2,CLOSE,"25 ",02,P3,02,R3,,,0,0,0,0,"CREW口頭：CPT DOOR LOCK CONT PNL LOCK GUARD SPRING CUTでGND SQ UPしてGUARD交換実施。",永村,2,Field,99999999,2018/03/27,99999999,2018/03/27
58539,ERJ190,JA245J,ITM,,,"From JAMIS",2,CLOSE,"34 ",02,P3,02,R3,,,0,0,0,0,"時々出ているALTIMETER INDICATION DIFFの件：最終LEGで降りたCREWに聞くと、本日はあまり高い高度をとらなかったということもあって全く気にならなかった、とのことでした。OPERATION NORMAL。",竹中,2,Field,99999999,2018/03/27,99999999,2018/03/27
58538,ERJ190,JA249J,KOJ,,,"From JAMIS",2,CLOSE,"21 ",02,P3,02,R3,,,0,0,0,0,"2419/STY JUST INFO : CMC ACTIVE M.MSG ""21515400AM2""""21516400AM2""(ADD HEAT VLV(PACK1/PACK2)[C2]/WRG FAULT) 
 IBIT TEST PASS THEN MSG DISAPPEARED.",田村S,2,Field,99999999,2018/03/27,99999999,2018/03/27
58537,ERJ170,JA221J,CTS,,,"From JAMIS",2,CLOSE,"05 ",02,P3,02,R3,,,0,0,0,0,"JL2909APPでBIRD STRIKEがありました。（結構大きな鳥）LH ENG LIPで粉砕してENGとFLAP周辺に大量の痕跡あり。全てNO DAMAGEでした。ENG COREには入っていません。",関根Ｋ,2,Field,99999999,2018/03/27,99999999,2018/03/27
58536,ERJ190,JA249J,KOJ,,,"From JAMIS",2,CLOSE,"78 ",02,P3,02,R3,,,0,0,0,0,"2419/STY JUST INFO : RH ENG ""LONG TIME DISPACH"".
 FADEC FAULT 2A/2B ""5227"" CMC M.MSG ""73215227E2A/E2B""(LT T/R POS SNSR DISAG E2A/E2B). FAULT CLEAR OK.",田村S,2,Field,99999999,2018/03/27,99999999,2018/03/27
58535,ERJ170,JA227J,CTS,,,"From JAMIS",2,CLOSE,"32 ",02,P3,02,R3,,,0,0,0,0,"RH OB TIRE間もなくです。CTS在庫ミシュラン2本のみ。
⇒AMOS上、P/N = 90000582-1WTD E170用 BRIGESTONE 2本 CTSに在庫有りそうです。（3/27 LS上田)
⇒交換実施（3/30小島）",関根Ｋ,2,Field,99999999,2018/03/27,99999999,2018/03/27
58534,ERJ170,JA213J,CTS,,,"From JAMIS",2,CLOSE,"25 ",02,P3,02,R3,,,0,0,0,0,"JL2877でSEAT NO.9ACと9HK間のFLOORにジュースの汚れがあるとのCABIN MEMO UP有り。CLEAN UP実施しています。以上INFOまで。",宮谷内,2,Field,99999999,2018/03/27,99999999,2018/03/27
58533,ERJ170,JA214J,ITM,,,"From JAMIS",2,CLOSE,"32 ",02,P3,02,R3,,,0,0,0,0,"3/24の申し送りにある、GEAR UP後NOSE TIREがしばらくゴトゴト音で他機に比べると音が大きい気がする、とINFOあり。
NOSE GEAR COND OK,NOSE TIREほぼNEWで変摩耗無し,SPIN BRK COND OK。よってNOSE GEAR周りのLUB実施し、NOSE TIRE PRESS:120PSIで問題無し。様子見て貰ってます。
⇒NOSE WHEEL SPINBRAKE CLEAT P/N = 121-1134-66-04  ITM在庫15個あり、BOLT P/N = NAS2833T3PT  ITM在庫5個あり
⇒JL2389　CREW INFOあり：4LEG　ともに音はするそうです。（KMJ　平井）
⇒STYで確認したところ、LH/RH共に2つあるうちのAFT側(手前側)がSPOT WORNしてたのでT/Sで交換しました。様子見て下さい。ちなみに他の機体でも大体手前側がかなり減ってきてます。（鈴木J）",西村,2,Field,99999999,2018/03/27,99999999,2018/03/27
58532,ERJ190,JA250J,ITM,,,"From JAMIS",2,CLOSE,"33 ",02,P3,02,R3,,,0,0,0,0,"2188 ARR時きづいたら、LWR BCNのみOFFでした。GNDでは遠目にPSのCOND CKして、LWR LT ASSYのCOND CKと軽いTAP実施。CKPTではCBのTRIPもなかったので、SW RECYCしたらNML OPE、数回実施してもNML。要MONでお願いします。
⇒ARRではしっかり点灯。PWR SUPPLYは交換実績あるので、PWR SUPPLYのBONDINGを取り直しました。OPE C'KED OK 川崎",三浦,2,Field,99999999,2018/03/27,99999999,2018/03/27
58531,ERJ170,JA214J,CTS,,,"From JAMIS",2,CLOSE,"36 ",02,P3,02,R3,,,0,0,0,0,"朝一DE-ICEの為にAPU BLEED OFFにしたタイミングでAPU BLEED VLVにAMBERの×ICONが出てSW RECYCLE等しましたが消えず(VLVはACTUAL OPEN/CLOSEしていた)ALL POWER RESET実施してOKになりました。CMCはAPU BLEED VLV/WRG FAULT-FAULT CODE:36125216APUで拾っていました。FIMによるといきなりALL POWER RESETなのでTRANSITORY CONDITIONかと思います。
⇒STYまでOK(鈴木J)",廣中,2,Field,99999999,2018/03/27,99999999,2018/03/27
58530,ERJ190,JA252J,SDJ,,,"From JAMIS",2,CLOSE,"23 ",02,P3,02,R3,,,0,0,0,0,"JL3537 DESにて NO.2 DAP FAIL（FAIL:025)となり F/O　SPEAKERより大音量のNOISEが鳴り出したとのこと。
（SPEAKER　ON/OFFに関係なく）
ARRの確認でも同様の状況が続いており　CCB RESET(COMM 2)C-29にて NO.2 DAP　BACK TO NML&SPEAKER よりのNOISEもなくなった。
COMMUNICATION SYSTEMのC'KもOKで次便 MONITORを依頼しています。　
⇒STYまでNML(田村A)",赤島,2,Field,99999999,2018/03/27,99999999,2018/03/27
58529,ERJ170,JA219J,ITM,,,"From JAMIS",2,CLOSE,"52 ",02,P3,02,R3,,,0,0,0,0,"JL2164 ITM APP中にCBNにてL1 DOOR後方上部&L2 DOOR前方上部から水滴が落ちてきたとINFOありました。
隙間に溜まってた水が落ちてきたと思われます。
SEAL COND OK&SEALの当たり面CLEANINGして様子みてもらっています。
SEALは他機と比べてもさほどへたっている感じはしないです。AIR LEAK SOUNDも無し。
⇒STYまでOK(しもかわ)",三浦ち,2,Field,99999999,2018/03/27,99999999,2018/03/27
58528,ERJ190,JA241J,KIJ,,,"From JAMIS",2,CLOSE,"25 ",02,P3,02,R3,,,0,0,0,0,"JL2247 SEAT NO.24C SEATBELTがスープで濡れたとINFOありました。拭き取りましたが時間無きためそのままSEAT BLOCKしてDEPさせています。ITMでCOND CKしてREPLACE願います。
⇒OKでした。(佐藤to）",岩井,2,Field,99999999,2018/03/27,99999999,2018/03/27
58527,ERJ170,JA211J,KOJ,,,"From JAMIS",2,CLOSE,"25 ",02,P3,02,R3,,,0,0,0,0,"PAX SEAT 15 H, K READING LT INOP でMEL 25-20-7(1) 適用しました。 FOLLOW お願いいたします。 (AMOS 100410144)
⇒3684/STAYにてBULB CHG しましたがSAME,ORIG'のBULB に戻してSTILL C/O おります。(FUK 林田）
⇒PCB交換してOPE C'K OK。C/O CLOSE.(ITM花田)",永島,2,Field,99999999,2018/03/27,99999999,2018/03/27
58526,ERJ190,JA250J,OIT,,,"From JAMIS",2,CLOSE,"33 ",02,P3,02,R3,,,0,0,0,0,"2367 ARRでもLWR RED BCNのみOFF,LT TAPしてRMT CB RESETでOPE CKED OKです。(NO LOG IN)",塚原,2,Field,99999999,2018/03/27,99999999,2018/03/27
58525,ERJ170,JA218J,CTS,,,"From JAMIS",2,CLOSE,"25 ",02,P3,02,R3,,,0,0,0,0,"<CA INFO>
CBN中ほどで金色の部品を拾ったとINFOあり。CKしたところ、11KのRECLINE CABLE END CLIPでした。RE-INSTしてOKです。NO MEMO。",関根Ｋ,2,Field,99999999,2018/03/27,99999999,2018/03/27
58524,ERJ190,JA250J,ITM,,,"From JAMIS",2,CLOSE,"49 ",02,P3,02,R3,,,0,0,0,0,"本日のAPU START BATT 16VまでDROPしました。
⇒STYでもSQ再現、ALL PWR OFF後5分でBATT PWR START, 14.4VまでDROP.よってBATT #2交換。DROPの値も19.2V、TRUによるCHARGEもいい感じだった。明日以降も朝一のAPU START気にして下さい（田村A）",仙波,2,Field,99999999,2018/03/26,99999999,2018/03/26
58522,ERJ170,JA212J,AXT,,,"From JAMIS",2,CLOSE,"38 ",02,P3,02,R3,,,0,0,0,0,"JL2171にて AFT LAV FAUCET NOT STOPのACARS INFOありました。S/O VLV CLOSEでARRしてきました。S/O VLV OPENしたところ水が止まらない状況でした。FAUCET何度かOPEしているうちにNMLに戻りました。OPE TIMEは10秒ほどでした。CAさんにもOPEしてもらい水が止まる事を確認してもらい再発するようならFAUCET何度かOPEしてみて下さいと伝えています。(W/O NO.100409743)
⇒ITM便間でWTR SVCしました。そのタイミングでAFT LAV FAUCET OPE C'K実施したところ60秒ほど掛かっていたのでFAUCET SCREWのADJUST実施して6,7秒に調整しています。落ち着いたところで確認していただき必要により再調整お願いします。（ITM 仙波）",鹿嶋,2,Field,99999999,2018/03/26,99999999,2018/03/26
58521,ERJ170,JA217J,"LS ",,,"From JAMIS",2,CLOSE,"53 ",02,P3,02,R3,,,0,0,0,0,"本日REQ JOBで出しているCKPT FLOORのFREE FALL COVERのLATCH(FLOOR PNL側)ですが、LATCH自体は接着でFLOOR PNLについているとのことです。
調査の結果、接着剤は""EA9320NA""使っています。
⇒完了(しもかわ)",林あ,1,Fleet,99999999,2018/03/26,99999999,2018/03/26
58520,ERJ170,JA213J,ITM,,,"From JAMIS",2,CLOSE,"25 ",02,P3,02,R3,,,0,0,0,0,"2430にてDESCENT開始くらいにCBN 10列目の天井付近からピー音(電子音に近い音)が2～3分したとCBN MEMOあり。様子を見てもらっています。
⇒JL2173では音は無かったとのことで該当AREA COND C'K OKでCBN MEMO CLOSEしています。W/O NO.100409828
引き続きMONITOR依頼しています。(AXT 鹿嶋)
⇒STYまでNO INFOでした。(ITM吉山)",米山,2,Field,99999999,2018/03/26,99999999,2018/03/26
58519,ERJ170,JA215J,"LS ",,,"From JAMIS",2,CLOSE,"27 ",02,P3,02,R3,,,0,0,0,0,"FLAP LO RATE再発。
2233 ITM-GAJでCRZ中にMSG APPEAR。AHEAD上のSTORE MSGは以下の3つ。
①L OUTBD FLAP SKEW SNSR T3/WRG FAULT 27532019ACE 
②FLAPS ACE1 LATCHED FAULT 27532018ACE 
③SFCL/FLAP PSU FAULT 27530001ACE 
GAJ ARR後確認予定。
⇒FAULT CODE 275332019ACE(L OUTBD FLAP SKEW SNSR T3/WRG FAULT）,27530001ACE （SFCL/FLAP PSU FAULT） 
FLAP CLEAR INHIBIT THEN MSG DISAPPEARED,FLAP OPE C'K OKにてDEPしています。（GAJ 宮本）

⇒次便でもCRZ中に""FLAP LO RATE""発生しました。MMSGは上記同様です。本日はここでSTYにしT/S実施、SENSOR抵抗比べてみたところNEWとT3 SENSORはほぼ同じ値でしたが、T4 SENSORは値に違いがあったため交換しました。(安田)",林あ,1,Fleet,99999999,2018/03/26,99999999,2018/03/26
58518,ERJ190,JA251J,ITM,,,"From JAMIS",2,CLOSE,"34 ",02,P3,02,R3,,,0,0,0,0,"朝一のPWR INでMCDU 1がBLANKでした。CCB RESETでOK.過去歴無し。MCDU在庫有りP/N:7033700-930,7025725-932両方有りです。",安池,2,Field,99999999,2018/03/26,99999999,2018/03/26
58517,ERJ170,JA221J,MMB,,,"From JAMIS",2,CLOSE,"25 ",02,P3,02,R3,,,0,0,0,0,"F2713(CTS→MMB)
DEP後AFT GLYが水で濡れていた(結構広い範囲)
CKしたところWATER HEATERの下はDRYでしたがCOFFEE MAKERの下がWETでした。
一度COFFEE MAKERを外しCLEAN UPして様子を見てもらっています。(MMB 碓井)
⇒その後DRYだったと報告ありました。（関根Ｋ@CTS）",碓井,2,Field,99999999,2018/03/26,99999999,2018/03/26
58516,ERJ190,JA244J,ITM,,,"From JAMIS",2,CLOSE,"24 ",02,P3,02,R3,,,0,0,0,0,"昨晩申し送りのBPTの件⇒朝一APUからの#2→#1と#1→#2の順でSTARTしましたが、NMLでした。（安藤）
⇒JL2152までNML(安池)
⇒STYまでOKでした(KOJ 小坂）",安藤,2,Field,99999999,2018/03/26,99999999,2018/03/26
58515,ERJ190,JA241J,SDJ,,,"From JAMIS",2,CLOSE,"25 ",02,P3,02,R3,,,0,0,0,0,"昨日同様、STY明けにAFT GLY WATER BOILER下からGLY上にかけて水溜りあり。LEAK CK OKとCLEAN UPしてOKとしています。
⇒O/Nにおいては異状なしでした（ITM／S 竹中）",澤田,2,Field,99999999,2018/03/26,99999999,2018/03/26
58514,ERJ190,JA244J,ITM,,,"From JAMIS",2,CLOSE,"25 ",02,P3,02,R3,,,0,0,0,0,"JL2152/2123でG2 GLY 208 COMPT SPRING CUTでCBN MEMO上がりました。18章C/Oしています。SPRING 3つ全てCUTしています。交換後AMOS(100409859)&CBN MEMO CLOSEお願いします。P/N:CDSP1501-3(在庫有り)
⇒本日STILL C/Oです(KOJ 小坂）",安池,2,Field,99999999,2018/03/26,99999999,2018/03/26
58513,ERJ190,JA250J,ITM,,,"From JAMIS",2,CLOSE,"25 ",02,P3,02,R3,,,0,0,0,0,"CREW口頭でCAPTAIN SIDE CKPT SEAT LONGITUDINAL方向のADJが固いと言われました。出来る限りRAIL CLEANINGとLUB実施。少し改善しましたのでCREW了承のもとDEPしてもらいました。STYでもCLEANING LUB実施よろしくお願いします。
⇒CAPT/CO PI SEAT CLEANING & LUB完了。田村A",安池,2,Field,99999999,2018/03/26,99999999,2018/03/26
58512,ERJ170,JA227J,SDJ,,,"From JAMIS",2,CLOSE,"25 ",02,P3,02,R3,,,0,0,0,0,"CREW PRE-FLT CHK時、CKPT DOOR TEST出来なかった為、CTRL PNL CONNECTOR RESETしてOKとなり、そのままDEPしています。",伊藤,2,Field,99999999,2018/03/26,99999999,2018/03/26
58511,ERJ190,JA248J,ITM,,,"From JAMIS",2,CLOSE,"52 ",02,P3,02,R3,,,0,0,0,0,"CKPT DOOR LATCHが外れやすい件ですが、DOOR全体が下側に落ちて、のぞき窓がDOORをOPENした時にGLY側にTOUCHしてました。このせいでDOOR CLOSE側に動き、LATCHが外れやすくなってたようです。よってDOOR下側の取付けPINをDOOR全体が持ち上がるようにADJしてOKとなりました。DOOR LOCKのOPE CKもOK。",佐藤TO,2,Field,99999999,2018/03/26,99999999,2018/03/26
58510,ERJ190,JA245J,ITM,,,"From JAMIS",2,CLOSE,"34 ",02,P3,02,R3,,,0,0,0,0,"JL2208 ARRV CREW INFO;24000ftでRH（ADS2）が150ft低い
⇒引き続きMONITORしますとのこと",安藤,2,Field,99999999,2018/03/26,99999999,2018/03/26
58509,ERJ170,JA221J,AOJ,,,"From JAMIS",2,CLOSE,"05 ",02,P3,02,R3,,,0,0,0,0,"BIRD STRIKE、GNDにてTAXI中かENGが止まる寸前に吸われたようで、NO1 ENGのFAN BLADE1枚とその後ろのGUIDE VANE(10時方向）2～3枚に羽が付いてました。COREに入っている形跡はありませんでした。NO DAMAGEでした。",山下,2,Field,99999999,2018/03/26,99999999,2018/03/26
58508,ERJ190,JA250J,ITM,,,"From JAMIS",2,CLOSE,"25 ",02,P3,02,R3,,,0,0,0,0,"最終便でFWD COFFEE MKR OVER FLOW. SNSR CLEANでOPE CK OK.",田村A,2,Field,99999999,2018/03/26,99999999,2018/03/26
58507,ERJ170,JA219J,FUK,,,"From JAMIS",2,CLOSE,"52 ",02,P3,02,R3,,,0,0,0,0,"CA INFO 1R　DOOR　ARM/DISARM　OPE時若干硬いとの事、GEN　COND　＆OPS　OK　です。",宗像,2,Field,99999999,2018/03/26,99999999,2018/03/26
58506,ERJ170,JA220J,KOJ,,,"From JAMIS",2,CLOSE,"33 ",02,P3,02,R3,,,0,0,0,0,"F3730到着時、RH FWD NAV L'T MAIN SYS OUTでしたのでSTBYに切り替えて、MEL33-43-00 を適用としています。
（AMOS NO:100410026）FOLLOWお願いします。（KOJ　久高）
⇒BULB交換してOK。MEL FIXしました。但しBULBの刺さる穴の一つの奥が黒くボソボソになっていました。（FUK塩田)",久高,2,Field,99999999,2018/03/26,99999999,2018/03/26
58505,ERJ170,JA227J,CTS,,,"From JAMIS",2,CLOSE,"52 ",02,P3,02,R3,,,0,0,0,0,"JL2806でCOCKPIT DOOR CONT PNLのLOCK SW GUARD SPRINGがCUTしているFLT SQが有りました。AMMB18-00-04でC/Oしています。(W/O:100410022)
⇒SW GUARD交換してOK。C/O CLOSED。（3/30小島）",宮谷内,2,Field,99999999,2018/03/26,99999999,2018/03/26
58504,ERJ170,JA215J,ITM,,,"From JAMIS",2,CLOSE,"56 ",02,P3,02,R3,,,0,0,0,0,"F/O DV-WINDOW からのAIR LEAK SOUNDの件
RE-SEAL実施の為、早番でDV-WINDOW REMVしMECH & BLACKET外しまで完了。
⇒遅番では、DV-WINDOW DIS-ASSY & CLANING 完了しました。時間がかかりました。明日組立からお願いします。その為工期を延長しています。REMOVE WINDOWは一部内側が欠けていましたので、NEWを工作室の棚に立て掛けてあります。OUTB'D & INB'D RETAINERは可能な限り、PAINT TOUCH UP実施してあります。 （遠藤T）",花田,2,Field,99999999,2018/03/26,99999999,2018/03/26
58503,ERJ170,JA213J,ITM,,,"From JAMIS",2,CLOSE,"72 ",02,P3,02,R3,,,0,0,0,0,"LH ENG W/WASH完。",安藤,2,Field,99999999,2018/03/26,99999999,2018/03/26
58502,ERJ170,JA217J,MYJ,,,"From JAMIS",2,CLOSE,"05 ",02,P3,02,R3,,,0,0,0,0,"JL3595 ARRにてCAPよりFL240付近にてCPT L/H後方辺りより”ブーン”音あったようです。L-1 DOOR UPR SEALのCOND C'KED OKですので様子みてもらっています。
⇒STYではNO INFO(しもかわ)",八尋,2,Field,99999999,2018/03/26,99999999,2018/03/26
58501,ERJ170,JA223J,HNA,,,"From JAMIS",2,CLOSE,"38 ",02,P3,02,R3,,,0,0,0,0,"JL2183 HNA DES中にWATER SYS FAULTが５分くらい点灯したとC/AからINFOありました。FWD DRAIN MAST 38000221を拾っていいましたが、ACTUAL HEAT C'KはOKですので、様子見をお願いいたしました。
⇒その後STYまでNMLでした。ITM 横山",関,2,Field,99999999,2018/03/26,99999999,2018/03/26
58500,ERJ170,JA223J,ITM,,,"From JAMIS",2,CLOSE,"31 ",02,P3,02,R3,,,0,0,0,0,"COA31-0004実施、AUTO LNAV機能を有効にするAPM OPTIONのINSTです。",横山,2,Field,99999999,2018/03/26,99999999,2018/03/26
58499,ERJ170,JA214J,CTS,,,"From JAMIS",2,CLOSE,"33 ",02,P3,02,R3,,,0,0,0,0,"朝のPWR IN C'KでL/H FWD MAIN NAV L'T OUTの為、STBY NAV L'T OPE C'K OKによりMEL33-43-00を適用しています。(W/O:100409588)
⇒ LAMP交換してOPE CK OKでC/O CLOSEです。(CTS 滝)
⇒作業実施、MEL CLSありがとうございました。（LS森本）",宮谷内,2,Field,99999999,2018/03/25,99999999,2018/03/25
58498,ERJ170,JA219J,KCZ,,,"From JAMIS",2,CLOSE,"44 ",02,P3,02,R3,,,0,0,0,0,"CA INFO:上空でCOCKPITからCABINへのINTERPHONEでハウリングする。COCKPITのVOLUMEが大きいとよくこういう事があるそうでVOLUMEを下げて様子を見るとの事です。
⇒だいぶ良くなったが、まだ少しハウリングするので、さらにボリュームをADJUST依頼しました。(FUK 安達)",福田,2,Field,99999999,2018/03/25,99999999,2018/03/25
58496,ERJ190,JA246J,ITM,,,"From JAMIS",2,CLOSE,"25 ",02,P3,02,R3,,,0,0,0,0,"本日、COAにてストレッチャーFIT C'K実施しました。C'K OKです。",吉山,2,Field,99999999,2018/03/25,99999999,2018/03/25
58495,ERJ170,JA217J,KOJ,,,"From JAMIS",2,CLOSE,"25 ",02,P3,02,R3,,,0,0,0,0,"CBN CREW より INFO で SEAT 4K FWD POCKET L/H SPRING CUT,CBN MEMO にて 18章 C/O しました。
FOLLOW お願いします。(AMOS WO 100409678)
⇒交換完了(しもかわ)",永島,2,Field,99999999,2018/03/25,99999999,2018/03/25
58494,ERJ170,JA227J,AXT,,,"From JAMIS",2,CLOSE,"23 ",02,P3,02,R3,,,0,0,0,0,"JL2821（CTS-AXT）でACARS調子悪いと口頭INFOあり。徐々に悪くなっているとの事だったのでPROC6 RESET/TEST実施し、現在はNORMALになっています。
⇒JL2822(AXT-CTS)でも時々ACARSがNO COMMになったとのINFO有りました。SPOT IN後のGNDでのOPE C'KED OKにより、また様子を見て貰いました。(CTS 宮谷内)",山崎,2,Field,99999999,2018/03/25,99999999,2018/03/25
58493,ERJ170,JA222J,FUK,,,"From JAMIS",2,CLOSE,"54 ",02,P3,02,R3,,,0,0,0,0,"下記BLOWOUT PNLのHINGEがWEARしガタが大きくなっています。
現状でPINが落下する恐れはありませんが、既にHINGE PIN HOLEのWEARが進行してHOLE OUTしている部分がありますのでITMにて確認をお願い致します。
①L PYLON 419NR（L PYLON INBD）
②R PYLON 429MR AFT側（R PYLON INBDのAFT側）
IPC 54-50-22

⇒交換完了。。　　ITM  河内",塩田,2,Field,99999999,2018/03/25,99999999,2018/03/25
58492,ERJ190,JA241J,ITM,,,"From JAMIS",2,CLOSE,"25 ",02,P3,02,R3,,,0,0,0,0,"F1時、AFT WTR BILR下からGLYにかけて水たまり有り。見た時、及びPRSかけてNO LEAKの為、CLNGして出しています。
またFWD WTR BILRはPWR入れて約1時間後頃、FAIL LTが点いたと連絡有り。PWR RSTでNMLになったので様子みますとの報告。
INFO ONLY
⇒FWD WTR BILRはFAIL LTがSDJでも、次のITMでも点灯したそうです。ITMではNMLでしたのでデキャンタ1杯分お水入れ替えて出しました。SDJで再発するようなら連絡下さい。ITM 横山
⇒JL2205ではOPE NMLでした。CREW CHGしましたが、次便のJL2206でFAIL LT ONとなったらITM MECHに伝えるようINFOしています。
よろしくお願いします。澤田＠SDJ",横山,2,Field,99999999,2018/03/25,99999999,2018/03/25
58491,ERJ170,JA213J,GAJ,,,"From JAMIS",2,CLOSE,"25 ",02,P3,02,R3,,,0,0,0,0,"F2233:LATCH SPRING CUT-DROP DOWN WINDOW-TAPEにて固定、INOP PLACARD INSTALLED。 MEL25-27-01適用しCORRをC/Oしています。
⇒F2234 ITMにてLATCH CHGし、C/O SQ CLOSEしています。（遠藤T)",宮本,2,Field,99999999,2018/03/25,99999999,2018/03/25
58490,ERJ170,JA221J,SDJ,,,"From JAMIS",2,CLOSE,"25 ",02,P3,02,R3,,,0,0,0,0,"CA INFO: AFT COFFEE MAKER CAPのしたに水が溜まる、CAPのヒビはなし、OVERFLOWはしていない。AIR BLEED実施で様子みてもらってます。",石川高,2,Field,99999999,2018/03/25,99999999,2018/03/25
58489,ERJ190,JA245J,AOJ,,,"From JAMIS",2,CLOSE,"34 ",02,P3,02,R3,,,0,0,0,0,"CREW口頭：ALT DIFF約150FTくらいあるそうです。 FL290 300KT/0.77MそのときのDATA LEFT 29000  IESS 28960  RIGHT 28850 　ADS3 28960です。　GND DIFF無し（LIMIT：FL200⇒150ft、FL300⇒180ft）三か所（capt、stby、co）を比較するとRHが低い。過去歴有。23日と同じ感じですかね。FOLLOWよろしくお願いします。",山下,2,Field,99999999,2018/03/25,99999999,2018/03/25
58488,ERJ170,JA225J,CTS,,,"From JAMIS",2,CLOSE,"00 ",02,P3,02,R3,,,0,0,0,0,"JL2901(SDJ-CTS),CREW INF
 ①T/O後CABINでOIL臭あり。臭いはしばらくして消えた。⇒BOTH ENG COND CK OK.OIL QTY CK OK(L10.6 R10.7).
 ②#2ENG START時GEN2に切り替わるのが遅かった。5～6SEC？かかった。⇒CMC CK NONE.次便STARTでも少し遅いとのこと。GEN1&2    
   VOLT,FREQ'OK. ①②MONITORでお願いしてます。
⇒JL2871(KIJ-CTS)では①②ともOKでした。(CTS 宮谷内)",奥田,2,Field,99999999,2018/03/25,99999999,2018/03/25
58486,ERJ190,JA244J,KMI,,,"From JAMIS",2,CLOSE,"24 ",02,P3,02,R3,,,0,0,0,0,"2434便 ENG START後、AVNX MAU 1B FAIL CAS MSG APPEAREし、すぐにMSG DISAPPEAREしたとのINFOありました。CCD2は動くとの事でそのままDEPさせています。
⇒2375 DEP時 BPTしてCCD2 STUCKしました。AOM GND RESET PROCによりBACK TO NORMです。CAPTよりITM O/NでCORR依頼されました。
INT中 #2 ENG NORM START, #1 ENG START途中IDLEに達する前にINTERPHONEにブツブツとNOISEが入ったので#1E GCUが怪しいような感じがします。(3/25 ITM上田)
⇒NGSでCREWに聞いたところ、NO.2 ENG NORM START,NO.1 ENG START時 BRTしたそうです。通常NGSでは、グランドさんINTERPHONEにしてもらいますが、MNTにてINTERPHONEをするようにREQありました。2376 DEP時は、OKでした。(NGS山田）
⇒2377 DEPはNML XFRでした(ITM 藤原)
⇒2378 DEP時BPTしてCCD2 STUCK. AOM GND RESETによりBACK TO NML.(NGS山田)
⇒2378NOTE UPされていました。ARR時、CMCにはNO MEMORY (25日LEG2のみMAU筆頭に多数MEMORY)。
T/SでGCU-1＆AGCUをSWAPしました。本日、日曜日の為ENG RUN出来ませんでした。
明日朝一念のため、ENG RUN-UPお願いします。（GCU-1は3/15と21に交換してます。）(ITM稲村）
⇒朝一APUからの#2→#1と#1→#2の順でSTARTしましたが、NMLでした。（安藤）",佐藤貴,2,Field,99999999,2018/03/25,99999999,2018/03/25
58485,ERJ190,JA250J,ITM,,,"From JAMIS",2,CLOSE,"49 ",02,P3,02,R3,,,0,0,0,0,"朝一APU立ち上がりNML, MNT MSGも無し。",吉山,2,Field,99999999,2018/03/25,99999999,2018/03/25
58484,ERJ190,JA252J,ITM,,,"From JAMIS",2,CLOSE,"25 ",02,P3,02,R3,,,0,0,0,0,"SER-OSASE-17-0129
INSULATION BLANKET AROUND OUTFLOW VLV COND C'K実施
COND OKでした",杉山,2,Field,99999999,2018/03/25,99999999,2018/03/25
58483,ERJ170,JA217J,TKN,,,"From JAMIS",2,CLOSE,"25 ",02,P3,02,R3,,,0,0,0,0,"CBN CREW より INFO で SEAT 3H FWD POCKET L/H SPRING CUT,CBN MEMO にて 18章 C/O しました。
CUT SPRING には TAPE を貼ってあります、FOLLOW お願いします。 (AMOS WO 100409641)
⇒交換完了(しもかわ)",田中A,2,Field,99999999,2018/03/25,99999999,2018/03/25
58482,ERJ170,JA224J,FUK,,,"From JAMIS",2,CLOSE,"21 ",02,P3,02,R3,,,0,0,0,0,"F3642/STAY CREW口頭INFO : ENG S/D後PACK 1からHOT AIRが出てきた為、PACK 1 SW OFFにしたとの事。CMCには【ADD HEAT VLV(PACK 1)[C2]/WRG FAULT】CODE:21515400AM2及び【ADD HEAT VLV (PACK 2)[C2]/WRG FAULT】CODE :21516400AM2をSTOREしていて、ACTIVEでした。ADD HEAT VLV IBIT PASSによりINACTIVE。BOTH PACK OPE CK OKでした。OKとしまてます。
⇒ADD HEAT VLV P/N 820966-3,ORING P/N 69494J124 & 69494J214 PARTS在庫あります。（LS森本）",秋山,2,Field,99999999,2018/03/25,99999999,2018/03/25
58481,ERJ190,JA246J,ITM,,,"From JAMIS",2,CLOSE,"34 ",02,P3,02,R3,,,0,0,0,0,"CREW INFO
FL300の時にALT DIFFがあったようです。ADSP及び周辺のSURFACEのVISUAL C'KはOK、しばらく様子見て下さい。
　　(CAPT)　　　(IESS)　　　(COPI)
　　30000ft　　 29860ft　　 29850ft",瀧崎,2,Field,99999999,2018/03/25,99999999,2018/03/25
58480,ERJ170,JA217J,TKN,,,"From JAMIS",2,CLOSE,"23 ",02,P3,02,R3,,,0,0,0,0,"CREW INFO PRINTER FLT中に印字されない状態で勝手に出たり引っ込んだりしたそうです。LAN STATUS ALL GREEN & FRP の PLUG RESET等にてTEST & OPE C'K OKですので様子みてもらいました。後はPAPER NGかもしれないので交換してみてください。
⇒その後STAYまでNML(FUK 秋山）
　　",松本Ｈ,2,Field,99999999,2018/03/25,99999999,2018/03/25
58479,ERJ170,JA220J,KOJ,,,"From JAMIS",2,CLOSE,"25 ",02,P3,02,R3,,,0,0,0,0,"STRETCHER INSTALL 完了。空コンテナについては、FWD CARGO 搭載済みです。",濟藤,2,Field,99999999,2018/03/25,99999999,2018/03/25
58478,ERJ190,JA252J,ITM,,,"From JAMIS",2,CLOSE,"79 ",02,P3,02,R3,,,0,0,0,0,"ENG MAINT PAGEにRH ENG CHIP DETECT MSG STORE。
CHIP DETECT REM & COND C'K OK。REINSTしてENG RUNによるLEAK C'K OK。",杉山,2,Field,99999999,2018/03/25,99999999,2018/03/25
58477,ERJ190,JA248J,HND,,,"From JAMIS",2,CLOSE,"25 ",02,P3,02,R3,,,0,0,0,0,"(CREW INFO) COCKPIT DOORをOPEN HOLDするLATCHのつめがあまく外れやすいです。交換を検討お願いします。IPC 25-31-01 FIG12 (FWD RH G1 GLY) ITEM 85 (P/N 20330-411)
⇒DOOR ADJしてOKとなりました。（3/26 佐藤TO）",桜井,2,Field,99999999,2018/03/25,99999999,2018/03/25
58476,ERJ170,JA225J,MMB,,,"From JAMIS",2,CLOSE,"25 ",02,P3,02,R3,,,0,0,0,0,"F2719(CTS→MMB)
CRS中AFT LAVのWASTE CONT DOOR FLAPPERに指を挟んでお客様がお怪我をされたとの事、
FLAPPERに取り立ててSHARPな部分はありませんでしたがやすりを軽くかけてSMOOTH OUTし、OKとしました。
CABIN SIMとSQ MEMOが上がっています。(AMOS 100409715)
(MMB 碓井)",碓井,2,Field,99999999,2018/03/25,99999999,2018/03/25
58475,ERJ170,JA225J,MMB,,,"From JAMIS",2,CLOSE,"33 ",02,P3,02,R3,,,0,0,0,0,"F2719(CTS→MMB)
 MMB ARR時SIDE TAXI LT NOT OFF、COCKPITでいろいろSW操作している内に消えました、CREWはMMB到着時には使用していなかった
との事でしたが、その後OPE NMLの為、様子を見てもらっています。
(MMB 碓井)
⇒JL2718 ARR時、TAXI L'T ON-OFF OKでした。(CTS/髙橋)",碓井,2,Field,99999999,2018/03/25,99999999,2018/03/25
58474,ERJ170,JA218J,ITM,,,"From JAMIS",2,CLOSE,"36 ",02,P3,02,R3,,,0,0,0,0,"昼の便間でO2 1660psiでした。朝は1780ほどあったそうです。1900psiまでSVCしました。様子見てください。
⇒JL2305/2306ではCPT IND 1880PSIでした。(MYJ八尋)
⇒ITM N/STYでは、1850PSIでした。明日から4泊なので1900PSIまでSUPPLYしています。(ITM 三上)",相原,2,Field,99999999,2018/03/25,99999999,2018/03/25
58473,ERJ190,JA252J,ITM,,,"From JAMIS",2,CLOSE,"29 ",02,P3,02,R3,,,0,0,0,0,"FLEET RQST JOB
ACMP 1B/2B PRESS&SUPPLY PORT UNION TQ C'K OK",杉山,2,Field,99999999,2018/03/25,99999999,2018/03/25
58472,ERJ170,JA222J,MYJ,,,"From JAMIS",2,CLOSE,"21 ",02,P3,02,R3,,,0,0,0,0,"JL3595 LDG時耳にツンと来たそうです。CABIN ALTやOFVのPOSI等はLDG中なので見れなかったようです。様子見ますとの事です。
CAにも聞いてみましたが、こちらは耳が詰まり気味なのでよくわからないとのことでした。
⇒数回MYJに来ましたが、特に問題なかったそうです。(MYJ八尋)

⇒午後のCREWはOKとの事。　　ITM 河内",中村,2,Field,99999999,2018/03/25,99999999,2018/03/25
58471,ERJ170,JA224J,TKS,,,"From JAMIS",2,CLOSE,"05 ",02,P3,02,R3,,,0,0,0,0,"3567 CA INFO：DES開始5分間CABIN中央上方より”PEE”音との事。
⇒FUS UPR VIS CONDするも異常なし。GPS ANTあたりのLEAK SOUNDかとも思ったのですが、CLIMB中は音はしなかったそうです。3568様子見てもらっています。
F3639は、異音(PEE音無し）引き続きWATCHして頂いています。FUK 宗像
⇒その後STAYまでNML　(FUK 秋山）",加藤正,2,Field,99999999,2018/03/25,99999999,2018/03/25
58470,ERJ170,JA215J,HNA,,,"From JAMIS",2,CLOSE,"56 ",02,P3,02,R3,,,0,0,0,0,"INFO ONLY:詳細は聞き漏らしましたが、F/O DV WINDOWからのLEAK音がヒドかったそうです。SEALのCONDITION C'KはOK。CLEAN UPして様子を見てもらいます。
⇒F3526でもLEAK音があるとの事でF/O DV WINDOW SEAL AREAにDC4 APPLYして様子をみてもらっています。(FUK 進）
⇒最終便では音はしなかったそうです。27,28日でSTBYなのでそこでCORRECTION願います。(ITM 安井)
⇒FLAP LO RATE再発でGND、それに合わせて１日前倒しでCORR実施します。（3/26 JL2234 ARR～3/27終日）（3/26 IC後藤）",武藤,2,Field,99999999,2018/03/25,99999999,2018/03/25
58469,ERJ170,JA214J,CTS,,,"From JAMIS",2,CLOSE,"31 ",02,P3,02,R3,,,0,0,0,0,"PRINTER JOB FAILとのCREW INFO。PRINTER TEST OK & CMC ACCESS不可でしたのでMAU1 PWR3 CCB RESETしてOKとなりました。",滝,2,Field,99999999,2018/03/25,99999999,2018/03/25
58468,ERJ170,JA213J,ITM,,,"From JAMIS",2,CLOSE,"20 ",02,P3,02,R3,,,0,0,0,0,"RH W/W内のAILERON OVERRIDE UNITについているBONDINGの寿命が近いです。ITM STYで交換願います。P/N PE88001-5BB7在庫有り
⇒交換完了",田村A,2,Field,99999999,2018/03/25,99999999,2018/03/25
58467,ERJ190,JA252J,ITM,,,"From JAMIS",2,CLOSE,"32 ",02,P3,02,R3,,,0,0,0,0,"RH IB BRAKE TEMPが他より150℃程高くなっていました。CREWのBRAKE FEELING、SENSOR＆CONNECTOR含めBRAKEに不具合無しです。",瀧崎,2,Field,99999999,2018/03/25,99999999,2018/03/25
58466,ERJ170,JA215J,ASJ,,,"From JAMIS",2,CLOSE,"28 ",02,P3,02,R3,,,0,0,0,0,"REFUEL PNL L & R VLV CLOSE L'T の接触が悪く時々点灯しない時があります。
L'T CAPを揺すると点灯します。
時間がある時、BULB交換願います。
⇒BULB交換しましたがSAME CONDでしたのでORIGINALに戻しました。やはり接触が悪そうでしたので、接点のCLEAN UP実施しました。その後は何回かTESTしましたが、点灯しましたのでOKとしています。(ITM 松原)",西谷,2,Field,99999999,2018/03/24,99999999,2018/03/24
58465,ERJ190,JA247J,HKD,,,"From JAMIS",2,CLOSE,"56 ",02,P3,02,R3,,,0,0,0,0,"1A WINDOW OUTER PANEに擦れた跡があります。ITM ARRでRECHECKをお願いします。参考までにSMARTで写真を添付して送りました。
よろしくお願いします。

ITMにてCK,WITH IN LIMIT.CARDあげて、GREEN MARKしてCARD CLSしました。岡元ITM",河原,2,Field,99999999,2018/03/24,99999999,2018/03/24
58464,ERJ170,JA220J,ITM,,,"From JAMIS",2,CLOSE,"38 ",02,P3,02,R3,,,0,0,0,0,"REMOTE CB TRIP ADV MSG APPERED BFR B/I(TOILET AFT GND SVC)

APU PWRの切れ替え時と思われる。PUSH INしてLAV OPE NORM。",恩田,2,Field,99999999,2018/03/24,99999999,2018/03/24
58463,ERJ170,JA221J,HND,,,"From JAMIS",2,CLOSE,"34 ",02,P3,02,R3,,,0,0,0,0,"157 ENG START後 RA MSG(どちらかは不明）が出て消えたそうです。そのまま様子を見てもらいました。",須藤,2,Field,99999999,2018/03/24,99999999,2018/03/24
58462,ERJ170,JA215J,TKN,,,"From JAMIS",2,CLOSE,"27 ",02,P3,02,R3,,,0,0,0,0,"F3793/3794 でも DEC中 FL270 辺りで FLAP LO RATE MSG APPEAR しました。
内容は初便と同様でしたので、FLAP CLEAR INHIBIT THEN MSG DISAPPARED ,GND OPE C'KED OK.
で行ってもらいました。
⇒LH O/B FLAP IB(T3) SKEW DET SNSRの抵抗を測定したところ、NEWのSKEW SNSRとは抵抗の値が大きく違っていましたので、交換実施しました。その後はMSG CLEAR。OPE C'K OK (ITM 遠藤)",田中A,2,Field,99999999,2018/03/24,99999999,2018/03/24
58461,ERJ170,JA212J,ITM,,,"From JAMIS",2,CLOSE,"32 ",02,P3,02,R3,,,0,0,0,0,"RH IB BRK 1MM
⇒交換完了(3/29 西村)",田村A,2,Field,99999999,2018/03/24,99999999,2018/03/24
58460,ERJ170,JA217J,ITM,,,"From JAMIS",2,CLOSE,"25 ",02,P3,02,R3,,,0,0,0,0,"ストレッチャーのFIT CKのCOA実施しました。今後は、このSHIPもストレッチャー搭載OKです。",角田,2,Field,99999999,2018/03/24,99999999,2018/03/24
58459,ERJ170,JA217J,ITM,,,"From JAMIS",2,CLOSE,"05 ",02,P3,02,R3,,,0,0,0,0,"STRANGE SOUNDの件

⇒本日、SEALANTが硬化していたのでCBN PRESSをかけてLEAK CKしました。結果はOK。DECAY RATE CKも併せて行い、LIMIT INでした。AMOS & SQ CARD CLOSED。
⇒STRANGE SOUNDの件はNMLとの事でした。（玉城T@KOJ）",角田,2,Field,99999999,2018/03/24,99999999,2018/03/24
58458,ERJ170,JA220J,ITM,,,"From JAMIS",2,CLOSE,"49 ",02,P3,02,R3,,,0,0,0,0,"便間であまり見れてませんが、APU MCSがガタガタです。詳細確認願います。
⇒便間で確認して、SWのアーレンをADJしましたがSAMEでした。他のSWに比べたら確かにガタ大き目です。F/Oは、気にならないと言っていましたがCAPは気になると言っていました。SWのFUNCはOK。SWの交換しか方法無いかと思います。（ITM 白坂）
⇒SW P/N 79-2547-1,KNOB P/N GP043-116それぞれ在庫有り。PNL ASSY在庫無。(LS金澤)
⇒SWはハンダWIRE付が大変そうなのでPNL ASSY（P/N 170-00625-415)でORDERしました。それまで持てばPNL入荷後交換して下さい（LS 小川）
⇒未入荷(3/29)
⇒入荷したので交換実施(3/30 林Ｋ)",恩田,2,Field,99999999,2018/03/24,99999999,2018/03/24
58457,ERJ170,JA215J,ASJ,,,"From JAMIS",2,CLOSE,"27 ",02,P3,02,R3,,,0,0,0,0,"CRZ中 FLAP LO RATE MSG APPEAR. 
""L OUTBD FLAP SKEW SNSR T3/WRG FAULT "" M.M.2753019ACE 
""SFCL/FLAP PSU FAULT"" M.M.27530001ACE  MEMORY
FLAP CLEAR INHIBIT にて MSG DISAPPEARED. FLAT OPE C'K OK. OKにしました。
27532018ACE
⇒LH O/B FLAP IB(T3) SKEW DET SNSRの抵抗を測定したところ、NEWのSKEW SNSRとは抵抗の値が大きく違っていましたので、交換実施しました。その後はMSG CLEAR。OPE C'K OK (ITM 遠藤)",西谷,2,Field,99999999,2018/03/24,99999999,2018/03/24
58456,ERJ170,JA227J,HNA,,,"From JAMIS",2,CLOSE,"23 ",02,P3,02,R3,,,0,0,0,0,"INFO ONLY:FLT中、２回程ACARS NO COMMになったそうで、GNDではOKでした。HNAではNO ACTIONです。
⇒F2365上空でも数度NO COMMになったそうです。GND NML. CMC NO FAULT. PROC 6 RESET TEST PASS。（OIT 林K）
⇒その後、終日NORMだったみたいです。（ITM 白坂）",武藤,2,Field,99999999,2018/03/24,99999999,2018/03/24
58455,ERJ170,JA214J,HNA,,,"From JAMIS",2,CLOSE,"32 ",02,P3,02,R3,,,0,0,0,0,"INFO ONLY:JL2181(ITM→HNA) GEAR UP後、NOSE TIREがしばらくゴトゴト音。SPIN BRKは、遠目ですがCONDITION OK。となりのSHIPのものと比較しても特に変わりはありませんでした。MONITORして下さるそうです。
⇒JL2872(HNA-CTS)同様でした。ひどくはないが他機に比べてTIREの止まりが遅い感覚らしいです。引き続きMONITORお願いしてます。
  (CTS 奥田)
⇒JL2821（CTS-AXT)でもCAPTから同様に言われました。MONITORしながら戻りますとの事。（AXT 山崎）
⇒JL2822(AXT-CTS)でも同様INFOで、引き続き状況を見て貰っています。便間でCREW CHGしています。(CTS 宮谷内)
⇒JL2714 NORMAL(音無し)。（CTS/髙橋）
⇒最終便の乗員さんはOPE NMLとの事でしたが、聞いてみると他機に比べて音が違う・少し大きいと言っていました。(CTS 滝)
⇒STYではBOTH TIRE SPIN C'K実施してLHがRHに比べて回転が重くまた惰性の回転が弱いことを確認。
BOTH SIDEともRE-TQ実施して回転がそろうようになりました。TQを抜くときLHが固かったのでTQのかけすぎ??が考えられます。
その他TIREとBEARING CONDITION C'KとBEARING SURFACE LUB実施しました。(3/30)
⇒31日FL2171 FLT CREW INFO: NLG GO！GO！サウンドは全くなく収まっているとの事。有馬＠AXT",武藤,2,Field,99999999,2018/03/24,99999999,2018/03/24
58454,ERJ170,JA212J,ITM,,,"From JAMIS",2,CLOSE,"25 ",02,P3,02,R3,,,0,0,0,0,"CA INFO : 2HK SEAT ROW PLACARDがはがれかかっている。一部分がめくれていたので強めにこすってOKとしました。再度はがれるようなら交換してください。PARTS在庫有り。CDPL569-59-2
⇒交換しました（吉田A）",田村A,2,Field,99999999,2018/03/24,99999999,2018/03/24
58453,ERJ190,JA243J,ITM,,,"From JAMIS",2,CLOSE,"31 ",02,P3,02,R3,,,0,0,0,0,"朝一BATT PWR ONでCAS MSG ""CMS FAULT""(A) MSG APPEARD
BATT PWR RECYCLEしてもSAMEのため、PWR INしてSHIP WORM UP。
MNT MSGでは NIC+PROC 4 CMS2 FAULT FAULT CODE""31410004CM2""を拾ってました。
NIC+PROC 4 RESET TESTでBACK TO NORMALとなりました。",角,2,Field,99999999,2018/03/24,99999999,2018/03/24
58452,ERJ190,JA241J,SDJ,,,"From JAMIS",2,CLOSE,"25 ",02,P3,02,R3,,,0,0,0,0,"STAY時AFT WATER BOILERからLEAK.CLN実施してOPE&LEAK CK OK.",吉田,2,Field,99999999,2018/03/24,99999999,2018/03/24
58451,ERJ190,JA244J,ITM,,,"From JAMIS",2,CLOSE,"24 ",02,P3,02,R3,,,0,0,0,0,"F1 CHECK時 BATT SW ONで、BATT1 VOLT IND & ENG 1 OIL LEVEL INDICATION AMBER DASHでした。その後15秒ぐらいで自然にNORMALに戻りました。FIMではMAU1 GEN I/O 11/12の目覚めが遅いようです。",遠藤T,2,Field,99999999,2018/03/24,99999999,2018/03/24
58450,ERJ170,JA220J,ITM,,,"From JAMIS",2,CLOSE,"57 ",02,P3,02,R3,,,0,0,0,0,"天気のいい日にRH WING MOST IB SLATのGREEN MARKING塗り直しお願いします。うっすら残っていたのでOKとしてDEPしています。
⇒26日O/NにてGREEN MARK PAINT行いました。",竹田,2,Field,99999999,2018/03/24,99999999,2018/03/24
58449,ERJ190,JA244J,ITM,,,"From JAMIS",2,CLOSE,"24 ",02,P3,02,R3,,,0,0,0,0,"朝一ENG START時、BPTしました。CCD2は動くとの事でそのままDEPさせています。
⇒その後NGSでも発生したとのことでNOTE UP。CCD2はOK。それに伴いCBNでもL'Tが点滅、CHIME鳴ったのでCBN MEMO上がりました。
NOTE処理とPACIC RESETして様子見てもらってます。2373DEP時はCREWに何も言われなかったのでBPTしてない？と思われます。（鈴木J）⇒NGSで確認したところ、どちらのENGからSTRATしても同じようにBPTしました。今回はCCDは動かずCCB RESETのOI実施し、CCDは動きました。(NGS山田）
⇒STAYまでOKでした。（西田）",遠藤T,2,Field,99999999,2018/03/24,99999999,2018/03/24
58448,ERJ170,JA212J,ITM,,,"From JAMIS",2,CLOSE,"25 ",02,P3,02,R3,,,0,0,0,0,"F/O SEATのBTM CUSHIONがへたっていて操縦するときにお尻が沈んで操縦しにくいので交換してほしいとのリクエストがありました。の件。
FLEET REQ JOBでF/O SIDE交換しました。",吉田A,2,Field,99999999,2018/03/24,99999999,2018/03/24
58447,ERJ190,JA250J,ITM,,,"From JAMIS",2,CLOSE,"49 ",02,P3,02,R3,,,0,0,0,0,"朝一APU立ち上がりNML, MNT MSGも無し。",田村A,2,Field,99999999,2018/03/24,99999999,2018/03/24
58445,ERJ170,JA221J,MSJ,,,"From JAMIS",2,CLOSE,"23 ",02,P3,02,R3,,,0,0,0,0,"WIFI INOPのINFO有り、ACPUは1P，11，88，19を表示。RESETで様子見してもらいました。
⇒HND ARRでもINOPだったとINFOありました。再度RESETして様子見依頼しています。（HND長岩）
⇒RESET後はOK",千葉,2,Field,99999999,2018/03/24,99999999,2018/03/24
58444,ERJ170,JA225J,SDJ,,,"From JAMIS",2,CLOSE,"70 ",02,P3,02,R3,,,0,0,0,0,"#1 ENG OIL SVC PNL 右上NUT COND NGです。
MNT CHANCEでCHGお願い致します。",伊藤,2,Field,99999999,2018/03/24,99999999,2018/03/24
58443,ERJ190,JA248J,CTS,,,"From JAMIS",2,CLOSE,"00 ",02,P3,02,R3,,,0,0,0,0,"FERRY便 XM4212は、ALL CABIN DOOR ESCAPE SLIDE ARMED POSI,O/H STOWAGE DOOR CLOSEにしてあります。CREWに確認後、DOOR OPENして下さい。",髙橋,2,Field,99999999,2018/03/24,99999999,2018/03/24
58442,ERJ170,JA218J,FUK,,,"From JAMIS",2,CLOSE,"53 ",02,P3,02,R3,,,0,0,0,0,"BROKEN- AFT CGO CLS ROD CLIP
⇒PARTS NISの為18章でFLT LOGにてC/Oしました。AMOS NO 100409552. PARTSはP/N 170-40363-003だと思われます。(IPC 53-01-45 ITEM 370)　BROKENしたCLIPはRODにTAPEで付けてあります。
⇒CLIP CHGしてOKとなりました。C/O CLOSE&レ点を外します。P/N＆IPC PAGEの調べ有難うございました。(3/25 ITM 三上)",進,2,Field,99999999,2018/03/24,99999999,2018/03/24
58441,ERJ190,JA248J,SDJ,,,"From JAMIS",2,CLOSE,"32 ",02,P3,02,R3,,,0,0,0,0,"CREW INFO: APP中、ABS AUTO DISENGAGE。CMC MEMORY無し、様子を見て貰っています。
⇒AHEADでもMM特に拾っていません。FHDBでも3/20までのDATAで履歴無し。(LS金澤)",伊藤,2,Field,99999999,2018/03/24,99999999,2018/03/24
58440,ERJ170,JA227J,OIT,,,"From JAMIS",2,CLOSE,"38 ",02,P3,02,R3,,,0,0,0,0,"FLT中AFT ATT PNLのWATER FAULT LTがほんの一時期だけ点灯したそうです、時間なくCMCは確認できていませんがDRAIN MASTはHEATING OKです、ITM ARR時にCREWからINFOあるかもしれません、ご対応お願い致します。
⇒その後NORMだったそうです。CMCも特に特記無し。（ITM 白坂）",塚原,2,Field,99999999,2018/03/24,99999999,2018/03/24
58439,ERJ170,JA214J,CTS,,,"From JAMIS",2,CLOSE,"34 ",02,P3,02,R3,,,0,0,0,0,"JL2718 FLT SQ : RH MCDU RADIO BUTTON押すと画面BLANKになるとの事(他のFUNCTIONは全てOK)。MCDU2 CCB RESET & MCDU2 CONNECTOR RESET NO HELP(MCDU2 MAINT PageからのRESET及びMRC2 NIC&PROC RESETも同様)によりALL PWR RESET実施してBACK TO NMLとなりました。CMCは何も拾ってませんでしたが、AHEADはMCDU2/MAU2 GIO2A/WRG FAULTを拾っていた？
OMA LS様サポートありがとうございました。",滝,2,Field,99999999,2018/03/24,99999999,2018/03/24
58438,ERJ170,JA221J,MSJ,,,"From JAMIS",2,CLOSE,"25 ",02,P3,02,R3,,,0,0,0,0,"FWD GLY COFFEE MAKER O/FLOWしたそうです。CREWが上空でSNSR CLNしてみると言ってました。",千葉,2,Field,99999999,2018/03/24,99999999,2018/03/24
58437,ERJ170,JA219J,GAJ,,,"From JAMIS",2,CLOSE,"23 ",02,P3,02,R3,,,0,0,0,0,"INFO:F2237 ARR時 PAPERの中心部 2INCH幅が印字されず。PAPER RESET等でBACK TO NMLとなりました。様子をみてもらっています。
⇒JL2238/2443　PAPER NORMでした。（ITM 白坂）",宮本,2,Field,99999999,2018/03/24,99999999,2018/03/24
58436,ERJ190,JA246J,MYJ,,,"From JAMIS",2,CLOSE,"38 ",02,P3,02,R3,,,0,0,0,0,"JL3601 FLT中 LAV SERVICE LT点灯、GNDでもSTAY ON。何回かお湯を流し、FLASINGしましたが消えませんでした。JL3602 ARR時時間があればLAV SVCをお願いします。NO SQ UPです。
F3639 ARV 後LAV SVCにてLAV SERVICE LT OFF, DRAIN　QTYは通常の量との事。(FUK 宗像)
⇒その後KMI往復でOKです。（FUK 進）　",中村,2,Field,99999999,2018/03/24,99999999,2018/03/24
58435,ERJ170,JA224J,KOJ,,,"From JAMIS",2,CLOSE,"05 ",02,P3,02,R3,,,0,0,0,0,"F3730(ASJ-KOJ)CA INFO:ROW 8 CEILING STRANGE SOUND OF BEEP WHEN THE DESCENT START FOR 1 MIN
⇒CONDしましたが異常なしです。　　@KOJ 松永",松永,2,Field,99999999,2018/03/24,99999999,2018/03/24
58434,ERJ170,JA211J,AOJ,,,"From JAMIS",2,CLOSE,"25 ",02,P3,02,R3,,,0,0,0,0,"(CBN MEMO)19K SEATがVOMITによる汚損との事で、BELTの交換及び周辺のCLEAN UP、消毒を行いました。",田中ま,2,Field,99999999,2018/03/24,99999999,2018/03/24
58433,ERJ190,JA246J,FUK,,,"From JAMIS",2,CLOSE,"23 ",02,P3,02,R3,,,0,0,0,0,"F3601 DEP 時 ALL DAP FAIL ⇒ DAPのALL CCB RESTにてALL OK。",宗像,2,Field,99999999,2018/03/24,99999999,2018/03/24
58432,ERJ170,JA221J,MSJ,,,"From JAMIS",2,CLOSE,"23 ",02,P3,02,R3,,,0,0,0,0,"AFT R/H ATT H/SETがDES 10TFTからINOPになったそうです。LDG後にOKになったそうです。",千葉,2,Field,99999999,2018/03/24,99999999,2018/03/24
58431,ERJ190,JA247J,AOJ,,,"From JAMIS",2,CLOSE,"25 ",02,P3,02,R3,,,0,0,0,0,"SEAT BELT濡れていました。在庫無きため空席とSWAPしています。ITMでの交換願います。
交換POSは「33H」です。

⇒交換しました。　　岡元　相",田中ま,2,Field,99999999,2018/03/24,99999999,2018/03/24
58430,ERJ190,JA245J,FUK,,,"From JAMIS",2,CLOSE,"25 ",02,P3,02,R3,,,0,0,0,0,"JL3626/3537 FWD LAV WASTE FLAP DOOR の銀色のDOOR部分の左側のアングル部分が見える状態です。
DOORはしっかりとCLOSEしているので問題ありませんが、ADJが必要だと思います。ITM SATY時にCOND C'KとADJをお願いします。DOOR ASSY:170-91322-401 ITM 在庫あり
⇒取付け部のSCREW緩めてGAP ADJ実施(永村＠itm）",佐藤,2,Field,99999999,2018/03/23,99999999,2018/03/23
58429,ERJ190,JA247J,CTS,,,"From JAMIS",2,CLOSE,"31 ",02,P3,02,R3,,,0,0,0,0,"NO.1 ENG START 時”AVNX MAU 1B FAIL""CAUTION MSG ON AFT 10SEC MSG DISAPPEARD
CREW INFOでは BRAKE POWER TRANSFERはしていないと言っていました。
PRESENT LEG & ACTIVE MAINT MSG NO FAULT MEMORYの為 OK FOR SVCとしています。
⇒ SDJでも問題ありませんでした。（伊藤）",大森,2,Field,99999999,2018/03/23,99999999,2018/03/23
58428,ERJ170,JA217J,ITM,,,"From JAMIS",2,CLOSE,"05 ",02,P3,02,R3,,,0,0,0,0,"STRANGE SOUND FROM CKPT & FWD ATTD AREAのT/SでFWD LAVをRMVしてCKしました。
LAV裏にあるのはRISER DUCT 1本で,立ち上がって天井からCKPTへDISTRIBUTIONされていました。
ここに関しての見える範囲のDUCT INSP OK,つなぎ目もきれいにつながっていました。
AIR COND CARを使ってのAIR FLOW LEAK CKもOK。

その他以下早番でやったこと
1.P/MでFWD PAX DOOR DEFLECTOR交換
2.FUSE DRAIN VLV FWDから3番目を交換（前回CK時に若干LEAK音があったINFOがあったので）
3.FWD LAV裏のDUCT継ぎ目を再度テープで補強
4.エンブラ過去事例でWX RTA MOUNT BRACKETがCRACKでVIB 発生の事例があったとのことでINSPしてOKを確認。

(S帯実施作業)
⇒FWD LAV復旧完了。
CBN PRESS C'K実施した所、L1 DOORのSCARF PLATE(SILL COVER)からAIR LEAK。FILLET SEALがNGでその隙間からAIRが漏れています。ここのSEALをやり直し実施。SEALANTの乾燥確認後、LEAK C'K実施して下さい。生産へは10時ぐらいまでには仕上がりますと伝えてあります。SEALANTのCUREは朝の6:00まで。LAV周りのSEALANT硬化確認もお願いします。(3/23 安田)

⇒SEALANT硬化CK OKでした。CBN PRESSかけてのLEAK CKもOKです。(3/24 角田)",西垣,2,Field,99999999,2018/03/23,99999999,2018/03/23
58427,ERJ190,JA244J,NGS,,,"From JAMIS",2,CLOSE,"38 ",02,P3,02,R3,,,0,0,0,0,"JL2375 ARR。CA INFOでAFT FAP WATER FAULT L'Tが15分程度ON。CMCにてM/MSG FWD DRAIN MAST/WWSC/WRG FAULT APPEARED.
現在INACTIVE。 DRAIN MUST ACTUAL HEATING OK。様子みてもらってます。
⇒STYでもINFOありましたがCMCは何も無し、HEATING C'K OKの為NO ACTION。昨年の12月頃から拾い始めていて3月に入ってから頻度が上がってるようです。DRAIN MAST:19000-195-3,GASKET:2E1919-1,SCREW:MS35191-293全て在庫あり(ITM 廣中)",昆,2,Field,99999999,2018/03/23,99999999,2018/03/23
58426,ERJ190,JA243J,KIJ,,,"From JAMIS",2,CLOSE,"25 ",02,P3,02,R3,,,0,0,0,0,"JL2247でFWD CAEGO DOOR NETのSPRING NG、交換してOKです。",岩井,2,Field,99999999,2018/03/23,99999999,2018/03/23
58425,ERJ190,JA249J,FUK,,,"From JAMIS",2,CLOSE,"78 ",02,P3,02,R3,,,0,0,0,0,"INFO ONLY : FUK 3530/3601 LONG STAYで#2 ENGにLONG TIME DISPACHあり。FAULTはFADEC 2A/2Bに5227 MEMO。CMCには73215227E2A/E2B(LT T/R POS SNSR DISAG E2A/E2B)INACTIVE。AHEADにも拾ってます。今回はFAULT ERASEしてます。",水野,2,Field,99999999,2018/03/23,99999999,2018/03/23
58424,ERJ170,JA221J,AOJ,,,"From JAMIS",2,CLOSE,"25 ",02,P3,02,R3,,,0,0,0,0,"FLT2150 5HK BACKREST NUT DETACHEDを　BORDING 直前 CBN CREW が見つけました。（FLOOR に NUT が　落ちていた）
FINGER TIGHT で絞めてあります。ITM ARR で増し締めお願いします。
⇒TOOLにて増し締めしました。(石川義/ITM)",植田,2,Field,99999999,2018/03/23,99999999,2018/03/23
58423,ERJ170,JA215J,ITM,,,"From JAMIS",2,CLOSE,"28 ",02,P3,02,R3,,,0,0,0,0,"燃料屋さんよりRE-FUEL VLV LH CLOSE LTが点灯しないとINFOあり。RE FUELING機能はNML。LAMP BULB外して確認したところSHIP側の接点がサビているようでした。接点少し磨きました。MONITOR願います。",石川義,2,Field,99999999,2018/03/23,99999999,2018/03/23
58422,ERJ190,JA245J,FUK,,,"From JAMIS",2,CLOSE,"52 ",02,P3,02,R3,,,0,0,0,0,"F3622 AFT CGO DOORのHOLD OPENを外すRODのSTOW CLIPがBROKEN。18章C/Oとしました。（AMOS:100409315)JA245Jの到着空港の貨物担当者へのお知らせお願いします。
⇒REPL CLIP C/O SQ CLOSED(永村＠itm）",秋山,2,Field,99999999,2018/03/23,99999999,2018/03/23
58421,ERJ170,JA211J,FUK,,,"From JAMIS",2,CLOSE,"27 ",02,P3,02,R3,,,0,0,0,0,"F2058 DEP(PAX BORDING中)FLT CONT NO DISPATCH EICAS MSG APERD何もOPE等していない時に突然表示された。
MAINT MSGは27030423FCS,RTS&FLT CONT MODE SW RESETにてNO HELPの為ALL PWR RESET,E&HBIT OK,NO EICAS&MMでDEPさせています。
⇒FUK T/O後にCREWよりCONTACTあり。FLT CONT SYNOPTIC PAGEのRUD INDがAMBER DASHになっているとの事。EICAS MSGは何も無しでITMへのFLTを継続。MNT MSGは""PACE1/PACE3/MAU3 FCM4/CAN BUS FAULT(FAULT CODE:27030422FCS)""と""PACE1/PACE2/MAU1 FCM2/CAN BUS FAULT(FAULT CODE:27030423FCS)""をSTORE。両方のFIMで共通するのはP-ACE1。ARR後P-ACE 1を交換予定。(LS 前甲)
⇒ITM LDG後にFLT CTRL NO DISPATCH MSG APPEAR。HYD123ONにすると、SYS1がAMBER DASH.PACE1の交換実施。RIGGINGとOPE C'K OK。(安藤)",宗像,2,Field,99999999,2018/03/23,99999999,2018/03/23
58420,ERJ190,JA246J,KIJ,,,"From JAMIS",2,CLOSE,"25 ",02,P3,02,R3,,,0,0,0,0,"JL2243でVOMIT、SEAT NO.26AのBELTとACのFLLORがDIRTY。SEAT POCKET内まで派手に汚れました。SEATBELTは交換済、FLOORとSEATはCLEAN UPして匂いもありませんが、FLOORが若干湿っているのでSEATはBLOCKしてもらっています。あと、汚れたBAGをAFT LAV内で汚れを落としたため、LAV内もかなり汚れていました。SINK、LAV BOWL、FLOORをCLEAN UPして消毒スプレーしてあります。POCKET内も湿っていたのでSETTINGしていません。26AC FLOOR COND CKしてBLOCK解除とPOCKET内のSETTINGお願いします。
⇒SEAT BLOCK解除されています。",岩井,2,Field,99999999,2018/03/23,99999999,2018/03/23
58419,ERJ170,JA220J,ITM,,,"From JAMIS",2,CLOSE,"25 ",02,P3,02,R3,,,0,0,0,0,"AFT COFFEE MAKER　OVER FLOW INFOありましたがSNSRの動きが渋かったのでSNSR CLEAN UPで出しています。
CBN MEMOはなし。",藤原,2,Field,99999999,2018/03/23,99999999,2018/03/23
58418,ERJ170,JA215J,ITM,,,"From JAMIS",2,CLOSE,"21 ",02,P3,02,R3,,,0,0,0,0,"始発ENG START後OUT FLOW VLVが変な動きをしてCBN ALTも一時的に-400FTくらいまで下がって耳にもきたとINT越しにINFO。
その後OUT FLOW VLVはOPEN、CBN PRESS関連のMSGなし、CBN ALTも安定しているとの事でそのままDEPしています。
⇒CRUISEで""PRESN AUTO FAULT""MSG APPEAREとAHEADで落ちてきました。KMJ ARR後対応予定。(LS金澤)
⇒初便でのDEP時のDATAをCREWよりもらいましたので、INPUTしておきます。
CABIN ALTが-1000～+200FT/RATE -1000～+2400FPMで、ΔP 0.2psi(GND)
またOFVも一時的にFULL CLOSEにもなったとのコメントも。体感もあったようです。（森本）
⇒KMJ ARR時はNML。MAN MODEでOFVをOPN/CLSしてOPE C'KED OK。
ALL DOOR CLSE時にまた耳に圧を感じたとINT越しで言ってました。（KMJ張替）
⇒PRESN AUTO FAIL MSG APPEAR
OUT FLOW VLVにINS BLANKETの噛みこみを発見し、OFVがFULL OPEされていないことも確認した。
INS BLANKETのRESET及びP/MとしてCPCSC & OFV ACTを交換しCK OKとしています。（B遠藤）
⇒JL2173 OPE NMLでした。(AXT 鹿嶋)",岡元紀,2,Field,99999999,2018/03/23,99999999,2018/03/23
58417,ERJ170,JA227J,KIJ,,,"From JAMIS",2,CLOSE,"23 ",02,P3,02,R3,,,0,0,0,0,"JL2872 昨日同様 ACARS NO COMMが頻繁に出るとのことです。LDG時はNML、CREWはそのまま様子を見ますとの事でしたので、何もしていません。
⇒JL2871 DATA LINK NO COM MSG 頻繁に出るようです。CMC NO M/MSG。DATA LINK MNGR RECYCLE(ENABLE/UNENABLE) C'K OK。(CTS/滝)
⇒以降6便のCREWの話では NO COMM頻発の状況変わらずとの事です。（CTS大城）",岩井,2,Field,99999999,2018/03/23,99999999,2018/03/23
58416,ERJ170,JA225J,HNA,,,"From JAMIS",2,CLOSE,"25 ",02,P3,02,R3,,,0,0,0,0,"初便2181 FREE TEXTでAFT COFFEE MAKER OVERFLOWのINFOあり。
FLT中、1度OVERFLOWしたがCLEANINGしてからOKになったとのことでした。
HNA ARRでOPE NML確認しました。",北脇,2,Field,99999999,2018/03/23,99999999,2018/03/23
58415,ERJ190,JA250J,SDJ,,,"From JAMIS",2,CLOSE,"49 ",02,P3,02,R3,,,0,0,0,0,"INFO : 朝一APU START時APU START EGTが約530℃でいつもより高く、BATT2 VOLTは23V→13Vまで降下。APUのSTART TIMEは40秒で普通でした。その後のAPU OPEはNORMALでした。CMC見るとMNT MSG　""APU ESC(HALL SNSR EXC)DEGRADED"" 49425623APUがACTIVEでLATCHしてました。
⇒FIMではWIRING C'KしてHARNESS、ESC、FUEL MOD、STARTER/GENEの見極めになるようです。BATTが悪い可能性もあると思うのでBATT交換からが早い??BATT、ESC、FUEL MOD、STA/GENE全て在庫有り。(LS金澤)
⇒STYまでNMLでした。TOVでも本日初便立ち上げ時のみで、HISTRICAL BY ATAでも今回のみ。STYでBATT START時はVOLTAGE 23.8V→17.6V, PEAK EGT 504℃でした。よって今日はBATT交換見送りました。明日も立ち上げMONITOR願います（ITM赤坂）
⇒3/24、3/25 NML。
⇒3/26　STYでSQ再現、ALL PWR OFF後5分でBATT PWR START, 14.4VまでDROP.よってBATT #2交換。DROPの値も19.2V、TRUによるCHARGEもいい感じだった。（田村A）",平野,2,Field,99999999,2018/03/23,99999999,2018/03/23
58414,ERJ170,JA215J,ITM,,,"From JAMIS",2,CLOSE,"00 ",02,P3,02,R3,,,0,0,0,0,"昨日INFOあったLDG時 100～200FT付近で""PEE SOUND""する件、本日もINFOありました。どこから鳴っているかわからないそうです。DV WINDOW SEAL CLEANING実施 & FWD E-BAY DOOR周り確認しましたがFINDING無しでした。",石川義,2,Field,99999999,2018/03/23,99999999,2018/03/23
58413,ERJ190,JA241J,KMI,,,"From JAMIS",2,CLOSE,"23 ",02,P3,02,R3,,,0,0,0,0,"ACARS調子悪かったので、PROC RESET TEST,CCB RESET,DATA LINK MGR での切り替えなど色々やってOKなりました。様子を見てください。",中重,2,Field,99999999,2018/03/23,99999999,2018/03/23
58412,ERJ170,JA227J,KIJ,,,"From JAMIS",2,CLOSE,"27 ",02,P3,02,R3,,,0,0,0,0,"R/H W/W AIL OBRD UNITのBONDINGのCONDが良くありません。ITM STYで交換願います。P/N：PE88001-5BB7 ITMに在庫ありです。
⇒交換完了（ITM 白坂）",岩井,2,Field,99999999,2018/03/23,99999999,2018/03/23
58411,ERJ190,JA244J,ITM,,,"From JAMIS",2,CLOSE,"25 ",02,P3,02,R3,,,0,0,0,0,"<SER-OSASE-17-0129>215Jの件でOFV周辺のBLANKET COND CK実施、OKでした。",廣中,2,Field,99999999,2018/03/23,99999999,2018/03/23
58410,ERJ190,JA242J,SDJ,,,"From JAMIS",2,CLOSE,"31 ",02,P3,02,R3,,,0,0,0,0,"(GTB) JL2206 CCD2 FREEZE AFTER PUSH-BACK. CB RECYCLE THEN BACK TO NML. TC0028",伊藤礼二,2,Field,99999999,2018/03/23,99999999,2018/03/23
58409,ERJ170,JA225J,CTS,,,"From JAMIS",2,CLOSE,"33 ",02,P3,02,R3,,,0,0,0,0,"BOTH WING TAXI LTがSW OFFでも消えないことが数回発生しました。STYでEXTERNAL LT CONT PNL交換予定です。
⇒JL2827はCREWコツを掴んだようでNMLとの事でした。引き続きMONITOR依頼してます(AXT 鹿嶋)
⇒2019便で、L'T PNL ASSY託送します。(LS 前甲)
⇒STYで交換しました。OPE CK OKです。(関根Ｋ@CTS)",関根Ｋ,2,Field,99999999,2018/03/23,99999999,2018/03/23
58408,ERJ170,JA217J,ITM,,,"From JAMIS",2,CLOSE,"35 ",02,P3,02,R3,,,0,0,0,0,"MASK BOXのOPE C'Kを実施時に、17AC PSU COMP'T DOORにCRACKを発見。技検にてDOOR交換実施して、OPE C'K OKでした。",安田,2,Field,99999999,2018/03/23,99999999,2018/03/23
58407,ERJ170,JA214J,ITM,,,"From JAMIS",2,CLOSE,"25 ",02,P3,02,R3,,,0,0,0,0,"(SE RECOMMENDATION)
OFV AREAのINSULATION BLANKET INSP実施しました。",石川義,2,Field,99999999,2018/03/23,99999999,2018/03/23
58406,ERJ170,JA221J,ITM,,,"From JAMIS",2,CLOSE,"00 ",02,P3,02,R3,,,0,0,0,0,"SERでOFV周りのBLANKET COND OTI実施.OKでした。",安藤,2,Field,99999999,2018/03/23,99999999,2018/03/23
58405,ERJ190,JA244J,ITM,,,"From JAMIS",2,CLOSE,"31 ",02,P3,02,R3,,,0,0,0,0,"早番帯のITM ARR便にて""MAU 1B FAIL""MSGがENG START中に出たとのNOTE UPあり、後半CREWはOKだったとの事でNO ACTION。",廣中,2,Field,99999999,2018/03/23,99999999,2018/03/23
58404,ERJ170,JA215J,FUK,,,"From JAMIS",2,CLOSE,"27 ",02,P3,02,R3,,,0,0,0,0,"FLT SQ : FLAP LO RATE MSG APPEARED DURING CRZ AT FL320。
CMCに以下のFAULT MEMOあり→27532018ACE(FLAPS ACE1 LATCHED FAULT)、27532019ACE(L OUTBD FLAP SKEW SNSR T3/WRG FAULT)、27530001ACE(SFCL/FLAP PSU FAULT)。
CCB ACE 1/2 RESETでFLAP FAULT CAS MSG APPEARED。SF-ACE CLEAR INHIBITにてCAS MSG CLEAR後、FS-ACE FLAP 1/2 BITE TEST PASSED。FLAP GND OPE CHKED OKによりOKとしています。
⇒SF-ACE(P/N:1700064F)、FLAP SKEW SNSR(P/N:5912843-7)在庫有。(LS 前甲)",水野,2,Field,99999999,2018/03/23,99999999,2018/03/23
58403,ERJ190,JA250J,ITM,,,"From JAMIS",2,CLOSE,"36 ",02,P3,02,R3,,,0,0,0,0,"STYにて""RH HPSOV(CLOSED)[C1]/WRG FAULT""36112103AM1 ACTIVEでした。TQ MTR IBITで消えました。APP WAIV OPENのタイミングから拾っていました。CMCでの履歴は3月入ってからCH1 5回、CH2 8回でした。INFO ONLYです。
⇒HPSOV(1001246-3)在庫1EA有りです。(LS梅本)",赤坂,2,Field,99999999,2018/03/23,99999999,2018/03/23
58402,ERJ190,JA246J,ITM,,,"From JAMIS",2,CLOSE,"00 ",02,P3,02,R3,,,0,0,0,0,"1.昨日に実施したADFの件、同じSPOT21でNHK及び徳島(233°)で確認しBOTH BEARING共に揃ってOKでした。（徳島230～240°を指示）
2.昨日の""AUTO BRK FAIL""MSGが出る件、AUTO BRK MODULE交換後はINFO無くOKです。",後藤,2,Field,99999999,2018/03/23,99999999,2018/03/23
58401,ERJ190,JA242J,ITM,,,"From JAMIS",2,CLOSE,"31 ",02,P3,02,R3,,,0,0,0,0,"JL2419 ENG START後、AVNX MAU 1B FAIL CAS MSG APPEAREし、すぐにMSG DISAPPEAREしたとのINFOありました。その後、NMLを確認してDEPしています。3/16に同様事例があります。
⇒2419/STAY NOTE UP.TOVで確認するも特記するものは見当たりませんでした。NOTED処置実施（玉城T@KOJ）",後藤,2,Field,99999999,2018/03/23,99999999,2018/03/23
58400,ERJ170,JA219J,HND,,,"From JAMIS",2,CLOSE,"53 ",02,P3,02,R3,,,0,0,0,0,"L1 DOORのSLIDE GIRT BATがARM時に掛かるFLOOR FITTING(FWD SIDE)に取り付いている、GIRT BARのHOOKが入る部分を塞いでいるPLATEのSPRINGがCUT。GIRT BARをARMにした時の作動は問題なし。SLIDE機能以外の不具合である為、SPRING交換をFLT LOGで18章C/Oしています。
⇒SPRING在庫有。(P/N:170-83384-001)(LS 前甲)
⇒交換完了。C/O CLOSED.(三浦ち)",坂本,2,Field,99999999,2018/03/23,99999999,2018/03/23
58399,ERJ190,JA245J,ITM,,,"From JAMIS",2,CLOSE,"34 ",02,P3,02,R3,,,0,0,0,0,"CREW口頭：ALT DIFF FL200～300（130ft）.　GND DIFF無しALTFL250～290で130ft程度の誤差（LIMIT：FL200⇒150ft、FL300⇒180ft）その後300flに向かうと差が無くなって行く。三か所（capt、stby、co）を比較するとRHが低い。過去歴有。",永村,2,Field,99999999,2018/03/23,99999999,2018/03/23
58398,ERJ170,JA220J,HNA,,,"From JAMIS",2,CLOSE,"78 ",02,P3,02,R3,,,0,0,0,0,"JL2185 HNA FLT SQ:ENG2 REV DEPLOYD MSG APPEARED AT LDG MSG WAS GONE AUTOMATICALLY.ACTUAL NO VIB,""ENG REV PROT FAULT"" MSG WAS STILL.COME OUT AFTER ENG SHUT DOWN.CMCはPROT FAULT CODE 73217119E2A&E2BをSTORE。HNAにてEEC-2 CCB RE-SET&GNDにてREV OPE,再度CCB RE-SETするもPROT FAULT MSGはSTILL ON,REVのGND OPEでの動きはOK、T/R DEACTIVE実施してMEL78-34-06(REV PROT FAULT)を適用して4月2日までのC/O。作業でREVのDEACTIVE PIN取付けPLATEのSCREW２EAが固着し取り外しに時間を要した。OUTBO COWLの2本なめなめですので、SCREW在庫あれば交換をお願いします。AMOS NO 100409435です。
⇒SCREW(P/N:NAS7204A5)在庫有。EMM IPC78-33-03。
⇒ITM ARR後確認しRH ENG NO1 LOCKING ACTUATOR(RH REV HALF LWR)の、STOW SWを押すためのLOCK RLS HNDLが固着しSWを押せない状態。HANDLEを動かそうとGMO SW/MANUAL OPEを数回したが動かず。結果216JからLOCKING ACTUATORを流用してOPE C'K OK & MEL CLOSE。DEACTIVE PLATEのSCREWは交換完了。(下川)",関,2,Field,99999999,2018/03/23,99999999,2018/03/23
58397,ERJ170,JA224J,KOJ,,,"From JAMIS",2,CLOSE,"31 ",02,P3,02,R3,,,0,0,0,0,"JUST INFO:ACTIVE M.MSG ODS PACK LOOP3(LH BLD)(C2)/WRG F/C:36215007AM2 EVENT LOC:65.13,ODS SYS STATUSにてCHN2 CONTROL CARD FAULT「TRUE」でした。",玉城T,2,Field,99999999,2018/03/23,99999999,2018/03/23
58396,ERJ170,JA212J,MYJ,,,"From JAMIS",2,CLOSE,"34 ",02,P3,02,R3,,,0,0,0,0,"JL3607 VNAV SELECTで上昇中10000FTで勝手にLEVEL OFFしようとした、とのこと。ALTは17000を目指していて、機首が下がりだしたのでV-SPDに切り替えたということです。DATAはちゃんと入れていたそうで、挙動以外では特になかったそうです。（MCDUにもMSGなし）
前便ではOKだったそうです。
F3608 はNML OPE との事。(FUK 宗像)
CREW O2 (1760PSI)",中村,2,Field,99999999,2018/03/23,99999999,2018/03/23
58395,ERJ170,JA216J,"LS ",,,"From JAMIS",2,CLOSE,"78 ",02,P3,02,R3,,,0,0,0,0,"220J #2 ENG REVトラブルの関係で、216JからREV LOCK ACTを流用(#2 ENG R/H LWR)。NEW PARTSの入荷は29日の夜を目指して
調整中です。",前甲,1,Fleet,99999999,2018/03/23,99999999,2018/03/23
58394,ERJ170,JA214J,ITM,,,"From JAMIS",2,CLOSE,"33 ",02,P3,02,R3,,,0,0,0,0,"C/OされていたL/H WING ROOT TAXI LTはPNL SCREW飛ばして、LAMP交換しました。OPE CK OK。INOP PLACARD RMVD。C/O CLOSEしました。",石川義,2,Field,99999999,2018/03/23,99999999,2018/03/23
58393,ERJ190,JA251J,AOJ,,,"From JAMIS",2,CLOSE,"25 ",02,P3,02,R3,,,0,0,0,0,"F2157 ARR時 GEAR LVRの白いKNOBがDETACHしました。REINST OKです。FOLLOW宜しくお願いします。(NO SQ UP)　　
⇒STYで多少ガタあったのでRE-INSTしております。(岸)",山下,2,Field,99999999,2018/03/23,99999999,2018/03/23
58392,ERJ170,JA219J,ITM,,,"From JAMIS",2,CLOSE,"53 ",02,P3,02,R3,,,0,0,0,0,"JL2173 DEP PUSH BACK後(JGSさんINT便)、EXT PANELの下側のLATCHのスプリングが飛び出してきているとの事で整備呼び出し。
LATCH/LOCK機能OKの為そのままDEPしてます。AXT MNTさん宜しくお願いします。
⇒2173 ARR時当該PNL LWR LATCH SPRINGの末端が出ていました。SPRING片側がCUTしていました。飛び出していた端末はPNL OPEN/CLOSE,LATCH/LOCKに支障ないように調整してDEPさせています。
ITM　STAYにてLATCH ASSY交換お願いします。NO LOG UP.(AXT　鹿嶋)
⇒交換しました。(ITM 廣中)",木戸,2,Field,99999999,2018/03/22,99999999,2018/03/22
58391,ERJ170,JA219J,ITM,,,"From JAMIS",2,CLOSE,"23 ",02,P3,02,R3,,,0,0,0,0,"JL2173DEPでPRINTER INOPとCOMPANY CONTACT有り。AXT ARRでMNT ATD RQSTによりそのままDEPしていきました。AXT MNTさん宜しくお願いします。
⇒AXT ARR時INFOありました。PRINTERが調子悪くなり、その後ACARSも調子が悪くなったが、CRZになるころにはたまにACARS NO COMMになるものの問題なく使用できたとの事。FWD RAMP PNL CONNECTOR グリグリ、CMC NO MNT MSG.　LAN STATUS GREEN.現在ACARS,PRINTER OPE NMLの為そのままDEPしています。NO LOG UP.(AXT　鹿嶋)
⇒STY NO INFO(ITM 廣中)",金澤,2,Field,99999999,2018/03/22,99999999,2018/03/22
58390,ERJ190,JA248J,"LS ",,,"From JAMIS",2,CLOSE,"34 ",02,P3,02,R3,,,0,0,0,0,"(FHDB DAT)
3/20からDME#2 FAULTを高頻度で拾っています。",金澤,1,Fleet,99999999,2018/03/22,99999999,2018/03/22
58389,ERJ170,JA221J,ITM,,,"From JAMIS",2,CLOSE,"53 ",02,P3,02,R3,,,0,0,0,0,"L2 DOORのMETAL SCUFF PLTのDENTに施されているGREEN MARKが剥げて見えづらくなっていますのでITM O/N STYでAPPLY願います。
⇒APPLYしました（榎本）",西垣,2,Field,99999999,2018/03/22,99999999,2018/03/22
58388,ERJ170,JA227J,CTS,,,"From JAMIS",2,CLOSE,"23 ",02,P3,02,R3,,,0,0,0,0,"JL2712 ACARS DOWN LINKにて、ACARS NO COMMとのこと。FLT中、10回位MSG APPEARし、必要な時に使用出来なかったとのことでした。LAN STATUS NORMALだったので、MAU 3 PWR 2 CCB RESETを実施。様子見です。
⇒JL2910でも時々NO COMMのINFOあり、PROC 6 RESETしてもあまり変わらないようですが時間をおくと復活するような感じです。
　WXも通常通りとれているので、様子見としています。澤田＠SDJ",金坂,2,Field,99999999,2018/03/22,99999999,2018/03/22
58387,ERJ190,JA245J,FUK,,,"From JAMIS",2,CLOSE,"52 ",02,P3,02,R3,,,0,0,0,0,"CAさんより口頭INFOでITM T/O後3分間位、R1 DOORから”シュー音”がしたとの事。
DOOR COND CK OKで様子みていただいています。",谷邨,2,Field,99999999,2018/03/22,99999999,2018/03/22
58386,ERJ190,JA244J,ITM,,,"From JAMIS",2,CLOSE,"49 ",02,P3,02,R3,,,0,0,0,0,"APU EGT HIGHの件、朝一もMAINT MSG APPEARしていました。""49105425APU""
BOTH PACK ONで497℃、ONE PACK OPEで430℃、BOTH PACK OFFで339℃でした。
⇒STYではBOTH PACK ON:479℃ 1PACK:394℃ PACK OFF:330℃でした。本日はNO ACTIONです。(石川義)",小島,2,Field,99999999,2018/03/22,99999999,2018/03/22
58384,ERJ190,JA250J,SDJ,,,"From JAMIS",2,CLOSE,"00 ",02,P3,02,R3,,,0,0,0,0,"2213/2200　SPARE LOG使用。補充お願いします。",吉田,2,Field,99999999,2018/03/22,99999999,2018/03/22
58383,ERJ190,JA244J,ITM,,,"From JAMIS",2,CLOSE,"24 ",02,P3,02,R3,,,0,0,0,0,"朝一の「IDG 1 OFF BUS」MSG APPEARの件、本日朝はOKでした。
⇒STYまでNMLでした。(石川義)",小島,2,Field,99999999,2018/03/22,99999999,2018/03/22
58382,ERJ170,JA215J,KMI,,,"From JAMIS",2,CLOSE,"53 ",02,P3,02,R3,,,0,0,0,0,"FWD RANP PNL の BONDING WIRE の COND 悪くなっています。ITM STY で交換検討お願いします。
P/N:PE88001-5BB8-5E
⇒交換実施　岩崎",佐藤貴,2,Field,99999999,2018/03/22,99999999,2018/03/22
58381,ERJ190,JA246J,ITM,,,"From JAMIS",2,CLOSE,"32 ",02,P3,02,R3,,,0,0,0,0,"""AUTO BRK FAIL""MSGが出る件で、P/MでAUTO BRK MODULE交換しました。様子見て下さい。
⇒AUTO BRK MODULE交換後はINFO無くOKです。(3/23 後藤）",梅本,2,Field,99999999,2018/03/22,99999999,2018/03/22
58380,ERJ170,JA215J,MYJ,,,"From JAMIS",2,CLOSE,"56 ",02,P3,02,R3,,,0,0,0,0,"CREW INFO:COCKPIT内どこからともなくPEE音が鳴るとの事。全LEG LDG時 100～200FT付近で鳴るそうです。
CABINは、異常なし音もなし。BOTH SIDE WINDOWをOPENしてSEAL CKしましたが異常なし。軽くCLEAN UPしました。
FOLLOWお願いします。
⇒その後は音は小さくなったとのCREW INFOでした。CBN PRESSかけてCKしましたがSQ再現せずでした。山北",神谷,2,Field,99999999,2018/03/22,99999999,2018/03/22
58379,ERJ170,JA214J,TKS,,,"From JAMIS",2,CLOSE,"52 ",02,P3,02,R3,,,0,0,0,0,"3565/3566 CA口頭にて、FWD PASSENGER DOOR INSIDE HANDLE部の化粧PANELにあるGRAYのSEALがDETACHしています。MAINT CHANCEにて接着お願いします。
写真撮ったので、OMA LINE SUPPORTにMAILしておきます。⇒3608/STAY で接着しました。(FUK 一川)",加藤正,2,Field,99999999,2018/03/22,99999999,2018/03/22
58378,ERJ170,JA219J,ITM,,,"From JAMIS",2,CLOSE,"32 ",02,P3,02,R3,,,0,0,0,0,"TASKにてALL L/G STRUT SERVICINGしてます。NOSEは132MM/MAINは105MMにADJしてます。",廣中,2,Field,99999999,2018/03/22,99999999,2018/03/22
58377,ERJ190,JA246J,ITM,,,"From JAMIS",2,CLOSE,"00 ",02,P3,02,R3,,,0,0,0,0,"耐空検査前のC'Kで
①SCV OPE C'K OK、②ADF OPE C'K 、③HYD SOV & FUEL SOV OPE C'K OK実施。
ADFはSPOT21でNHKはOKでしたが、徳島233°のところ、BOTH BEARING共に揃ってはいるものの180°位を指していました。一度FLT中に見てもらった方がいいかもしれません。
⇒ADFの件、同じSPOT21でNHK及び徳島(233°)で確認しBOTH BEARING共に揃ってOKでした。レ点外します。（3/23 後藤）",梅本,2,Field,99999999,2018/03/22,99999999,2018/03/22
58375,ERJ170,JA214J,MYJ,,,"From JAMIS",2,CLOSE,"34 ",02,P3,02,R3,,,0,0,0,0,"JL3607 にて、FLT中MCDUに”NAV 1 FAIL”が表示され、DELETをしたら消え、その後表示はなかった、また特にOPEは問題なかったとの事。GNDでMSG等なかったのでそのままDEPしました。",中村,2,Field,99999999,2018/03/22,99999999,2018/03/22
58374,ERJ170,JA225J,AXT,,,"From JAMIS",2,CLOSE,"25 ",02,P3,02,R3,,,0,0,0,0,"JL2176 BOARDING前にFWD GLY WATER BOILERのFAIL L'Tが点滅しているとINFOありました。CCB RESET,AIR BLEED実施して、CAさんにMONITOR依頼しました。NO CBN MEMO。
時間が無かった為点滅のパターン未確認、長めのCCB RESET & AIR BLLEDは出来ていません。ITM ARR時 INFOあるかと思いますがFOLLOWお願いいたします。
⇒ITM STYにてLONG CCB RESETでNORM OPEを確認しました(ITM 西村)",鹿嶋,2,Field,99999999,2018/03/22,99999999,2018/03/22
58373,ERJ170,JA213J,ITM,,,"From JAMIS",2,CLOSE,"27 ",02,P3,02,R3,,,0,0,0,0,"AIL COA関係作業 及び残っていたOPE CK ITEM全て完了しました。ALL COMPLETEです。
長い間ありがとうございました。

FLT前締めのSVC CKあるのでお願いします。
早番でENG OIL SVCまで完了。",西垣,2,Field,99999999,2018/03/22,99999999,2018/03/22
58372,ERJ170,JA217J,ITM,,,"From JAMIS",2,CLOSE,"32 ",02,P3,02,R3,,,0,0,0,0,"FREE FALL LEVER COVERのLATCHの状態が良くありません。LATCH単体の在庫無いようでORDER中です。PNL ASSY(P/N:170-04809-407)は在庫有。LATCH単体は接着でFLOOR PNLに取り付いているようです。
⇒LATCH P/N;PE75033-1 入荷。接着剤はEA9320NAを使ってます。(3/26林あ)
⇒完了(しもかわ)",安田,2,Field,99999999,2018/03/22,99999999,2018/03/22
58371,ERJ170,JA217J,CTS,,,"From JAMIS",2,CLOSE,"23 ",02,P3,02,R3,,,0,0,0,0,"CA INFO:F2718でWIFIが繋がらなかったとの事
CAB MASTER SW をRESETしてACPU CODE""88"" で様子を見て貰っています。
⇒最終便までの 2LEGは OPE C'K OKでした。(CTS大森)",大城,2,Field,99999999,2018/03/21,99999999,2018/03/21
58370,ERJ190,JA244J,SDJ,,,"From JAMIS",2,CLOSE,"25 ",02,P3,02,R3,,,0,0,0,0,"F2203/2204 SEAT NO,20K のBUCKLE HALF側のSEAT BELTのCONDが悪いので交換願います。二股でCOVERのついているとこで、時間無く交換できませんでした。P/N : 2077-3-011-8063
⇒交換しました（ITM岸）",平野,2,Field,99999999,2018/03/21,99999999,2018/03/21
58369,ERJ170,JA225J,AXT,,,"From JAMIS",2,CLOSE,"25 ",02,P3,02,R3,,,0,0,0,0,"JL2173 ARR後のCIRCLE CKにてAFT DRAIN MASTからCOFFEEが出ていました。CAに聞くとAFT GLY COFFEE MAKERがOVER FLOWしたとの事。COFFEE MAKERのSENSOR CLEAN UPしてBREWはOKとなっています。DRAIN LINEのCLEANINGは時間なかったので実施できませんでした。DRAIN VALVEが固着気味になるかもしれません。時間のある時にお湯流して下さい。
⇒CLEANING実施。(長谷川K)",山崎,2,Field,99999999,2018/03/21,99999999,2018/03/21
58368,ERJ190,JA242J,ITM,,,"From JAMIS",2,CLOSE,"53 ",02,P3,02,R3,,,0,0,0,0,"LDG GER FREE FALL COVERのLATCHの具合が良くありません。
ITM STYで対応お願いします。  (LATCH-OVERHEAD BIN P/N PE75033-1)
⇒LATCH単体は在庫なし。現在ORDER中だそうです。PNL ASSY(P/N:170-04809-407)は在庫有。LATCH単体は接着でFLOOR PNLに取り付いています。(LS 前甲)
⇒LATCH入荷しています。(3/26林あ)
⇒LATCH交換しました。（3/27 佐藤to）",岡成,2,Field,99999999,2018/03/21,99999999,2018/03/21
58367,ERJ170,JA213J,ITM,,,"From JAMIS",2,CLOSE,"57 ",02,P3,02,R3,,,0,0,0,0,"AIL TQ TUBE BRACKET COA 3日目前半
⇒E勤でSTR作業が完了。
BOTH FUEL SCA PUMPとTUBING復旧 完
RH HYD TUBE復旧完。
⇒残作業；COAとSQ発行管理台帳に従い、LH HYD TUBE INST、TANK PNL CLSD、AIL CABLE RIG、JACK DOWN等々復旧を進めて下さい。
⇒全ての作業完了しました。OPE&LEAK CK OKです。レ点を外します。(3/22 ITM 三上)",安藤,2,Field,99999999,2018/03/21,99999999,2018/03/21
58366,ERJ170,JA225J,ITM,,,"From JAMIS",2,CLOSE,"55 ",02,P3,02,R3,,,0,0,0,0,"RH H-STAB TIP FAIRING L/E EROSIONがかなり進んでいるようです。ITM STY時　DETAIL CKお願いします。
⇒一応SRM55-14-25AD05に載ってます。TIP FRG PN:170-62043-406在庫は1eaあり。SCREW HOLEは開いてます。（LS赤坂）
⇒本日のLIGHTNING HIT INSPと合わせてDETAIL C'Kしましたが、COND NGでしたのでTIP FAIRING CHGしました。(長谷川K)",石丸,2,Field,99999999,2018/03/21,99999999,2018/03/21
58365,ERJ170,JA227J,KIJ,,,"From JAMIS",2,CLOSE,"23 ",02,P3,02,R3,,,0,0,0,0,"2871 ALL DOOR CLOSE後、""ACARS NO COMM""とINFO。様子見でDEPしました。
⇒JL2839 DEP時 ACARS の調子が悪いとのINFO有りました。そのままDEPしています。FOLLOWよろしくお願いします。(CTS大森)
⇒やはり調子が悪いとのINFO有り。PROC 6 RESET/TEST PASSにより様子を見て頂きました。（HNA 武藤）
⇒AOJにてもSOME TIME NO COMMになったそうです。(AOJ 田中ま)",三浦A,2,Field,99999999,2018/03/21,99999999,2018/03/21
58364,ERJ170,JA220J,CTS,,,"From JAMIS",2,CLOSE,"24 ",02,P3,02,R3,,,0,0,0,0,"JL2803 DOOR CLOSE後「何かたくさんMSGが出て消えた。電源が落ちたような感じだった」とINFOがありました。何のMSGか全く分からないとのことでした。現状NMLなのでNO ACTIONでDEPしています。SPDA FAIL等が出たと推測します。
⇒AOJ B/I後確認したところ、MANY MSGがTOVに入ってました。主たるものは AVNX MAU 2B FAILによるものと思われます。現在NML。（K.ARAI@AOJ BT）
⇒直近では履歴なし。PROC4の交換歴もなし。PROC在庫有。(LS 前甲)",関根Ｋ,2,Field,99999999,2018/03/21,99999999,2018/03/21
58363,ERJ170,JA217J,ITM,,,"From JAMIS",2,CLOSE,"34 ",02,P3,02,R3,,,0,0,0,0,"DEP時、RH ENG START後一時的に""NAV COMM FAIL""及び""APR2 NOT AVAIL"" MSG APPEARした。数秒後MSG DISAPPEARしたためそのままDEPしました。恐らくPWR TRANSITIONによるものだと思います。
⇒最終便までOKとの事です。(CTS大森)",石川義,2,Field,99999999,2018/03/21,99999999,2018/03/21
58362,ERJ170,JA217J,HNA,,,"From JAMIS",2,CLOSE,"38 ",02,P3,02,R3,,,0,0,0,0,"JL2181(ITM→HNA) FLT中、WTR SYS FAULT L'Tが3分程度点灯して消えたそうです。CMC及びAHEAD確認出来ませんでした。ACTUAL HEAT C'KはOKで引き続きMONITOR依頼しました。
⇒最終便はOKとの事です。(CTS大森)",武藤,2,Field,99999999,2018/03/21,99999999,2018/03/21
58361,ERJ190,JA243J,CTS,,,"From JAMIS",2,CLOSE,"36 ",02,P3,02,R3,,,0,0,0,0,"JL2900 ENG START後、BLEED2 FAILが出ました。BLEED2 SW RECYCLEでMSG OFF。そのままDEPしています。
SDJ ARR後CERWにお聞きしたところ、最初にA/I DISAGREE MSGが出て、すぐ消えその後上記MSG APPEAREとなったとのことです。ENG REF SET [AUTO]、 OAT -15℃などの条件が重なって一時的にBLLEDが少なくなったからかもしれません。CMCはFAULT CODE:36112200AM1,NAPRSOV,TQMOTER CONT.拾ってました。NO LOG UPの為、特に何もしてません。SDJ@小林A
⇒履歴はありません。NAPRSOV在庫はあります（LS赤坂）
⇒その後再発せず。ITM山北",関根Ｋ,2,Field,99999999,2018/03/21,99999999,2018/03/21
58360,ERJ170,JA211J,GAJ,,,"From JAMIS",2,CLOSE,"32 ",02,P3,02,R3,,,0,0,0,0,"LH IB MAIN TIRE SPOT WORN激しい
RH NOSE TIREもいい感じでWORNしてます。
JUST INFO,WATCH PLEASE
交換実施恩田
⇒昨日も215J BOTH NOSE TIREを便間で交換しています。支店でのTIRE CHGが無いように協力願います。（LS 塚越)",川﨑,2,Field,99999999,2018/03/21,99999999,2018/03/21
58359,ERJ170,JA213J,ITM,,,"From JAMIS",2,CLOSE,"57 ",02,P3,02,R3,,,0,0,0,0,"AIL TQ TUBE BRACKET COA 3日目後半

⇒S勤で以下の作業実施
①JACK DOWN & AIL CABLE関連復旧/ADJ 完
②E勤からの申送りのLH HYD TUBE復旧 完

⇒まだ、TANK内CAP SEALANT硬化が不十分ですので、TANK PLATE OPENのままです。硬化後、TANK PLATEを復旧して下さい。その後はPWR INでのOPE CKやACC PNL復旧がメイン作業となります。

⇒全ての作業完了しました。SEALANTも硬化していました。OPE&LEAK CK OKです。レ点を外します。(3/22 ITM 三上)",角田,2,Field,99999999,2018/03/21,99999999,2018/03/21
58358,ERJ170,JA215J,FUK,,,"From JAMIS",2,CLOSE,"28 ",02,P3,02,R3,,,0,0,0,0,"INFO ONLY : F3620 ARV RE-FUELING時、PNL OPN & PWR ONでRE-FUEL VLV LGT(AMBER)薄っすら点灯(L/R共に)。但しLGT TESTもVLV S/O TESTもOPE NMLで明るく点灯したので、そのままRE-FUEL実施してFLT RELEASEしてます。
様子見をお願いします。
⇒F3581も同様でした。NML REFUELINGです。(KCZ 奈良)
⇒FUK ARVでも状況変わらずでした。(FUK水の)
⇒KMI ARR同様ですがFUELINGはNORMALです（KMI 新宮領）
⇒KMI 3641 STAYにてREFUELING PNL OPN & PWR ONでRE-FUEL VLV LGT(AMBER)は消灯していた。LT TEST後も消灯した。当該LTのCAP外してSOCKET内側のVISUAL CK OKでした、BULBのへそが少しすり減っている程度、CAP取り付け後のLT TESTもOKでした。",水野,2,Field,99999999,2018/03/21,99999999,2018/03/21
58357,ERJ190,JA246J,ITM,,,"From JAMIS",2,CLOSE,"25 ",02,P3,02,R3,,,0,0,0,0,"AFT COFFEE MAKER OVER FLOWがCBN MEMOであがりました。　SNSR CLEANINGしてOK",永村,2,Field,99999999,2018/03/21,99999999,2018/03/21
58356,ERJ190,JA246J,ITM,,,"From JAMIS",2,CLOSE,"24 ",02,P3,02,R3,,,0,0,0,0,"4A,5AのAC OUTLET INOPでCBN MEMOあがりました。　ISPC#3 CHGしてOPE CK.",永村,2,Field,99999999,2018/03/21,99999999,2018/03/21
58355,ERJ170,JA222J,FUK,,,"From JAMIS",2,CLOSE,"38 ",02,P3,02,R3,,,0,0,0,0,"2061/STAY  AFT LAV'のFAUCETが付け根からグラついています。機能は問題なしです。FAUCET下の二個のALLEN SCREWは緩んでいません。ITMにてDETAIL C'Kよろしくお願い致します。
⇒FAUCET裏の取り付けのBASE NUT（2か所HOTとCOLD LINE) LOOSEでした。とりあえず手締めでぐらつきはなくなりました。時間があるときにTQ UPお願いします。(FUK秋山）
⇒RE-TIGHTしてOKになったと思いますので、レ点外します。(FUK水の)",林田,2,Field,99999999,2018/03/21,99999999,2018/03/21
58354,ERJ170,JA225J,ITM,,,"From JAMIS",2,CLOSE,"05 ",02,P3,02,R3,,,0,0,0,0,"最終便のITM APRにてLIGHTNING HITしました。ELT OPE TESTはOKで完了。BOTH WIPER ARM MAGNETIZATION C'KもOK。DAMAGEとしてはFWD FUSE LOWER SKIN AREAにPAINT DISCOLOR DAMAGEが数か所あって、PAINT TOUCH-UP。RUD TIP FAIRINGがBURN DAMAGEによりFAIRING CHGしました。その他、INSP OKでDAMAGE無し。ADF INDもOKでした。",長谷川K,2,Field,99999999,2018/03/21,99999999,2018/03/21
58353,ERJ170,JA221J,ITM,,,"From JAMIS",2,CLOSE,"76 ",02,P3,02,R3,,,0,0,0,0,"3/13申し送り参照。AT DISENGAGEする件でTCQ交換しました。様子見てください。",相原,2,Field,99999999,2018/03/21,99999999,2018/03/21
58352,ERJ170,JA219J,MYJ,,,"From JAMIS",2,CLOSE,"52 ",02,P3,02,R3,,,0,0,0,0,"グラハンからのINFOで、PUSH BACK後EXT PWR PNL CLOSE時、一番下のラッチよりSPRINGが飛び出しているのを見つけ再度OPENし、SPRINGをPNL側にもどしてCLOSEしたとの事です。RE C'Kお願いします。",神谷,2,Field,99999999,2018/03/21,99999999,2018/03/21
58351,ERJ190,JA244J,ITM,,,"From JAMIS",2,CLOSE,"24 ",02,P3,02,R3,,,0,0,0,0,"SHIP ELEC PWR IN時の「IDG 1 OFF BUS」MSG APPEARの件、GCU1交換しました。その後3回PWR IN実施しましたが、MSGは出ませんでした。MONITORお願いします。",下川M,2,Field,99999999,2018/03/21,99999999,2018/03/21
58350,ERJ190,JA244J,ITM,,,"From JAMIS",2,CLOSE,"49 ",02,P3,02,R3,,,0,0,0,0,"APU EGT HIGHの件、STYでのPACK ONでのEGTは470℃。BOTH PACK OFFで342℃。PACKをそれぞれONにした時のEGT DIFFもありませんでした（PACK1 ONLY：405℃、PACK2 ONLY：402℃）。FIMで言っているPACK FCVの不具合はない感じです。本日のANTI-SURGE VLVの再交換は見送りました。",下川M,2,Field,99999999,2018/03/21,99999999,2018/03/21
58349,ERJ170,JA215J,KMI,,,"From JAMIS",2,CLOSE,"00 ",02,P3,02,R3,,,0,0,0,0,"SPARE FLT LOG使用されています、ITMにてSPARE FLT LOG1冊　搭載お願いします。
⇒搭載完了(3/22吉田と)",新宮領,2,Field,99999999,2018/03/21,99999999,2018/03/21
58348,ERJ190,JA244J,HND,,,"From JAMIS",2,CLOSE,"24 ",02,P3,02,R3,,,0,0,0,0,"朝一立上げAPU START中「IDG 1 OFF BUS」MSG APPEARED。PWR IN後のSYNOPTICでGEN1がAMBER ICON & ---表示。CMCでは「24210045AGC」がCORRELATEしてました。GEN SW OFF THEN AUTOでBACK TO NML。MSG DISAPPEARE。LOGを見たところ3/15にBPTのT/SでGCUを交換されてます。（JUST INFO)",加藤,2,Field,99999999,2018/03/20,99999999,2018/03/20
58347,ERJ170,JA213J,ITM,,,"From JAMIS",2,CLOSE,"31 ",02,P3,02,R3,,,0,0,0,0,"FLEET REQにてDU2交換実施。現在COA作業中なのでELEC PWR IN可能になったらOS UPLOAD & SQ CARD CLOSE & FLT LOG INお願い致します。
⇒申し送り作業完了しました。OPE CK OK（三上）",石川義,2,Field,99999999,2018/03/20,99999999,2018/03/20
58346,ERJ170,JA219J,FUK,,,"From JAMIS",2,CLOSE,"25 ",02,P3,02,R3,,,0,0,0,0,"AFT GALLEY HOT WATER MAKERのFAIL/NO WATER LGTが点滅するとCABIN MEMOにて、SQ UPされました。
CCB RESETでOKとなっています。",安達,2,Field,99999999,2018/03/20,99999999,2018/03/20
58345,ERJ170,JA214J,TKN,,,"From JAMIS",2,CLOSE,"27 ",02,P3,02,R3,,,0,0,0,0,"MSG APPEAR ""PITCH TRIM BACKUP FAIL"".  STORED MAINT MSG ""BACKUP PITCH TRIM SW FAULT CH1 & 2"" , FAULT CODE 27431950HS1 & 27431900HS2.  TRIM SYS 1 & 2 CUTOUT RECYCLED , THEN BACK TO NORMAL.",野田,2,Field,99999999,2018/03/20,99999999,2018/03/20
58344,ERJ190,JA249J,KOJ,,,"From JAMIS",2,CLOSE,"25 ",02,P3,02,R3,,,0,0,0,0,"F2403 CABIN SQ MEMO UP:L2 DOOR ESCAPE SLIDE PRESS GAUGE COVER外れている。AMMB18-00 でC/Oしました。(W/O NO 100393164)
⇒WINDDOW P/N 170-42279-001在庫有り。（石井）
⇒NEW PARTS INSTしてC/O CLOSEしました。レ点外します(3/22山本俊)",小坂,2,Field,99999999,2018/03/20,99999999,2018/03/20
58343,ERJ190,JA249J,ITM,,,"From JAMIS",2,CLOSE,"33 ",02,P3,02,R3,,,0,0,0,0,"LH　MOST FWD CEILING LT調子悪し。CLM,DES,LDGでそれぞれ1回LTが消えてしまうようです。SW操作で復活はしていますが便間でLAMP外して見ましたが黒くはなっておらずLAMPはよさそうでした。LAMP RESETでNORMALになっているので様子見てもらっています。
⇒F2403 上記現象再発したようです。 SW RECYCLEしてOKでしたので、様子見としました。CAさんは次便で再発したらMEMO UPするそうです。
⇒次ITM ARRでLAMP交換予定。(LS林あ)
⇒ARR時点灯しており、FLT中も点灯していたとの事。P/MでLAMP交換しました。(前甲)
⇒PUSH BACK直前チカチカするとCAP'TよりINFO有り。KMI ARR時FOLLOWお願いします。（石井）
⇒L'T ASSY(P/N:4258-11)、AC BALLAST(P/N:4222-50)、DC BALLAST(P/N:4222-60)在庫有り。ここのAREAはたぶんAC BALLAST。(前甲)
⇒JL2437 B/O後消灯し、その後復活したそうです。KMI ARR後CKしようとLAMPに触れたら消灯してしまい、RESETしてなんとか復活しました。（KMI森村）
⇒JL694/219/218 LIGHTは、OKだったそうです。(HND桜井)",山北,2,Field,99999999,2018/03/20,99999999,2018/03/20
58342,ERJ170,JA217J,AXT,,,"From JAMIS",2,CLOSE,"05 ",02,P3,02,R3,,,0,0,0,0,"BOON音ですが今朝初便JL2171のCAPTは「音は何もしなかった」との話です。
⇒次便2172も音なし。(ITM 安田)
⇒ITM STYまでINFO無し（永村＠ITM）",山崎,2,Field,99999999,2018/03/20,99999999,2018/03/20
58340,ERJ170,JA225J,FUK,,,"From JAMIS",2,CLOSE,"26 ",02,P3,02,R3,,,0,0,0,0,"STAY/3621にてGPU にてPWR UPし、FIRE TEST後に CRG AFT SMK DET FAIL MSG APP.
CORRELATED MM 26150005UT1 (CRG AFT SMK DET 2/MAU 3 GSIO 2 WRG) & 26150004UT1 (CRG AFT SMK DET 1/MAU3 CSIO2/WRG)
ALL PWR RESET でMSG DISAPP. JUST INFO.
⇒SMK DET PN:473597-18 在庫あり但しRSV掛かってます。交換時は要調整。（赤坂）",一川,2,Field,99999999,2018/03/20,99999999,2018/03/20
58339,ERJ190,JA246J,ITM,,,"From JAMIS",2,CLOSE,"32 ",02,P3,02,R3,,,0,0,0,0,"2050 APPR中2回AUTOBRAKE FAILが出てSWがDISARMになったと口頭INFOあり。CMCにはCORRELATION MSGなし。過去履歴有でSWが以前交換されています。引き続き様子見お願いしました。

⇒CAS AUTOBRAKE FAIL?MSG APPEARED の件。
10/17　初回 CRZ中2回MSGが一瞬出た 
11/26　TOUCH DOWN時1回でた
11/28　APPR中でた⇒AUTOBRAKE SELECTOR SW 交換
11/29　MSG再発
3/20　2度MSG ON、いずれもMMSG無し
ABM P/N;142-071171
AUTOBRAKE SELECTOR SW P/N;170-11177-401
PIN P/N;C60-2
TYLAP P/N;MS3367-7-9
JL2362 FLEET REQ JOBでABM交換検討したが、SHIP CHGに伴いCNLしました(LS 安藤）
⇒JL2362までNML.SWを触った感じ悪いところはなさそうです。(3/20安池)
⇒""AUTO BRK FAIL""MSGが出る件で、P/MでAUTO BRK MODULE交換しました。様子見て下さい。（3/22梅本）",小川,2,Field,99999999,2018/03/20,99999999,2018/03/20
58338,ERJ170,JA213J,ITM,,,"From JAMIS",2,CLOSE,"21 ",02,P3,02,R3,,,0,0,0,0,"FLEET REQにてRH PACK ADD HEAT VLV交換実施。現在COA作業中なのでELEC PWR IN可能になったらRH PACK OPE CK & SQ CARD CLOSE & FLT LOG INお願い致します。
⇒申し送り作業完了しました。OPE CK OK（三上）",石川義,2,Field,99999999,2018/03/20,99999999,2018/03/20
58337,ERJ170,JA213J,ITM,,,"From JAMIS",2,CLOSE,"57 ",02,P3,02,R3,,,0,0,0,0,"AIL TQ TUBE BRACKET COA 2日目

本日は、終日STR SKILLによるREPAIRを実施。順調に進んでいます。JACK UP & ELEC PWR禁止状態を維持。
尚、RH SIDE FUEL TANK内のREPAIRは完了となりましたので、E帯より復旧願います。LH SIDE FUEL TANKは引き続きSTR SKILLにてREPAIRをお願いします。
ちなみに、上記FLEET REQ 2件により、SQ CARDはTTL 12枚となりました。",角田,2,Field,99999999,2018/03/20,99999999,2018/03/20
58336,ERJ170,JA227J,CTS,,,"From JAMIS",2,CLOSE,"52 ",02,P3,02,R3,,,0,0,0,0,"JL2713 CREW PRE FLT CKにてCOCKPIT DOOR ACCESS PNLが反応しないと連絡あり。CCB RESET、PNL RE-CONNECT、ALL PWR RESETしても変わらず。よってMEL52-51-00(3)を適用しようとCAPに相談したところ、OPE PROC内の「代替え手段を乗員内で確認すること」について疑義が生じました。CAPとしては「COCKPIT CREW二人とも意識が無くなった場合にUNLOCKにできない」との見解。乗員に運航技術に確認してもらい、「飛行機の設計の時点でCOCKPIT CREWが二人ともIN-CAPAは想定していない」との返答で了承がとれてMEL適用しました。運航技術の出社を待っていたのでDLYが長くなりました。(TC0015、OQ0040、その他0020)
COCKPIT ACCESS PNL在庫なさそう。尚、当該PNLは3/18に交換されたもののようです。W/O:100393155

⇒現在C-CK中の216Jから流用します。上記事例もあったため、早期CORRECTIONを考えています。本日STY先に送付予定。(LS林あ)
⇒18日にINSTされたPNL(P/N:AS-200-00003, S/N:0917)は、1月1日に216Jから同SQで降ろされた部品でした。UNS TAGにもその旨の記載お願します。(近藤)
⇒PARTS交換してOPE CK OK.MEL CLOSEしました。UNS TAGへの記載もOK。（SDJ吉田）",関根Ｋ,2,Field,99999999,2018/03/20,99999999,2018/03/20
58335,ERJ170,JA217J,ITM,,,"From JAMIS",2,CLOSE,"34 ",02,P3,02,R3,,,0,0,0,0,"APMの書き換えCOA、CMCremotoでCDを読み込ませて進んで行くと“ENTER　AUTHORIZATION CODE”の画面が出て８桁の数字？ｱﾙﾌｧﾍﾞｯﾄ？を入力しないと進めない。COA仕様書に小さくP/NとAUTHORIZATION CODEの記述があり、入力するもREJECTされた。他の機体も同様の為今晩のCOAはXLD、P/poneとなった。
⇒技術部問い合わせ中。(近藤)",永村,2,Field,99999999,2018/03/20,99999999,2018/03/20
58334,ERJ170,JA215J,"LS ",,,"From JAMIS",2,CLOSE,"32 ",02,P3,02,R3,,,0,0,0,0,"昨日ITM STYでしたが、KMI最終便前の便間にてBOTH NOSE TIREを交換しています。支店での負担を減らすために協力願います。",塚越,1,Fleet,99999999,2018/03/20,99999999,2018/03/20
58333,ERJ190,JA244J,ITM,,,"From JAMIS",2,CLOSE,"25 ",02,P3,02,R3,,,0,0,0,0,"FWD GLY 208 COMP DOORのOPEN/CLOSEが固い。DOORが擦れてる感じです。STY又は時間ある時、DOOR ADJしてください。
⇒修正しました。(石川義)",南條,2,Field,99999999,2018/03/20,99999999,2018/03/20
58331,ERJ170,JA214J,KOJ,,,"From JAMIS",2,CLOSE,"33 ",02,P3,02,R3,,,0,0,0,0,"L/H WING ROOT TAXI L`T OUTでMEL33-42-00適用しました。(L`T 前面のCOVERのREMOVEがかなり困難だったので。）
AMOS W/O NO 100393255です。　よろしくお願いします。
⇒LENS PNLのSTUD(P/N CA18021-1C)RECEPTACLE(P/N CA18157)RIVET(P/N CCR244CS3-2)等のParts在庫有り。(LS 塚越)",加藤A,2,Field,99999999,2018/03/20,99999999,2018/03/20
58330,ERJ170,JA214J,KOJ,,,"From JAMIS",2,CLOSE,"31 ",02,P3,02,R3,,,0,0,0,0,"昨日同様、ANNUNCIATOR C`KにてCO-PI SIDE REVERSIONARY PANELのADS & IRS S/WのWHITE STRIPE L`Tが点灯しませんでした。
CORRも同様でCONNECTORを揺する等でBACK TO NORMALとなってます。",加藤A,2,Field,99999999,2018/03/20,99999999,2018/03/20
58329,ERJ170,JA219J,FUK,,,"From JAMIS",2,CLOSE,"34 ",02,P3,02,R3,,,0,0,0,0,"F3608 RH MCDU INTEGRAL LGT OUTのSQ UPあり。OPE CK OKでしたが、CCB (MCDU2) RECYCLEしました。INTEGRAL LGT OPE CK OK。
(AMOS:100393258)",秋山,2,Field,99999999,2018/03/20,99999999,2018/03/20
58328,ERJ170,JA221J,KMI,,,"From JAMIS",2,CLOSE,"00 ",02,P3,02,R3,,,0,0,0,0,"SPAREのFLT LOG使用されておりますのでITMにてSPAREのFLT LOG1冊搭載お願いします。
⇒搭載しました。(3/21 ITM 廣中)",新宮領,2,Field,99999999,2018/03/20,99999999,2018/03/20
58327,ERJ190,JA246J,IZO,,,"From JAMIS",2,CLOSE,"78 ",02,P3,02,R3,,,0,0,0,0,"2357 LDG時に一旦REV LVRが引けず、TAXING中に試したところNORMであったとのこと。
CMC MSGはACTIVE、PRESENT LEG共に何も無しでした。
CAPT曰く、両ENG同時はできなかったが片方ずつなら引けたような感じはあったとの事でした。
時間と人手不足のため、GND OPEはできませんでした。
⇒NEXT 2358 NML。(近藤)",鈴木,2,Field,99999999,2018/03/20,99999999,2018/03/20
58326,ERJ190,JA247J,KMI,,,"From JAMIS",2,CLOSE,"21 ",02,P3,02,R3,,,0,0,0,0,"FLT 2441 FLT SQにてCRZ中にPACK 2 FAIL CAUTION MSGがAPPEARしてQRH実施後にOKとなった。CMC PRESET LEG FAULTを確認するとM MSG""RH RAM AIR DOOR/ACT(C1)/WRG FAULT"" F/C:21255511AM1 INACTIVEであつた。PACK 2 SW RECYCLEDでPACK OPE CK及びRAM AIR DOOR OPE CK OKでFLTに供した。
⇒STY便ではNORM。RH RAM DOOR ACTのCONN CLEAN実施＆RAM DOOR ACT IBITをBOTH CHで行いました。様子見てください。（南條）",新宮領,2,Field,99999999,2018/03/20,99999999,2018/03/20
58325,ERJ190,JA249J,"LS ",,,"From JAMIS",2,CLOSE,"32 ",02,P3,02,R3,,,0,0,0,0,"部品チームからのリクエストです。
LH MLG TIREにブリジストンが取り付けられ200cyc経過していますが、ミシュランとの比較で減り具合を確認したい。
21日のITM便間で、各GROOVE残り何ミリ残っているか、確認出来たらお願いします。
⇒LH IB/OBともに残り７MM(田村A), 部品チームにINFO済3/21",近藤,1,Fleet,99999999,2018/03/20,99999999,2018/03/20
58324,ERJ190,JA250J,SDJ,,,"From JAMIS",2,CLOSE,"05 ",02,P3,02,R3,,,0,0,0,0,"F2900/2202　LDG ROLLでBIRD STRIKE。 PERFORMED BIRD STRIKE INSP AMM05-50-02/600。RADOME R/H AFT AREA & R/H #2 SLATに当たってましたが、NO DAMAGE。CLEAN UP OK。OK FOR SVC。",平野,2,Field,99999999,2018/03/19,99999999,2018/03/19
58323,ERJ190,JA244J,KOJ,,,"From JAMIS",2,CLOSE,"24 ",02,P3,02,R3,,,0,0,0,0,"STY/2400 立ち上げ時IDG 1 OFF BUS MSG COME ON.IDG SW OFF THEN AUTOにするもNO HELP.F/C 24210045AGC.ALL PWR RECYCLEにてBACK TO NML.JUST INFOまで。
⇒15日にGCU1交換翌日から、かなり怪しげな動きをしています。次のITMでGCU1再交換検討お願いします。(近藤)
⇒GCU1交換しました。その後3回PWR IN実施しましたが、MSGは出ませんでした。MONITORお願いします。（3/21 下川M）",玉城T,2,Field,99999999,2018/03/19,99999999,2018/03/19
58322,ERJ170,JA214J,ITM,,,"From JAMIS",2,CLOSE,"34 ",02,P3,02,R3,,,0,0,0,0,"APU START時、BATT 1 DISCHARG CAUTION MSG APPEARのタイミングで、CLOCK INDICATION(CHRO & UTC)が変な感じになりましたが直ぐに元に戻りました。APU START時のBATT DROP値は見損ねました。",遠藤T,2,Field,99999999,2018/03/19,99999999,2018/03/19
58321,ERJ170,JA214J,ITM,,,"From JAMIS",2,CLOSE,"31 ",02,P3,02,R3,,,0,0,0,0,"ANNUNCIATORS TEST時、CO-PI SIDEのREVER PANELのADS & IRSのBARが点灯せず。ADS & IRS SW/LTをPUSHすると点灯した感じがしました。一旦PANELをREMVし裏のWAIREをコチョコチョしたらNORMALに戻りました。ANNUNCIATORS TEST OKです。
⇒REVERSIONARY PNL ASSY P/N = 170-00677-403  ITM在庫1個ありです。(LS 上田)",遠藤T,2,Field,99999999,2018/03/19,99999999,2018/03/19
58320,ERJ170,JA220J,KMI,,,"From JAMIS",2,CLOSE,"32 ",02,P3,02,R3,,,0,0,0,0,"朝PWR UP時 LH BRK ACCUM PRESS 1700PSI で YELLOW表示。
DECAY CK では15分で50PSI程落ちます。MONITOR願います。
⇒FLEET REQ JOBにてCK & PRESS ADJ実施。
STY ARR後15分後は50psi DROP(3000⇒2950)でRATE CK OK、ちなみに1時間後は100psi DROP(2950⇒2850)。
ACCUM PRESSについてはSYS ACCM 1100psi、EMER PARK ACCUMは550psiでPRESS CK自体はOKだったので,それぞれSYS ACCMは1250psi、EMER PARK ACCUMは650psiにSETしました。
その後のRECKもOKでしたので様子見て下さい。（15分後2800⇒2750）　　（3/19　西垣）
⇒3/20朝はLH/RH共2600PSIでした。(ITM 廣中)",佐藤貴,2,Field,99999999,2018/03/19,99999999,2018/03/19
58319,ERJ170,JA217J,ITM,,,"From JAMIS",2,CLOSE,"05 ",02,P3,02,R3,,,0,0,0,0,"COCKPITの異音については引き続き続いているとのこと、FLAP UPくらいからブ～～ンとうなるらしい。
⇒O/NまでNMLでした。(ITM 河内)",増瀬,2,Field,99999999,2018/03/19,99999999,2018/03/19
58317,ERJ170,JA224J,FUK,,,"From JAMIS",2,CLOSE,"25 ",02,P3,02,R3,,,0,0,0,0,"3620/3581 BORDING直前にSEAT 4A SEAT BELT WETでした。REASONは不明でSEATには誰も座っていなかったそうです。
PSU PANELからのWATER DROPの形跡なしでしたがかなりWETだったためSEAT BELTを交換してOKです。
(AMOS:100392996)(JJ 00:04)
⇒F3581ではDRYでした。(KCZ 福田)

SEAT 3～4の座席近くの中央通路にお子様が嘔吐したとのことで当該箇所を
CLEANINGしてOKです。
⇒COND C'K OKでした。(KCZ 福田)",前田,2,Field,99999999,2018/03/19,99999999,2018/03/19
58316,ERJ170,JA219J,TKN,,,"From JAMIS",2,CLOSE,"05 ",02,P3,02,R3,,,0,0,0,0,"(NOTE)BIRD STRIKE AFT LDG ありました。  BOTH WINDSHIELD & LOWER AREA, R/H NO.4 SLAT L/E, R/H NO.4 SPOILER SURFACE, OTHER NO EVIDENCE BY SLAT/FLAP EXT. CLEAN THIS AREAS & CONFORMED NO DAMAGE でした。　RUN WAY CK 完了OKです。",松本H,2,Field,99999999,2018/03/19,99999999,2018/03/19
58315,ERJ190,JA246J,ITM,,,"From JAMIS",2,CLOSE,"25 ",02,P3,02,R3,,,0,0,0,0,"2051 BOARDING直前に、COCKPIT ELECLATCHのLATCHの動きが少し渋めとINFOありました。現状OKとの事でそのままDEPしてもらいました。様子見てください。
⇒ LATCH P/N = AR4896-1 ITM 1個ありです (3/19 LS上田)
⇒本日その後はINFOなし。(FUK 秋山）",新井,2,Field,99999999,2018/03/19,99999999,2018/03/19
58314,ERJ170,JA224J,KMI,,,"From JAMIS",2,CLOSE,"00 ",02,P3,02,R3,,,0,0,0,0,"SPEAR LOG 使用しましたので補充お願いします。
⇒搭載しました。（ITM 下川M）",中重,2,Field,99999999,2018/03/19,99999999,2018/03/19
58313,ERJ190,JA246J,ITM,,,"From JAMIS",2,CLOSE,"24 ",02,P3,02,R3,,,0,0,0,0,"朝一、SEAT 15ACのAC OUTLET AMBER L'T ONでした。黒いSWがPUSH INの状態でSTUCKし、ADD SHOCKでもSAME。充電も不可だったのでAC OUTLET交換しました。OPE C'K OK。ちなみにPWR MONITORING PNLはNML表示でした。",新井,2,Field,99999999,2018/03/19,99999999,2018/03/19
58312,ERJ190,JA248J,FUK,,,"From JAMIS",2,CLOSE,"52 ",02,P3,02,R3,,,0,0,0,0,"COCKPIT DOOR CONTROL PNLの赤いガードのSPRINGが片方切れています。
片側が残っているのでFUNCTIONは特に問題ありません。
⇒GUARD P/N = 4800-202   ITM 10個ありです。(LS 上田)

⇒交換しました。(高橋 豊)",塩田,2,Field,99999999,2018/03/19,99999999,2018/03/19
58310,ERJ170,JA224J,FUK,,,"From JAMIS",2,CLOSE,"38 ",02,P3,02,R3,,,0,0,0,0,"WATER SVC実施時FWD GLY HOT WATER BOILERの下の隙間からHOT WATER LEAKあり。
一旦S/O VLV CLOSEし、WATER BOILER MOUNT SCREW REMOVEし、CLEAN UP実施。C/O VLV RE-OPENし、OPE & LEAK CK実施。
NO LEAK & OPE CK OKにより様子を見てもらっています。NO SQ UP。
⇒STAY　NO LEAK でした。（KMI中重）",秋山,2,Field,99999999,2018/03/19,99999999,2018/03/19
58309,ERJ170,JA223J,CTS,,,"From JAMIS",2,CLOSE,"31 ",02,P3,02,R3,,,0,0,0,0,"F2877(KIJ-CTS),PRINTER JOB FAILのINFあり。ARR'CKにてCMC NOT CONNECT.CB(MAU1 PWR3)RECYCLEでBACK TO NML.次便様子見でお願いしてます。",奥田,2,Field,99999999,2018/03/19,99999999,2018/03/19
58308,ERJ190,JA247J,ITM,,,"From JAMIS",2,CLOSE,"25 ",02,P3,02,R3,,,0,0,0,0,"2376/2377 SEAT 26KにてVOMITありましたが、SEAT BELT & BTM COVER交換してOKです。臭いなしです。",西垣,2,Field,99999999,2018/03/19,99999999,2018/03/19
58307,ERJ170,JA213J,ITM,,,"From JAMIS",2,CLOSE,"57 ",02,P3,02,R3,,,0,0,0,0,"AIL TQ TUBE BRACKET COA1日目
早番でFUEL TANK PURGE及びMAKE ACCESSほぼ完了。
遅番でA/C JACK UPし本格的にSTR WORK開始。
追加でGND SQ 2件あり
①LH SIDE WING STUB L-ANGLE CRACK、②FR52 RIB CRACK
いずれも技検中。回答は20日。過去事例から交換の指示がでる予定。

現在SHIPはON JACK、ELEC PWR禁止。HGR 2の奥の方にTAIL INなう。現在SQ CARD枚数 10枚。

※AMOS INPUT及び工数管理について
SQ CARDのCORRECTIONのINPUTはそれぞれ超大作になるので概要だけでOK。(済3/19木戸)
工数入力はCOAにぶら下がっているもの(MAKE ACCESS等)はCOAのW/Oでとる。それ以外の物(追加でみつかったCRACK)は個別のSQ CARDでとる。",木戸,2,Field,99999999,2018/03/19,99999999,2018/03/19
58306,ERJ190,JA248J,FUK,,,"From JAMIS",2,CLOSE,"33 ",02,P3,02,R3,,,0,0,0,0,"SPARE BULB ""8GH004554-28"" 1EA使用したのでITMでSUPPLY願います。

⇒補充しました。(高橋 豊)",進,2,Field,99999999,2018/03/19,99999999,2018/03/19
58305,ERJ170,JA211J,ITM,,,"From JAMIS",2,CLOSE,"33 ",02,P3,02,R3,,,0,0,0,0,"LH MAIN NAV L'Tの件、便間でTRYしたところSPLICEの機体側でWIRE CUTしてました。STILL C/O中。SPLICE、CONTACT PIN PARTSあり。PICK SLIP済。
⇒styにてREPAIRしてMEL closeしています。(B遠藤）",相原,2,Field,99999999,2018/03/19,99999999,2018/03/19
58303,ERJ170,JA227J,ITM,,,"From JAMIS",2,CLOSE,"38 ",02,P3,02,R3,,,0,0,0,0,"2362 CA INFO。AFT LAV FAUCETの水が中々止まらない。数回OPEしましたが、全て8secで止まりOKでした。
⇒ELEMENT P/N 2980192100110在庫有り。(LS金澤)
⇒STYまでNO INFOでした。OPE C'K OK。(3/18 高橋豊)",新井,2,Field,99999999,2018/03/18,99999999,2018/03/18
58302,ERJ170,JA219J,TKN,,,"From JAMIS",2,CLOSE,"23 ",02,P3,02,R3,,,0,0,0,0,"KOJ & OMA INFOにあったACARSの件、UPLINK NORMだが、BOTH MCDU ACARS PAGE FREEZEにてDNLINK出来なかったとの事。ARR時も同様であった為 NIC PROC6 RESET TESTにてBACK TO NORM  様子見てもらいました。
JUST INFO:航務から WT & BALANCE UPLINK UNRELIABLEだったが、UPLKできたとの連絡ありました。(2/24 関連SQ？)
⇒その後NMLでした。　　宇根@KOJ",松本H,2,Field,99999999,2018/03/18,99999999,2018/03/18
58301,ERJ190,JA244J,SDJ,,,"From JAMIS",2,CLOSE,"25 ",02,P3,02,R3,,,0,0,0,0,"F2205 31HK床にお子さんがおう吐（少量）されたのでクリーニング実施し 臭いや汚れはありませんが、カーペットが乾ききれていない状態です。　NEXT F2206 満席の為　当該SEATのPAXにはその旨のINFOを依頼しています。 ITM ARR時に　RE－C'Kをお願いします。
⇒O/N RE-C'K OKです。(KOJ 濟藤)",赤島,2,Field,99999999,2018/03/18,99999999,2018/03/18
58300,ERJ170,JA211J,HNA,,,"From JAMIS",2,CLOSE,"25 ",02,P3,02,R3,,,0,0,0,0,"JL2839 HNA ARVでSEAT 10-A床がコーヒーで濡れていました、出来る限り拭き取りましたが、若干濡れています。JL2838　HNA→CTSはSEAT ASSIGN 外して貰いました（BLOCKは掛けていません）CTS ARV時床のCOND C'K お願いします。
⇒CLEAN & DRY UP OK.COND CK OKです。(CTS 奥田)",関,2,Field,99999999,2018/03/18,99999999,2018/03/18
58299,ERJ170,JA227J,ITM,,,"From JAMIS",2,CLOSE,"52 ",02,P3,02,R3,,,0,0,0,0,"FUELING COMPARTMENT ACCESS-DOORのLATCH I/Bから2つ目のCONDが悪くUNLATCH時に固いのでITM STYで交換願います。
REFUEL PNL LATCH P/N = H3288-1 ITM 6個あり、RIVET P/N = CR3522-4-03 ITM 22個あり
⇒SCREW ADJでOPE NORMなので交換は、見送りました。（白坂）",田村,2,Field,99999999,2018/03/18,99999999,2018/03/18
58298,ERJ170,JA222J,ITM,,,"From JAMIS",2,CLOSE,"33 ",02,P3,02,R3,,,0,0,0,0,"RH NO.1～2 CEILING L'T OUTで、MEL33-21-00,CODE 'C'適用しC/Oしています。元はRH NO.3～4 CEILING L'TがOUTで、SW RECYCLE,BULB RESETでもSAME.前側のRH NO.1～2とSWAPで移行しましたので、BULB CHGしたところ最初は点灯しましたが、一寸触れたら点かなくなりました。接触が悪いようです。(LAMP:F040/841/XP/ECO3,HOLDER:4224-10)
⇒RE-INST OKになりました。ADD SHOCKしてもしっかり点灯していましたので、MEL CLOSEしました。(ITM 松原)",武正,2,Field,99999999,2018/03/18,99999999,2018/03/18
58297,ERJ190,JA249J,ITM,,,"From JAMIS",2,CLOSE,"25 ",02,P3,02,R3,,,0,0,0,0,"BORDING前にFWD WATER BOILER FAIL LT点灯。BLEEDしてもLONG CB RESETでも直りませんでした。C/Oしてます。在庫有(P/N:4360004-85-00-18)。PARTSはPICKSLIP済。TM14。
⇒PART交換完。C/O　CLOSED。（岡元＠ITM）",長井,2,Field,99999999,2018/03/18,99999999,2018/03/18
58296,ERJ170,JA227J,OIT,,,"From JAMIS",2,CLOSE,"23 ",02,P3,02,R3,,,0,0,0,0,"ACARS PRINTER PAPER SUPLLYお願い致します、残0EAになりました。
⇒2EA SUPPLYしました。(ITM新井)",塚原,2,Field,99999999,2018/03/18,99999999,2018/03/18
58295,ERJ190,JA244J,ITM,,,"From JAMIS",2,CLOSE,"38 ",02,P3,02,R3,,,0,0,0,0,"F2151 ARR時、CBN CREWよりWATER SYS FAULT L'T が5分間点灯しましたとINFOがありました。
GNDではDRAIN MAST HEATER C'K OK で、CBN CREW には様子を見てもらうように言っています。
⇒その後、OKでした。(KOJ 濟藤)",佐藤,2,Field,99999999,2018/03/18,99999999,2018/03/18
58294,ERJ170,JA213J,OIT,,,"From JAMIS",2,CLOSE,"34 ",02,P3,02,R3,,,0,0,0,0,"2365/2364 OIT ARR前にACARS FREE TEXT R-MCDU ""RADIO"" KEY UNUSABLEで""RADIOS TIME OUT""MSG有りがDN LINK,
R-MCDU CB RESETでBACK TO NMLです。(NO LOG IN)
⇒STAYまでOK。(ITM木戸)",塚原,2,Field,99999999,2018/03/18,99999999,2018/03/18
58293,ERJ170,JA222J,ITM,,,"From JAMIS",2,CLOSE,"34 ",02,P3,02,R3,,,0,0,0,0,"JUST INFO:COPI SIDE MCDU RADIO BUTTONが、半分陥没しています。使用OK。MCDU在庫有り。(P/N:7025725-932)
⇒OPERATIONには問題ありませんので交換していません。(ITM 松原)",武正,2,Field,99999999,2018/03/18,99999999,2018/03/18
58292,ERJ170,JA222J,AOJ,,,"From JAMIS",2,CLOSE,"23 ",02,P3,02,R3,,,0,0,0,0,"2154DEP時DOOR CLOSE後、F/O SIDEのHAEDSETの送信が出来ないとINFOあり、受信はOKでSPAREのHEADSETを使用してもSAMEとINFOありました。HAND MICはOKで、何度か抜き差しを行ったらOKになったのでITMに行くとの事。FOLLOWお願いします。
⇒CO-PI JACK PNL ASSY P/N = 170-16907-403  ITMに2個あり、HEAD SET P/N = 301317-000   ITMに2個あります。
過去の同種事例ではDAPのMASK SWを触ってONにしていた場合やMASK BOXのTEST SWが戻り切っていなかった場合がほとんどのようなのでARR CREWに確認して下さい。(3/18 LS上田)
⇒P/MでJACK PNL交換 & OPE C'K OK。(ITM 松原)",桜井,2,Field,99999999,2018/03/18,99999999,2018/03/18
58291,ERJ170,JA224J,HND,,,"From JAMIS",2,CLOSE,"45 ",02,P3,02,R3,,,0,0,0,0,"始発のPRE FLT C'KでLAN BUS FAULT拾ってました。STATUSはALL RED。RAMP PNLのTERMINATERをRMV/INSTして３分後ぐらいにALL GREENになりました。",小野,2,Field,99999999,2018/03/18,99999999,2018/03/18
58290,ERJ190,JA244J,ITM,,,"From JAMIS",2,CLOSE,"24 ",02,P3,02,R3,,,0,0,0,0,"3/15にBPTのT/SHOOTで、GCU1交換後は今のところBPTはしてないです。
本日の朝一もNMLでした。",三浦ち,2,Field,99999999,2018/03/18,99999999,2018/03/18
58289,ERJ190,JA244J,ITM,,,"From JAMIS",2,CLOSE,"27 ",02,P3,02,R3,,,0,0,0,0,"本日の立ち上げは、FCND MSGは出ませんでした。NMLです。",三浦ち,2,Field,99999999,2018/03/18,99999999,2018/03/18
58288,ERJ190,JA242J,ITM,,,"From JAMIS",2,CLOSE,"23 ",02,P3,02,R3,,,0,0,0,0,"CREW INFO: KOJ近郊でACRASのL/D & T/O DATA UP LINK出来なかったそうです。その他のDATA ATIS等はOKでした。",遠藤T,2,Field,99999999,2018/03/18,99999999,2018/03/18
58287,ERJ170,JA213J,ITM,,,"From JAMIS",2,CLOSE,"57 ",02,P3,02,R3,,,0,0,0,0,"STYにてSERでAIL TQ TUBE SUPT FTG INSPを実施。
RH FTGにCRACKを発見(親となるGND SQ CARD -001)。技検回答でBOTH SIDEをCOA57-00008ER01にてCORRせよとの事。24日までAOG。

作業(LINE主管、LINE SQ CARD使用)
親のSQ CARDからCOAのJOB CARDにとんで実施。親のSQ CARDはCOAの完了を確認してCLOSE。
途中で発生する追加のMAKE ACCESSはSQ CARDで実施。SQ CARD管理表はSHIP側にあり。
作業は大きくGEN WORKとSTR WORKに分かれるが基本的には機体係で実施。
LINEからはリーダー１名と機体の抜けた穴を埋めるべく応援にいく。

書類
・LOG,F CK SHEET,O/N申し送りSHEETはLINE控室のカバン内。
・SQ CARD,SQ CARD管理表,COA本紙,FUEL作業W/S,スケジュール表,申し送りSHEET(LINE分、ACS WORK分、STR WORK分),224の参考資料,操禁SHEET,払い出し部品,LINE側のバインダー、はSHIP側特設ボード。

18日遅番ではDEGAS & DRUM DRAINまで完了。HGR 2にTAIL INなう。
現在AIR MODE SAFETYのみ完。",木戸,2,Field,99999999,2018/03/18,99999999,2018/03/18
58286,ERJ190,JA246J,ITM,,,"From JAMIS",2,CLOSE,"34 ",02,P3,02,R3,,,0,0,0,0,"口頭INFO:続いていますALT DIFFの件、F2204でも言われました。
                     LH: 35140 FT
                     RH: 35000 FT
                   IESS: 35020 FT
だったそうです。NO MEMO.様子を見てもらっています。",武正,2,Field,99999999,2018/03/18,99999999,2018/03/18
58285,ERJ170,JA215J,GAJ,,,"From JAMIS",2,CLOSE,"56 ",02,P3,02,R3,,,0,0,0,0,"INFO:F2235 APP時 F/O SIDE DV WINDOWよりあり。SEAL COND C'K & CLEAN UPし様子を見てもらっています。
⇒その後JL2236はNORM(望月@ITM)
⇒JL2187 ITM-HNAで上記同様INFOありました、対地200-300FTにてピシ！と音がした後ピー音が聞こえるそうです。SEALと機体側C'K C'K OK　次便で様子見お願いしました。（HNA 関）
⇒JL2190は、OKでしたが、CREWにより又あがるかも知れません。（西田）",宮本,2,Field,99999999,2018/03/18,99999999,2018/03/18
58284,ERJ170,JA222J,ITM,,,"From JAMIS",2,CLOSE,"36 ",02,P3,02,R3,,,0,0,0,0,"2176最終便にて。BLEED FLUX 10-45psi@CRZ、CBN ALT RATEが±100FTでFLUX。何もせずに勝手に収まった。SERVO LINE TQ C'KはOK。NAのVLVをMANでOPEしたときにCLOSE POSIでのガタが大きい&カリカリ音がある(HPと比較して明らかに違う)ためPRECAUTIONで交換。APU BLEEDでのLEAK C'K OK。MONITOR下さい。",大山,2,Field,99999999,2018/03/18,99999999,2018/03/18
58283,ERJ190,JA251J,ITM,,,"From JAMIS",2,CLOSE,"25 ",02,P3,02,R3,,,0,0,0,0,"Jamis申し送り：PAX20Cの方が使用するTABLEを自分の方向に引っ張る時、SMOOTH OPE出来ない件
⇒TABLE RH SIDE ROD ADJしてOPE C'K OKです（ITM 3/18 杉山）",杉山,2,Field,99999999,2018/03/18,99999999,2018/03/18
58282,ERJ170,JA212J,FUK,,,"From JAMIS",2,CLOSE,"38 ",02,P3,02,R3,,,0,0,0,0,"3681/始発 AFT LAV FAUCETの水が止まらなかった。
結果的にFAUCET内のCARTRIGEをRMVしてCLEANINGしたらOKになったため
MEL APPLYせずにDEPいたしましたが、また再発の可能性があるのでそのときにはMELを
APLLYしたほうがいいかもしれません。FOLLOWお願いします。
⇒3/26 本日水が止まらない件再発。ELEMENT交換しようかと思いましたが、ADJで良くなったため様子見てます。ITM STYでELEMENT交換お願いします。(3/26林あ)
⇒4/3 ELEMENT交換。(安藤)",前田,2,Field,99999999,2018/03/18,99999999,2018/03/18
58281,ERJ190,JA241J,ITM,,,"From JAMIS",2,CLOSE,"25 ",02,P3,02,R3,,,0,0,0,0,"STYにてAFT LAV TOILET SHROUD交換しています。E190のIPCに記載がなかったため技検をあげてやっています。",遠藤,2,Field,99999999,2018/03/18,99999999,2018/03/18
58280,ERJ170,JA225J,FUK,,,"From JAMIS",2,CLOSE,"00 ",02,P3,02,R3,,,0,0,0,0,"SPARE LOG使用しました。搭載お願いします。⇒3/21 JL2050/2361で搭載完了。(岸)",秋山,2,Field,99999999,2018/03/18,99999999,2018/03/18
58279,ERJ190,JA250J,SDJ,,,"From JAMIS",2,CLOSE,"25 ",02,P3,02,R3,,,0,0,0,0,"CA INFO:FWD GLY COFFEE MAKER OVER FLOW,SENNSOR CLEANINGで様子を見て貰っています。",石川高,2,Field,99999999,2018/03/18,99999999,2018/03/18
58278,ERJ190,JA245J,ITM,,,"From JAMIS",2,CLOSE,"25 ",02,P3,02,R3,,,0,0,0,0,"CA INFO : FWD COFFEE MKRのトレイ(豆いれるやつ)の縁からBREW中にぽたぽたと漏れてくる。BREWしてみたがNML. トレイの外観もDMG無し。再発するようならAFT COFFEE MKRのトレイとSWAPしてみてと伝えてあります。
COFFEE MKR在庫有り　416-0001-9

⇒2412/2212 NO LEAKでOKでした。(白坂)
⇒その後、N/STAYまでNML SDJ@小林A",田村A,2,Field,99999999,2018/03/18,99999999,2018/03/18
58277,ERJ170,JA226J,ITM,,,"From JAMIS",2,CLOSE,"49 ",02,P3,02,R3,,,0,0,0,0,"APU EGT HIGHの件
STAYにて、確認しました。BOTH PACK ONで、470℃弱、BOTH PACK OFFで、335℃程度で安定していました。TIME ORDER VEWを確認しましたが、本日APU関連のMSGは有りませんでした。
明日、（3・19）もITM STAYの為、本日は様子を見る事にしました。NO ACTIONです。MONITORお願いします。",河内,2,Field,99999999,2018/03/18,99999999,2018/03/18
58276,ERJ190,JA243J,KIJ,,,"From JAMIS",2,CLOSE,"25 ",02,P3,02,R3,,,0,0,0,0,"JL2247でSEAT NO.26A横のSIDEWALL間のSPLINEが下にずれていました。引っ張り上げて上と下に隙間ができない程度の位置にしてあります。現状では手でも動かないようになっていますが、FLT中にまたずれるかもしれないのでCAさんにはMONITORお願いしました。
⇒STYまでNORM(望月@ITM)",岩井,2,Field,99999999,2018/03/18,99999999,2018/03/18
58275,ERJ170,JA223J,AXT,,,"From JAMIS",2,CLOSE,"52 ",02,P3,02,R3,,,0,0,0,0,"AXT ARR時 CAさんよりINFOあり CRZに入ってからR2 DOOR上部より金属が擦れるようなチリチリ音がしたそうです。DOOR OPENしてのCOND CKはOKでした。なにか細かい金属が振れているような音とのことでした。様子見にてお願いしています。
⇒今回は航行中、全てにおいてジリジリ音が発生し、発生源(DOOR上部)辺りを手で押さえたが変化なしとの事でした。DOOR TRIM PNL COND CK & DOOR SEAL COND CKして、不具合発見できず。DC4 APPLYとし、MEMO CLOSEします。(CTS/金坂）",佐々木,2,Field,99999999,2018/03/18,99999999,2018/03/18
58274,ERJ170,JA219J,TKN,,,"From JAMIS",2,CLOSE,"00 ",02,P3,02,R3,,,0,0,0,0,"CREWがR/H WINGLETのエロテープ少し剥がれているのを気にしてます。KOJ STYで時間がありましたらTRIM CUTお願いします。(CREWからJAMISにINPUT REQされてしまいました)
⇒TRIM CUT OKです。　　宇根@KOJ",松本H,2,Field,99999999,2018/03/18,99999999,2018/03/18
58273,ERJ170,JA218J,KIJ,,,"From JAMIS",2,CLOSE,"52 ",02,P3,02,R3,,,0,0,0,0,"JL2876 L2 DOORのARMING LEVERが固く、途中でガクッとなるとCAよりINFO。確かにOPEしてみると固く途中で引っ掛る。DOOR OPENしFLOORとGIRTはCOND CK OK、何度かDOOR OPEN/CLOSEした後OPE CK OK、SMOOTHになりました。",岩井,2,Field,99999999,2018/03/18,99999999,2018/03/18
58272,ERJ170,JA218J,KIJ,,,"From JAMIS",2,CLOSE,"25 ",02,P3,02,R3,,,0,0,0,0,"JL2876 FWD COFFEE MAKERのHANDLEが下げる時のみ重い。上げる時はSMOOTH。粘着のある感じで重くなります。使用には問題なく時間無きためそのまま様子を見てもらっています。STYで確認してみてください。
⇒クリーニングにてOKです。(SDJ石川高)",岩井,2,Field,99999999,2018/03/18,99999999,2018/03/18
58271,ERJ190,JA241J,AOJ,,,"From JAMIS",2,CLOSE,"25 ",02,P3,02,R3,,,0,0,0,0,"CBN CREWからFWD GLY WTR BOILERのFAIL/NO WATER LEDがついているとINFOを受けました。WTR BLEED,CCB RESETでDEPしてもらっています。BOILER CHG検討お願いします。ただし、B737 NEWSを見たところLED RESETには3分以上のCCB PULLが必要だそうです。RESET時間が足りなかったかも。よろしくお願い致します。
⇒STYで交換しました（B遠藤）",桜井,2,Field,99999999,2018/03/18,99999999,2018/03/18
58270,ERJ170,JA222J,ITM,,,"From JAMIS",2,CLOSE,"31 ",02,P3,02,R3,,,0,0,0,0,"COAにて、APM OPTIONのLOADINGしています。背景以下の通り。『AUTO LNAV機能を有効にするために新たなAPMOptionをInstallする。RNP AR Approachを実施する際の進入復行時にAUTO LNAV機能が必要となる。』",林あ,2,Field,99999999,2018/03/17,99999999,2018/03/17
58269,ERJ170,JA223J,HNA,,,"From JAMIS",2,CLOSE,"25 ",02,P3,02,R3,,,0,0,0,0,"2187/2190でSEAT 7K VOMITでBELTと床汚損でMEMO上がりました。全力CLEANINGして出してます。ITM ARRでRE C'Kお願いします。
⇒ITM STAYではOKになっていました。(小川)",長岩,2,Field,99999999,2018/03/17,99999999,2018/03/17
58268,ERJ190,JA246J,ITM,,,"From JAMIS",2,CLOSE,"52 ",02,P3,02,R3,,,0,0,0,0,"LH MAIN LDG DOOR BLADE SEAL CONDよろしくありません。ITM STAYで可能な時に交換お願いします。SEAL:190-39379-001、SCREW:PE21101-3-4TA、RETAINER:190-18461-401在庫有り。SEAL交換のみでいけそうな感じです。
⇒交換完了(3/18望月@ITM)",梅本,2,Field,99999999,2018/03/17,99999999,2018/03/17
58267,ERJ170,JA217J,FUK,,,"From JAMIS",2,CLOSE,"33 ",02,P3,02,R3,,,0,0,0,0,"O/Nにて、F/O SIDEのFLOOD L'Tが点灯せず。LAMPを確認すると黒くなっており、何をしてもSAMEの為、MEL適用しました。
⇒FLOOD L'T ASSY(P/N:15-0810-5)、LAMP(P/N:55-2652-1)在庫有。(LS 前甲) (AMOS 100392764)
⇒LAMP交換でOK。MEL CLOSED。(3/19 長井)",一川,2,Field,99999999,2018/03/17,99999999,2018/03/17
58266,ERJ190,JA246J,SDJ,,,"From JAMIS",2,CLOSE,"00 ",02,P3,02,R3,,,0,0,0,0,"F2213/STAY SPARE LOG BOOK使用しますので搭載願います。
⇒搭載完。(ITM 武正)",平野,2,Field,99999999,2018/03/17,99999999,2018/03/17
58265,ERJ170,JA217J,FUK,,,"From JAMIS",2,CLOSE,"05 ",02,P3,02,R3,,,0,0,0,0,"3608/STAYにてINFO。続いています、COCKPITのBOON音ですが本日もあったとの事です。",一川,2,Field,99999999,2018/03/17,99999999,2018/03/17
58264,ERJ170,JA217J,FUK,,,"From JAMIS",2,CLOSE,"05 ",02,P3,02,R3,,,0,0,0,0,"3608/STAY にてCLIMB中ΔP6.OあたりでCAPTAIN　SEAT 左下あたりから""ボン""という音がきこえたとの事。
3LEG共あったとの事、CAPT曰く結構びっくりしたとの事。　L FWD FUSE COND CK OKです(NO LOG UP)",一川,2,Field,99999999,2018/03/17,99999999,2018/03/17
58263,ERJ170,JA211J,SDJ,,,"From JAMIS",2,CLOSE,"72 ",02,P3,02,R3,,,0,0,0,0,"ENG VIB HIの件、その後全くNML.CREWも気にしてませんでした。CMC DATAでもMAX １.6が１回あっただけでした。一応BOTH ENG シャカシャカしておきました。",小林A,2,Field,99999999,2018/03/17,99999999,2018/03/17
58262,ERJ190,JA241J,SDJ,,,"From JAMIS",2,CLOSE,"21 ",02,P3,02,R3,,,0,0,0,0,"CA INF；CLIMB,DECでCAB TEMP CONTが難しいとの事でした。（すぐに寒くなったり、熱くなったりしてしまう）BLEED SYSはNML.
⇒その後も同様のINFOあり。CMCはNO MSG。BOTH CH PACK2 LLV & ADD HEAT VLV IBIT PASSED。（関根Ｋ@CTS）",小林A,2,Field,99999999,2018/03/17,99999999,2018/03/17
58261,ERJ170,JA222J,ITM,,,"From JAMIS",2,CLOSE,"25 ",02,P3,02,R3,,,0,0,0,0,"STYにて13K SEATBACK COVERを汚損のため、交換しています。",梅本T,2,Field,99999999,2018/03/17,99999999,2018/03/17
58260,ERJ190,JA249J,ITM,,,"From JAMIS",2,CLOSE,"52 ",02,P3,02,R3,,,0,0,0,0,"C/OのFWD SVC DOOR N2 PRESS RECK AFTER 24HOURS CK OKでした。C/O CLOSED",山北,2,Field,99999999,2018/03/17,99999999,2018/03/17
58259,ERJ170,JA212J,ITM,,,"From JAMIS",2,CLOSE,"23 ",02,P3,02,R3,,,0,0,0,0,"CDL C/OのELEV STATIC DISCH MISSINGの件は、ROD INSTしてC/O CLOSEしました。",下川M,2,Field,99999999,2018/03/17,99999999,2018/03/17
58258,ERJ190,JA249J,ITM,,,"From JAMIS",2,CLOSE,"32 ",02,P3,02,R3,,,0,0,0,0,"CSZ REQ JOBによりRH MLG BOTH TIRE ﾐｼｭﾗﾝからﾌﾞﾘｼﾞに換装しました。",山北,2,Field,99999999,2018/03/17,99999999,2018/03/17
58257,ERJ190,JA250J,ITM,,,"From JAMIS",2,CLOSE,"36 ",02,P3,02,R3,,,0,0,0,0,"PMにてRH HPSOV交換しました。HPSOV上流、下流＆C'K　VLVの3か所にアルミホイルをSAFETY WIRE 6本にてINSTALLしてます。OPE C'K & LEAK C'K後REMOVEお願いします。
SQ CARADはREPLACEの所までAMOS登録済み。作業完了後SQ CARD,LOG&AMOS処理宜しくお願いします。
⇒LEAK CK OK完了ONDA",石井,2,Field,99999999,2018/03/17,99999999,2018/03/17
58256,ERJ190,JA243J,ITM,,,"From JAMIS",2,CLOSE,"52 ",02,P3,02,R3,,,0,0,0,0,"R2 DOOR PNEU PRESS LOWの為、SVC実施。24Hr後のPRESS RE-C'KをC/Oとしています。
⇒PRESS REPEAT CK OK,SO C/O SQ CLOSED(3/18望月@ITM)",仙波,2,Field,99999999,2018/03/17,99999999,2018/03/17
58255,ERJ190,JA248J,SDJ,,,"From JAMIS",2,CLOSE,"32 ",02,P3,02,R3,,,0,0,0,0,"SDJ APP時AUTO BRAKE DISENGAGE,CNC,C’K NO FAULT CORRELATE,引き続き様子を見て貰っています。
⇒STYまでNML(安田)",小林A,2,Field,99999999,2018/03/17,99999999,2018/03/17
58254,ERJ190,JA243J,ITM,,,"From JAMIS",2,CLOSE,"49 ",02,P3,02,R3,,,0,0,0,0,"先日のAPU EGT AMBERの件で、ANTI SURGE VLVのFUNCTION C'K実施しました。結果としては現状OKですのでNO ACTIONです。
NO LOAD (ELEC & ECS) ANTI SURGE VLV ENERGIZE ⇒ 328℃
NO LOAD (ELEC & ECS) ANTI SURGE VLV DE-ENERGIZE ⇒ 398℃",仙波,2,Field,99999999,2018/03/17,99999999,2018/03/17
58253,ERJ190,JA243J,FUK,,,"From JAMIS",2,CLOSE,"29 ",02,P3,02,R3,,,0,0,0,0,"JL3621始発　昨日HYD LEAKでR/H BODY FAIRING後方AREA　CLEANING実施していますが、少し汚れ残っています。
また、COMP'Tから古いHYD出てくるかもしれないので再度CLEANING必要になるかも知れませんのでMONITORお願いします。（FUK佐藤）
⇒3621 ARRでBODY FAIRING後方AREA　CLEANING実施しました。引き続きMONITORお願いします。（KMI佐藤貴）
⇒3622 CLEAN COND OK, HYD QTY も 58% で落ち着いている様です。FUK 宗像
⇒ITM STYでも確認しましたが、特にPANELの汚れ等ありませんでした。HYD QTYはPRESSURIZE状態で52%でした。（ITM 仙波）",佐藤,2,Field,99999999,2018/03/17,99999999,2018/03/17
58252,ERJ170,JA215J,"LS ",,,"From JAMIS",2,CLOSE,"52 ",02,P3,02,R3,,,0,0,0,0,"COCKPIT DOOR ELEC MECH LATCH P/N:AS-200-00075在庫有り

JL2176 BOARDING直前にCOCK PIT DOORがLOCK出来ないと言われました。CKしてみるとELEC LATCHのSOLENOID作動はNORMALですが、LOCKするLATCH部分のSPRINGが折れているのか動きが悪いようで、DOORを閉めて指でLATCHをCLOSE方向に動かすとLOCKできました。この状態でのFLTをCAPT了承取れましたのでDEPさせます。ITMでELEC LATCH交換お願いします。(AXT山崎）
⇒COCKPIT DOOR ELEC MECHANICAL LATCH交換しました。（石丸）",安藤,1,Fleet,99999999,2018/03/17,99999999,2018/03/17
58251,ERJ170,JA211J,CTS,,,"From JAMIS",2,CLOSE,"33 ",02,P3,02,R3,,,0,0,0,0,"L/H FWD MAIN NAV L'T OUTで、MEL33-43-00適用しました。(AMOS:100392641)

⇒3/10にCONNECT PIN CLEAN & BULB CHGされていますのでASSY CHGお願いします。（LT ASSY:31-8788-1 在庫有）
→SDJ ARR後C'Kし、まったくNMLでしたが、念のためSTILL C/Oとしてます。SDJ@小林A",高橋,2,Field,99999999,2018/03/17,99999999,2018/03/17
58250,ERJ190,JA251J,ITM,,,"From JAMIS",2,CLOSE,"38 ",02,P3,02,R3,,,0,0,0,0,"始発はWATER SEPARATOR CK OKでした。残留ブツは出ていません。",西垣,2,Field,99999999,2018/03/17,99999999,2018/03/17
58249,ERJ170,JA225J,FUK,,,"From JAMIS",2,CLOSE,"44 ",02,P3,02,R3,,,0,0,0,0,"朝一のCREW CBN INTERPHONE C'Kで、CAPT SIDEのみCBN/EMER INPH 共につながらなかったそうです(CO-PI SIDEはOK)。DAP CCB RECYCLEしてOKになっています。",水野,2,Field,99999999,2018/03/17,99999999,2018/03/17
58248,ERJ190,JA244J,ITM,,,"From JAMIS",2,CLOSE,"27 ",02,P3,02,R3,,,0,0,0,0,"始発立ち上げ時、FLT CONT TEST IN PROG MSG DISAPPEARED直後（ELEC P-BIT)、FLT CONT NO DISP MSG APPEARED。
CMC NO MEMORY。ALL PWR RESETするもSAME COND。
よって、RTS TEST実施。MSG DISAPPEARED / HYD P-BIT PASS。
履歴はなし。様子見て下さい（ITM 杉山）
⇒その後NORM。　TOV見ましたが怪しいものは無し。STYで一度PWR DNして立ち上げ、ELEC/HYD P-BIT NORMを確認しました。(吉田と)",杉山,2,Field,99999999,2018/03/17,99999999,2018/03/17
58247,ERJ170,JA225J,ASJ,,,"From JAMIS",2,CLOSE,"25 ",02,P3,02,R3,,,0,0,0,0,"CBN MEMO: CRZ 中 AFT GLY 床下よりCOFFEE LEAK あり. OVER FLOWもこぼしてもないとの事。
現在COFFEE MAKER NO LEAK. OPE C'K OK. WATER FILTER COMPT に大量のCOFFEEが溜まっていました。
過去にOVER FLOW したCOFFEEが残っていたものと思われます。CLEAN UP し OKとしました。",西谷,2,Field,99999999,2018/03/17,99999999,2018/03/17
58246,ERJ190,JA251J,FUK,,,"From JAMIS",2,CLOSE,"25 ",02,P3,02,R3,,,0,0,0,0,"F2051 ARV時 CREW/ CA INFO
PAX20Cの方が使用するTABLEを自分の方向に引っ張る時、SMOOOTH OPE出来ないとの事。
他のTABLEと比較したところ、確かにFULL STOW 状態からPULLする時は固い状況でした。
掴む場所を変えるとそれ程力を入れる必要が無いので、LUBを実施し、使用時にはCAさんのサポート願いますと伝えCAP＆CA了解でDEPしています。
（EMER DOOR AREAですが、STOWにする時は引っかかり等ない状況）
ITM MAINT CHANCE時必要によりCORR願います。
⇒TABLE RH SIDE ROD ADJしてOPE C'K OKです（ITM 3/18 杉山）",宗像,2,Field,99999999,2018/03/17,99999999,2018/03/17
58245,ERJ190,JA241J,SDJ,,,"From JAMIS",2,CLOSE,"25 ",02,P3,02,R3,,,0,0,0,0,"AFT LAV TOILET SHUROUD、便座との当たり面のCONDがNGです。
MNT CHANCEでCORR願います。
⇒SHOROUD P/N:170-43903-403 在庫有（LS小島）",伊藤,2,Field,99999999,2018/03/17,99999999,2018/03/17
58244,ERJ170,JA221J,ITM,,,"From JAMIS",2,CLOSE,"25 ",02,P3,02,R3,,,0,0,0,0,"申し送りのL2 ATT SEAT SHOULDER HARNESSは交換しました。",藤原,2,Field,99999999,2018/03/17,99999999,2018/03/17
58243,ERJ170,JA221J,ITM,,,"From JAMIS",2,CLOSE,"25 ",02,P3,02,R3,,,0,0,0,0,"COAでSTRETCHER FIT C'KでINSPECTORから合格をいただいています。",藤原,2,Field,99999999,2018/03/17,99999999,2018/03/17
58242,ERJ190,JA247J,ITM,,,"From JAMIS",2,CLOSE,"25 ",02,P3,02,R3,,,0,0,0,0,"2124/2157 CAP SIDE SUNVISORのLOCKが緩いとの事でNOTEあがりました。若干緩いものの、OPE C'K OKでLOG CLOSEしました。STYにてADJお願いします。
⇒ADJ OK。LOCK部分のADJは7/64""のアーレンで可能。ITMでは3FINにしかなさそうです。たぶん。(ITM林あ)",下川M,2,Field,99999999,2018/03/17,99999999,2018/03/17
58241,ERJ190,JA247J,ITM,,,"From JAMIS",2,CLOSE,"35 ",02,P3,02,R3,,,0,0,0,0,"2124/2157 CAP SIDE O2 MASK FRONT SCREENが白く濁っているとNOTEあがりました。おしぼりで拭くも変わらず。まったく見えない程ではないのでOKとしています。O2 MASK ASSY(P/N:174692-94)在庫あり。
⇒激落ち君&IPAでCLEANING実施。(ITM林あ)",下川M,2,Field,99999999,2018/03/17,99999999,2018/03/17
58240,ERJ190,JA242J,SDJ,,,"From JAMIS",2,CLOSE,"27 ",02,P3,02,R3,,,0,0,0,0,"Ｆ2210　ENG START後　""FLT CONT NO DISPATCH"" ""SPOILER FAULT"" MSG APPEARED。FLT CONT MODE SWを3つすべて一度RECYCLEして頂いて、MSG DISAPPERED。BACK TO NORMALでDEPしました。（INTERPHONEは、はじめグラハンさんがやっていたので、事前にHYD P-BITをしておく運用はしてませんでした。）
⇒ENG START後にBREAK PWRして、MSGが数個APPEARし、残ったMSGが上記のものだったそうです。(LS 前甲)",平野,2,Field,99999999,2018/03/17,99999999,2018/03/17
58239,ERJ170,JA211J,CTS,,,"From JAMIS",2,CLOSE,"00 ",02,P3,02,R3,,,0,0,0,0,"ITM帰阪時に必要によりINOP PLACARD搭載お願い致します。現在3枚ほどのってますが矢印無しです。
⇒INOP PLACARD　一枚搭載しました。あと一、二枚搭載お願い致します。(大森)
⇒搭載完(3/21 ITM 廣中)",滝,2,Field,99999999,2018/03/17,99999999,2018/03/17
58238,ERJ170,JA224J,ITM,,,"From JAMIS",2,CLOSE,"33 ",02,P3,02,R3,,,0,0,0,0,"朝一、LH WFD MAIN NAV LT OUTでMEL 適用しています。MEL:33-43-00。
1/4にBULB交換履歴有り。BULB:LP64621 在庫有、 LT ASSY:31-8788-1 在庫有
⇒BULB CHG.MEL CLOSE(KMI中重）

⇒ BULB:LP64621　SPARE使用しましたので補充お願いします。
⇒搭載完了(3/21)",村上,2,Field,99999999,2018/03/17,99999999,2018/03/17
58237,ERJ170,JA224J,HND,,,"From JAMIS",2,CLOSE,"45 ",02,P3,02,R3,,,0,0,0,0,"始発のPRE FLT C'KでLAN BUS FAULT拾ってました。STSはALL RED。RAMP PNLのTERMINATERをRMV/INSTしてから３分ぐらい経過したらALL GREENになりました。",小野,2,Field,99999999,2018/03/16,99999999,2018/03/16
58236,ERJ170,JA220J,ITM,,,"From JAMIS",2,CLOSE,"33 ",02,P3,02,R3,,,0,0,0,0,"CBN WIFI SW LTのBULBがOUTでした。時間がなかったのでAMMB 18章C/Oとしました。(BULB P/N:85)
AMOS:100392447
⇒HNDにてBULB交換してC/O CLOSED。（LS小島）",村上,2,Field,99999999,2018/03/16,99999999,2018/03/16
58235,ERJ190,JA251J,FUK,,,"From JAMIS",2,CLOSE,"24 ",02,P3,02,R3,,,0,0,0,0,"F2057 CRZ中”SPDA FAIL""ADV MSG APPEAR。FAULT NAME:SPDA1 LRM12 FAULT.FAULT CODE 24610004SP1.
ALL PWR RESETでBACK TO NMLとなりました。AMOS W/O:100392605
⇒その後OK",谷邨,2,Field,99999999,2018/03/16,99999999,2018/03/16
58234,ERJ170,JA219J,ITM,,,"From JAMIS",2,CLOSE,"00 ",02,P3,02,R3,,,0,0,0,0,"レ点申し送りの”SECURITY SEAL”補充しました。レ点消します。(松原)",松原,2,Field,99999999,2018/03/16,99999999,2018/03/16
58233,ERJ170,JA225J,ITM,,,"From JAMIS",2,CLOSE,"36 ",02,P3,02,R3,,,0,0,0,0,"A-HEAD PROで拾ってたBLEED2 FAIL の件　乗員はNMLと言ってました。
蛇が出そうなので、詳しい内容は聞いてません。

CPC-には ACTIVEは、何も無し。PRESNT LEGにはR BLEED SLAT SAPLY TEMP (MISCOMP)[C1] 36146224AM1 & R BLEED SLAT SAPLY TEMP (MISCOMP)[C2] 36146224AM2 拾ってました。",稲村,2,Field,99999999,2018/03/16,99999999,2018/03/16
58232,ERJ170,JA215J,ITM,,,"From JAMIS",2,CLOSE,"56 ",02,P3,02,R3,,,0,0,0,0,"早番でHANDLE MECHA INST、PRESSSURE SEAL穴あけ、DV WINDOW ADJ ＆ INST完了。遅番にはWINDOW SEALのLEAK C'Kが残ります。

⇒CBN PRESS LEAK CK OKです。PR1425B1/2のCURE待ちで本日19:00にFLT可となります。
なお、RTV157のCUREは3DAYSですが、MANUFACTURE DATA SHEETによりAPPLYから12-24時間で強度は十分にあるとの記載があるため、こっちのCUREは完全に待たなくてOKと、SEと話しています。(林あ)",瀧崎,2,Field,99999999,2018/03/16,99999999,2018/03/16
58231,ERJ190,JA244J,ITM,,,"From JAMIS",2,CLOSE,"49 ",02,P3,02,R3,,,0,0,0,0,"""APU START EGT HIGH"" 背風の影響か一瞬AMBER表示になったそうです（FL2432のみPEAKは分からなかったそうです。）。
CMC ATAで40MEMORY 昨日も数回拾っていました。HIGH傾向ではあるみたいです。
CREWには様子見で行ってもらいました。
⇒2208/2377便間では468℃でした（ITM赤坂）",稲村,2,Field,99999999,2018/03/16,99999999,2018/03/16
58230,ERJ190,JA246J,"LS ",,,"From JAMIS",2,CLOSE,"35 ",02,P3,02,R3,,,0,0,0,0,"JL2400APPでMFDのCREW O2 PRESSが一時的に下がってLO PRESS MSGも出たそうです。10SEC程度でNMLに。GNDでもOKだったのでJUST INFOとの事で次便DEPしていきました。
⇒ITM ARRで確認したところ現在は1910PSIでした。CMCは何も拾っていませんでした。次便モニター依頼しました。(ITM 松原)
⇒STYでは1890 PSIでした。（HND加藤）",金澤,1,Fleet,99999999,2018/03/16,99999999,2018/03/16
58229,ERJ190,JA248J,SHM,,,"From JAMIS",2,CLOSE,"27 ",02,P3,02,R3,,,0,0,0,0,"SPOT IN時SLATが上がりきっておらず、SLAT FAIL MSG APPEARしていました。
CREWいわくENG S/D時にMSG APPEARしたそうで、もしかしたらSLATが上がりきる前にENG切っちゃったかもとのことでした。
CLEAR INHIBITの後、1CYC OPEしてMSG出ないこと確認しそのままDEPしてもらいます。
FAULT CODE:27830001ACE",百谷,2,Field,99999999,2018/03/16,99999999,2018/03/16
58228,ERJ190,JA249J,KIJ,,,"From JAMIS",2,CLOSE,"52 ",02,P3,02,R3,,,0,0,0,0,"JL2241 ITM-KIJ T/O～CLBにかけてL1 DOORに向かって後下のコーナーあたりからシュー音がする。
AREA COND C'KはOK.DOOR SIDE RUBBER CLEANINGで絨毯のカス付着ありました。MON依頼しています。 （CBN MEMO CLOSED）
⇒その後OKでした。(梅本)

搭載されている未記入CBN MEMO すべてCOND悪いです。ITMにて差し替えお願いします。
⇒差し替えました(梅本)",荒井T,2,Field,99999999,2018/03/16,99999999,2018/03/16
58227,ERJ170,JA225J,ITM,,,"From JAMIS",2,CLOSE,"28 ",02,P3,02,R3,,,0,0,0,0,"朝一BATT SW ONでRH FUEL TANK OTY INDが""----""。APU RUNしてFULL PWR入れても変わらず。他のFDEは無し。
ACTIVE MAINT MSGで""FCU PROCESSOR FAULT:28411011PF1""を筆頭にLOW LEVEL L/WRG FAULT,PROBE系WRG/FAULT等がACTIVE。
⇒CCB""FUEL QTY 2(RHCBP G30)""RESETでBACK TO NORMAL。HISTRICAL BY ATAでは過去の履歴なし。FCU在庫なし。",木戸,2,Field,99999999,2018/03/16,99999999,2018/03/16
58226,ERJ190,JA242J,ITM,,,"From JAMIS",2,CLOSE,"31 ",02,P3,02,R3,,,0,0,0,0,"ENG START時、BPTしAVNX MAU 1B FAIL CAS MSG APPEAREし、その後MSG DISAPPEARE. CCD2 STUCK、R/A IND FLUX等は無かったようです。KOJ ARRでNOTE UPするとの事です。宜しくお願いします。
⇒NOTE処理完了。
⇒STYまでNMLでした。TOVでは特に何も無しでした。GCU:1701321E 現在在庫無しです。（赤坂）",三上,2,Field,99999999,2018/03/16,99999999,2018/03/16
58225,ERJ190,JA243J,FUK,,,"From JAMIS",2,CLOSE,"29 ",02,P3,02,R3,,,0,0,0,0,"JL3530 ARV時 R/H BODY AREA WET COND ,CHK RESULT ARV時 NO2 HYD QTY 36% ＆  NO2 ACMP PRESS LINE のPUMP側 UNION SIDEからRUNNING LEAK , DISCONECT し O RING COND CHK の結果 O RING HEVY WORN 有（FUK KLA 宗像）。
⇒#2 HYD QTYは現在36%の為、SVCも必要。FUKにHYD PUMP、FLUID、O-RING無き為、HYD PUMPとHYD FLUID(HI JET ⅣA PLUS)は2061便でCO-MAT、O-RING、UNIONは託送します。(LS 前甲)
⇒0-RING & FITTINGを交換、SYS2 RESERVOIR LEVEL ADJUSTし、LEAK CK OK、またFILTERのPOP OUT INDもCK OKで、SQ FIXです。
HEAVY WORNのO-RINGとFITTINGは HYD SVC PUMPに添付してITMに返送しますので引き取り願います。(FUK 安達)",宗像,2,Field,99999999,2018/03/16,99999999,2018/03/16
58224,ERJ190,JA251J,ITM,,,"From JAMIS",2,CLOSE,"38 ",02,P3,02,R3,,,0,0,0,0,"WASTE WATERがしっかり分離できていない件でLAV WASTE WATER SEPARATOR交換しました。明日以降MONITORしてください。最初はDUCT内に残留しているブツが多少出てくるかもしれません。",山北,2,Field,99999999,2018/03/16,99999999,2018/03/16
58223,ERJ170,JA218J,FUK,,,"From JAMIS",2,CLOSE,"25 ",02,P3,02,R3,,,0,0,0,0,"JL2050始発　OBS O2 PRESS LOW (1660PSI)でMEL 25-11-02適用しました。AMOS 100392448
OBS SEATにPLACARD貼ってあります。よろしくお願いします。（FUK佐藤）
⇒O2 SVCにてMEL CLS完了 (ITM岡元相)",佐藤,2,Field,99999999,2018/03/16,99999999,2018/03/16
58222,ERJ170,JA220J,"   ",,,"From JAMIS",2,CLOSE,"00 ",02,P3,02,R3,,,0,0,0,0,"JUST INFO;HND O/NにてEX CLNG実施",,2,Field,99999999,2018/03/16,99999999,2018/03/16
58221,ERJ170,JA222J,CTS,,,"From JAMIS",2,CLOSE,"25 ",02,P3,02,R3,,,0,0,0,0,"SEAT NO.14K PAX USE SEAT POCKET SPRING (L/H) CUT.
TAPEにてPROTECTIONしAMMB18-00にてC/Oしています。W/O NO.100392606
⇒STYでSPRING交換実施しました。C/O CLOSED。（CTS大森）",大森,2,Field,99999999,2018/03/16,99999999,2018/03/16
58220,ERJ170,JA218J,ITM,,,"From JAMIS",2,CLOSE,"34 ",02,P3,02,R3,,,0,0,0,0,"(C/O)#2 GPS INOP.
⇒GPS MOD交換してOPE C'K OKでMEL CLOSEしました。",榎本,2,Field,99999999,2018/03/16,99999999,2018/03/16
58219,ERJ170,JA211J,CTS,,,"From JAMIS",2,CLOSE,"71 ",02,P3,02,R3,,,0,0,0,0,"RH ENG N1 VIB高めの傾向にあるとのことで、FAN BLADEガシャガシャしました。特に渋いBLADEはありませんでした。3/11にFAN LUB実施済みです。
⇒3/20にFAN TRIM BALANCE予定されています。(LS 前甲)",関根Ｋ,2,Field,99999999,2018/03/16,99999999,2018/03/16
58218,ERJ170,JA219J,"LS ",,,"From JAMIS",2,CLOSE,"49 ",02,P3,02,R3,,,0,0,0,0,"APU ABNORMAL SOUNDにてAPU ASS'Y 交換。（岸）
FINDINGとしては
①FADEC CHG⇒SAME（ORIGINAL BACK）
②BSI⇒DIFUZER DMG & IMPELLER DAMAGEありでした。",安藤,1,Fleet,99999999,2018/03/16,99999999,2018/03/16
58217,ERJ170,JA216J,"LS ",,,"From JAMIS",2,CLOSE,"49 ",02,P3,02,R3,,,0,0,0,0,"APU HARNESS ASS'Y P/N;170-06453-401(W314 HARNESS)を219Jに流用しました.
⇒ORDER済み（LS前甲）",安藤,1,Fleet,99999999,2018/03/16,99999999,2018/03/16
58216,ERJ170,JA216J,"LS ",,,"From JAMIS",2,CLOSE,"27 ",02,P3,02,R3,,,0,0,0,0,"3/17 S勤でPITCH DISCONNECT DEVICE（P/N:170-24298-407)を218Jに流用しました。
⇒COLUMN DISCONN DEVICE(P/N:170-24298-407)ORDER済み（LS前甲）",安藤,1,Fleet,99999999,2018/03/16,99999999,2018/03/16
58215,ERJ190,JA249J,ITM,,,"From JAMIS",2,CLOSE,"52 ",02,P3,02,R3,,,0,0,0,0,"FWD SVC DOOR PNEUMATIC ASSY PRESS LOWでした。結構減っていたのでDIAPHRAGM交換しました。SUPPLY PRESS 2200psi、6℃、22:00に実施しています。24時間後のPRESS RE-C'KがありますのでC/Oしています。
⇒CK OK C/O CLOSED 3/17山北",梅本,2,Field,99999999,2018/03/16,99999999,2018/03/16
58214,ERJ170,JA218J,ITM,,,"From JAMIS",2,CLOSE,"27 ",02,P3,02,R3,,,0,0,0,0,"NOTE:最終LEGでB/OUT後""AP FAIL"" & ""PITCH CONT DISC"" MSGが数秒出て消えたとのこと。
その時のCMCはCORRERATEなし。
STYでALL PWR RESET後""PITCH CONT DISC""MSG再発 & PITCH CONTROL DISC FAULT MMSG27030348FCS ACTIVE。
在庫ないので216JからPITCH DISCONNECT DEVICE 流用して交換実施。OPE C'KでMSG CLEAR。",榎本,2,Field,99999999,2018/03/16,99999999,2018/03/16
58213,ERJ190,JA250J,ITM,,,"From JAMIS",2,CLOSE,"36 ",02,P3,02,R3,,,0,0,0,0,"STY:JL2158最終便でICE CONDITION MSG APPEAR後、BLEED 2 FAIL MSGが出たとNOTE UPありました。FAULT NAME:RH HPSOV(CLOSED)[C1]/WRG[AI],FAULT CODE:36112105AM1をMEMORYしてました。本日はBOTH CH TQ MOTOR IBIT PASSでOKとしています。
⇒MNT MSGの履歴ある為、明日のSTYでHPSOV交換予定。3/18朝一で防音壁、予約済みです。(LS 前甲)
⇒PMにてRH HPSOV交換しました。（3/17石井）",安池,2,Field,99999999,2018/03/16,99999999,2018/03/16
58212,ERJ190,JA249J,ITM,,,"From JAMIS",2,CLOSE,"72 ",02,P3,02,R3,,,0,0,0,0,"LH ENG NO8 FAN BLADE LEADING EDGEにNICK DAMAGEあり。WITHIN LIMITのためWHITE MARK実施してOKとしています。",梅本,2,Field,99999999,2018/03/16,99999999,2018/03/16
58211,ERJ190,JA249J,KIJ,,,"From JAMIS",2,CLOSE,"52 ",02,P3,02,R3,,,0,0,0,0,"搭載されている未記入CBN MEMO すべてCOND悪いです。ITMにて差し替えお願いします。
⇒差し替えました(梅本)",荒井T,2,Field,99999999,2018/03/16,99999999,2018/03/16
58210,ERJ170,JA218J,FUK,,,"From JAMIS",2,CLOSE,"35 ",02,P3,02,R3,,,0,0,0,0,"始発時のCREW O2 PRESS 1710 PSI。
⇒明日はITMに来るように調整中。(LS 前甲)
⇒F3595 DEP前で残1690PSIでした。F3596 FUK ARVでRE-CHKします。(FUK水の)
⇒ご依頼の件。F3595 残1690PSIでした。MYJ＠かみや
⇒F3596 ARV CHKでも1690PSI。今日1日持ちそうです。(FUK水の)
⇒F3635/3638でCREW CHG、現在OBS SEAT使用中です。KMI DEP時、1680PSIでした。(KMI 奥村)
⇒STAYで1680PSAI(FUK 一川)
⇒3/16日　2050ARRでO2 supply予定　L/S川﨑",谷邨,2,Field,99999999,2018/03/15,99999999,2018/03/15
58209,ERJ170,JA221J,ASJ,,,"From JAMIS",2,CLOSE,"22 ",02,P3,02,R3,,,0,0,0,0,"ASJ DESCENT中一度AT外れたとINFOあり。昨日も乗ったCREWによるとAPのSRCがCO-PI側の場合のみに発生するとのことでした。JUST INFO。",石川義,2,Field,99999999,2018/03/15,99999999,2018/03/15
58208,ERJ190,JA252J,SDJ,,,"From JAMIS",2,CLOSE,"05 ",02,P3,02,R3,,,0,0,0,0,"F3531/3530　LDG ROLLでBIRD STRIKE。BIRD STRIKE INSP AMM05-50-02/600でNOSE RADOME UPPER AREAに小さい鳥があたってましたがNO DAMAGE。CLEANED UP OK。OK FOR SVC。",平野,2,Field,99999999,2018/03/15,99999999,2018/03/15
58207,ERJ170,JA226J,GAJ,,,"From JAMIS",2,CLOSE,"49 ",02,P3,02,R3,,,0,0,0,0,"INFO:F175 ARR時APU EGT HI,BOTH PACK ON 602℃、BOTH PACK OFF 410℃でした。PACK RECYCLEしその後、445℃で安定していました。
⇒2234/2163 EGT625℃(OAT20℃)と高めでした（ITM赤坂）
⇒2237/2238 EGT618℃でした。PACK、BLEED RECYCLEしましたが状況変わらずです。(GAJ河村)
⇒2443　ARR時、EGT618℃でした。FAULT CODE：49105425APUで以前と同じです。PACK,BLD RECYCLEしましたが状況変わらずです。
L/H PACK OFF：502℃、R/H PACK OFF：548℃、APU BLD OFF：415℃　です。
16日朝START時、EGT 確認申し送っています。(KMI：奥村）",宮本,2,Field,99999999,2018/03/15,99999999,2018/03/15
58206,ERJ170,JA227J,ASJ,,,"From JAMIS",2,CLOSE,"25 ",02,P3,02,R3,,,0,0,0,0,"ITMにて時間あるときに3Cのお客様が使用するSEAT POCKET SPRING LH側交換願います。NO CBN MEMO。P/N:41031380-2
⇒交換してOKです。(3/18 松原)",石川義,2,Field,99999999,2018/03/15,99999999,2018/03/15
58204,ERJ170,JA212J,GAJ,,,"From JAMIS",2,CLOSE,"23 ",02,P3,02,R3,,,0,0,0,0,"F2233 ARR時R/H ELEV MOST INB'D STATIC DISCHARGER MISSING,BASEは残っているようです。その他のPosiはOK。　
CDL23-61-00を適用しCORR C/Oしています。
⇒HNDでBASEを確認して頂いたところ、BASEはそのまま使用出来そうです。STATIC DISC(P/N:2-31SCY)、BASE(P/N:2-369)在庫有。(LS 前甲)
⇒ITMにてSQ UP済み(3/16木戸)
⇒ROD INSTしてC/O SQ CLOSED.(3/17 下川M)",宮本,2,Field,99999999,2018/03/15,99999999,2018/03/15
58203,ERJ170,JA227J,FUK,,,"From JAMIS",2,CLOSE,"23 ",02,P3,02,R3,,,0,0,0,0,"FUK 1ST DEP前のON-GNDでも、ACARS NO-RESPONSEでした。今日朝の全国でのTRBLEなのか、履歴にも残ってるSHIP SQなのかは不明ですが、FLT中の再発時にはVHF3 VOICE MODEで使えるかを依頼してあります。WATCHお願いします。
⇒ASJ ARR時はNMLでした。全国的にACARS調子悪かったようです。ちなみにASJ ARR SAABもACARS不具合あったそうです。(石川義/ASJ)
⇒STYではNO INFO,ACARSはNMLでした。　(宇根/KOJ)",水野,2,Field,99999999,2018/03/15,99999999,2018/03/15
58202,ERJ170,JA213J,ITM,,,"From JAMIS",2,CLOSE,"31 ",02,P3,02,R3,,,0,0,0,0,"朝の立ち上げで、""CMS FAULT"" MSG APPEAR。ALL PWR RESETもSAME。NIC PROC4のFAULTを拾っているのでRESET TESTでMSG DISAPPEAR。
⇒直近では履歴無し。PROC4も2015年12月以降は交換歴なし。(LS 前甲)",小川,2,Field,99999999,2018/03/15,99999999,2018/03/15
58201,ERJ170,JA220J,ITM,,,"From JAMIS",2,CLOSE,"20 ",02,P3,02,R3,,,0,0,0,0,"L/H LDG UPPER DOOR AFT側のBONDING WIREの件。便間で交換試みたがACCESSが厳しいので交換完了できませんでした。時間の許す限り進めたのでSTYで交換お願いします。
⇒交換しました。",山北,2,Field,99999999,2018/03/15,99999999,2018/03/15
58200,ERJ170,JA219J,AOJ,,,"From JAMIS",2,CLOSE,"49 ",02,P3,02,R3,,,0,0,0,0,"BOTH PACK OFF状態で、APUがSURGEする為、APU INOPにしてMEL適用。CB 3つをLOCKOUTしています。
⇒SURGEの履歴あるSHIPです。これまでにANTI SURGE VLVは3回交換しています。APU ASSY、APU GEN、GASKET、NUT在庫あり。(LS 前甲)",植田,2,Field,99999999,2018/03/15,99999999,2018/03/15
58199,ERJ170,JA224J,KMI,,,"From JAMIS",2,CLOSE,"45 ",02,P3,02,R3,,,0,0,0,0,"朝の立ち上げにて、LAN BUS FAULT再発でした。今朝のJAL側ACARS不具合を知らなかったのでACARSも途中から受信できずPROC6 RESETしたりいろいろ行い時間が経過した為NORMALに戻りました。",森村,2,Field,99999999,2018/03/15,99999999,2018/03/15
58198,ERJ190,JA241J,ITM,,,"From JAMIS",2,CLOSE,"33 ",02,P3,02,R3,,,0,0,0,0,"C/OのNOSE TAXI LTはWIRE REPAIRしてC/O SQ CLOSE。",下川Ｄ,2,Field,99999999,2018/03/15,99999999,2018/03/15
58197,ERJ170,JA215J,ITM,,,"From JAMIS",2,CLOSE,"56 ",02,P3,02,R3,,,0,0,0,0,"LH DV WINDOWのAIR LEAK。
早番から、DV WINDOW RMV実施。全面SEALANTやり直すため、ばらし実施。すべてRMV完了。CLEANING実施中。
遅番はCLEANING途中から作業お願いします。
⇒遅番にて以下の作業実施。
①ALL PARTS CLNG & INSP 完了。
②DV WINDOWの窓単体の交換完了。
③DV WINDOWのPRESS SEAL INST完了。明日はHANDLE MECHA INST、必要によりADJ、DV WINDOW ASSY INSTALLからです。(新井)
⇒3/16早番でHANDLE MECHA INST、PRESSSURE SEAL穴あけ、DV WINDOW ADJ ＆ INST完了。遅番にWINDOW SEAL LEAK C'Kが残ります。(瀧崎)",林あ,2,Field,99999999,2018/03/15,99999999,2018/03/15
58196,ERJ170,JA214J,ITM,,,"From JAMIS",2,CLOSE,"52 ",02,P3,02,R3,,,0,0,0,0,"JL2176 ARR CAさんより口頭INFO.上昇中 L2 DOOR UPPRから若干、水滴が垂れてきたとの事。AXTは雨だったそうです。DOOR SEAL 及び、DOOR 合わせ面が濡れていました。COND' C'K OK & CLEANING 実施。あえてSILICON GREASEは塗布していません。様子見願います。",武正,2,Field,99999999,2018/03/15,99999999,2018/03/15
58195,ERJ170,JA224J,FUK,,,"From JAMIS",2,CLOSE,"25 ",02,P3,02,R3,,,0,0,0,0,"3634/3587便にて、BOADING中にCABIN CREWよりSIDE WALL PNLが外れたとINFOがありました。
CABIN CLEANING時はNMLだったので出発便の1Aのお客さまがSIDE WALLに寄りかかってと思われますが、1番前と2番目のPNLの境目が互い違いの状態になって外れている状態でした。BOADING中に何とかRESETしてOKでした。",塩田,2,Field,99999999,2018/03/15,99999999,2018/03/15
58194,ERJ190,JA249J,KIJ,,,"From JAMIS",2,CLOSE,"25 ",02,P3,02,R3,,,0,0,0,0,"JL2251 AFT GALLEY WATERBILER FAUCETの付け根からWATER DROP、若干緩んでる感じでした。TOOL無きため手でめいっぱい締めました。ITMで再度確認願います。
⇒緩んでいたので増し締めしました。山北",岩井,2,Field,99999999,2018/03/15,99999999,2018/03/15
58193,ERJ170,JA222J,KIJ,,,"From JAMIS",2,CLOSE,"25 ",02,P3,02,R3,,,0,0,0,0,"JL2876でAFTのCOFFEE MAKER OVERFLOW、SENSOR CLEANINGしてOKです。
⇒その後STAYまでNML SDJ@小林",岩井,2,Field,99999999,2018/03/15,99999999,2018/03/15
58192,ERJ170,JA217J,FUK,,,"From JAMIS",2,CLOSE,"05 ",02,P3,02,R3,,,0,0,0,0,"(NOTE)STRANGE SOUND AFTER TAKEOFF, FLAP RETRACT.
TAKEOFF後FLAP 1→0にした時からCRZ中もずっとCOCKPIT前方(DUあたり)からブーン音がしていた。5LEG全てで同じタイミングで音がしていたとの事でした。
GNDで音はしているのか尋ねた所、音に慣れてしまうのかよく分からないとの事でした。
音の質はMOTOR SOUNDでも金属的な音でもなく何かのうなり音との事です。
「FLAP/SLAT」と言う言葉に惑わさないようCKしましたが、FWD E-BAY FAN IBIT, FWD E-BAY, DU 2 3 4を外した奥、WINDSHIELD SEALのGVI全てNML。FLAP/SLAT OPEしてみても特別音は分かりませんでした。OK FOR SERVICEとしています。
AMOS 100392443",塩田,2,Field,99999999,2018/03/15,99999999,2018/03/15
58191,ERJ190,JA251J,"LS ",,,"From JAMIS",2,CLOSE,"38 ",02,P3,02,R3,,,0,0,0,0,"SEPARATOR入荷しました。
251J用のPARTSですので、他の機体に使用しないでね。",川﨑,1,Fleet,99999999,2018/03/15,99999999,2018/03/15
58190,ERJ170,JA219J,CTS,,,"From JAMIS",2,CLOSE,"00 ",02,P3,02,R3,,,0,0,0,0,"SPARE ROLL PAPERの入っている COMPT内のMAINT BAGへSECURITY SEALの補充をお願いいたします。
⇒SECURITY SEAL補充しました。レ点消します。(松原)",大森,2,Field,99999999,2018/03/15,99999999,2018/03/15
58189,ERJ190,JA241J,SDJ,,,"From JAMIS",2,CLOSE,"38 ",02,P3,02,R3,,,0,0,0,0,"CA INF:CRZ中 AFT FAP WATER FAULT L'T ON,CMC C'K FWD DRAIN MAST HEATER MEMORY,GND ACTUAL HEATER C'K OKで引き続き様子見でお願いしてます。
⇒STYまでOK(しもかわ)",小林A,2,Field,99999999,2018/03/15,99999999,2018/03/15
58188,ERJ190,JA244J,ITM,,,"From JAMIS",2,CLOSE,"24 ",02,P3,02,R3,,,0,0,0,0,"FLEET RQST JOB 1件:ENG START後のBPTのT/SHOOTの為、GCU1交換しました。
⇒3/16始発は問題なしでした（ITM杉山）
⇒3/17始発NORM(ITM杉山）","高橋 豊",2,Field,99999999,2018/03/15,99999999,2018/03/15
58187,ERJ170,JA219J,HNA,,,"From JAMIS",2,CLOSE,"25 ",02,P3,02,R3,,,0,0,0,0,"2839/2838でCBN MEMO一件、SEAT 6Cの人が使うSEAT POCKET SPRING(左側） CUT
⇒折れた破片は回収して廃棄。手で触れそうなところは怪我しないようテープで保護して18章でC/Oしています。なおP/N：41031380-2在庫有り。(AMOS W/O NO:100392426)
⇒STYでCORR完了。（LS小島）",長岩,2,Field,99999999,2018/03/15,99999999,2018/03/15
58186,ERJ190,JA245J,SDJ,,,"From JAMIS",2,CLOSE,"38 ",02,P3,02,R3,,,0,0,0,0,"CA INFO:上空で AFT FAP WATER SYS FAULT L'T 点灯。CMCは、FWD DRAIN MAST/WWSC/WRG FAULT,38000221WWS を拾ってました。",石川高,2,Field,99999999,2018/03/14,99999999,2018/03/14
58185,ERJ190,JA243J,KOJ,,,"From JAMIS",2,CLOSE,"25 ",02,P3,02,R3,,,0,0,0,0,"F2412 FO INFO : FO SEAT HEADRESTガタが大きい
⇒CAPT SEATと比較するとガタは大きいがOPEに支障ない状態です。すみませんがITMにてRECKお願いします。
交換しました。ONDA",小坂,2,Field,99999999,2018/03/14,99999999,2018/03/14
58183,ERJ190,JA241J,FUK,,,"From JAMIS",2,CLOSE,"73 ",02,P3,02,R3,,,0,0,0,0,"3530/3601にて　ENG MAINT PAGE ENG 2 で LONG TIME DISPATCH 拾ってました、FAULT CODE 6621 (INACTIVE)
CMC MM 73216621E2B LT FADEC ARINC BUS RX 2 FAULT [E2B]でした。
MSG CLEARしてます。JUST INFO.",一川,2,Field,99999999,2018/03/14,99999999,2018/03/14
58182,ERJ170,JA227J,HNA,,,"From JAMIS",2,CLOSE,"23 ",02,P3,02,R3,,,0,0,0,0,"JL2183 HNA ARVでCAPよりACARSのレスポンスが遅いとINFO有りました。FAULTは無し、PROC-6 RESET TEST PASSで様子見て頂きます。
⇒2358 ARRで上空でNO COMになりやすいと言われました。GNDではNMLなのでFLTで再発時はVHF3 VOICEで正常にOPEできるか依頼しました。(ITM しもかわ)",関,2,Field,99999999,2018/03/14,99999999,2018/03/14
58181,ERJ170,JA215J,ITM,,,"From JAMIS",2,CLOSE,"05 ",02,P3,02,R3,,,0,0,0,0,"CAPT SIDE 異音続いています。FL250-320の間ずっとです。CBN CREWは聞こえない。L1&R1 DEFLECTER COND OK.SLIDING WINDOW OPN/CLSして様子見てもらっています。
2163/64でも同様だそうです。尚昨日の157/156時はCPTからのアナウンスも出来ない位との事でした。＠MSJ千葉
⇒JL2179でも同様INFOありました。JL2176 ARR時LOG UPするとの事でした。(AXT 鹿嶋)
⇒NOTE UPあり。GVI＆もう一度CLEANING＆DC-4を塗りました。
 その後のCBN PRS(2.5)かけてのLEAK CKで、LH DV WINDOW OUTER FRAME周囲よりLEAK見つかりました。明日よりREPAIR予定。",岸,2,Field,99999999,2018/03/14,99999999,2018/03/14
58180,ERJ190,JA244J,CTS,,,"From JAMIS",2,CLOSE,"23 ",02,P3,02,R3,,,0,0,0,0,"INFO：F2902 DEP DOOR CLOSE後にCREWより
BOTH MCDUからACARSのPAGEだけACCESS出来ず、MESSAGEは何もなしとの事。
MAU3PWR2のCCBをRESETしてもらいBACK TO NMLでDEPしています。",大城,2,Field,99999999,2018/03/14,99999999,2018/03/14
58179,ERJ170,JA217J,HNA,,,"From JAMIS",2,CLOSE,"22 ",02,P3,02,R3,,,0,0,0,0,"JL2831 HNA FLT SQ/ AFTER L/DでAFCS FAULT MSG APPEAR, （AHEADではCLB中に出てました）　CMCにAFCS FAULT、 ADS 1 MISCOMPERE [APA1,2 APB1,2]、CODE 22110288PA1,2 とPB1,PB2でした。　SHIP ALL PWR RE SET し MSG OFF, M/MSGも無し。OKとしました。　AMOS 100391746
⇒同時に”AT FAIL”も一時的に出ている様で、TAT1が引き金になっている感じです。P/MでTAT 1 PROBEを今夜ITMで可能なら交換お願いします。（LS 小川）
⇒TAT 1交換しました。OPE C'K & HEATER C'K OKです。(新井)",関,2,Field,99999999,2018/03/14,99999999,2018/03/14
58178,ERJ190,JA247J,ITM,,,"From JAMIS",2,CLOSE,"21 ",02,P3,02,R3,,,0,0,0,0,"2402/2407 CA INFO。PAX SEAT 28HK付近で「ブー」音が鳴っている。先月末にREPAIR実施されていますが、数日前にもINFOあり再発の様です。音の感じとBOTH PACK OFFにすると完全に止まることから、DUCT繋ぎ目からのAIR LEAKで間違いないと思います。前回REPAIRでは28HK DADO PANEL内のRIZER DUCTのTAPEを貼り直した様なので、再度REPAIRお願いします。
⇒2407/2406 上記同様INFOありました。　引き続きMONITOR依頼しました。　　KOJ 加藤A
⇒2406/2375にてDADO PNL 一部浮かして出来る限りのTAPE 貼り直し実施しました。なんとか音は止まりましたが、LEAK箇所がFLOOR LVLくらいの下の方だったので上手く貼れませんでした。あくまでもTEMPORARYなので、STYにて再度修正お願いします。DADO PNL完全にRMVしないとかなり厳しい位置です。SEAT 28HK DADO PNL内前方側のRISER DUCTです。（下川M）
⇒STYにて手直ししました。現在NO AIR LEAK。（南條）",下川M,2,Field,99999999,2018/03/14,99999999,2018/03/14
58177,ERJ170,JA217J,ITM,,,"From JAMIS",2,CLOSE,"22 ",02,P3,02,R3,,,0,0,0,0,"JL2186 APPでAT FAULT APPEAR、REENGAGE OK。CMCには""SPEED TARGET FAULT (ATA 1 & 2)""をSTORE。一時的にSPEED INDが赤×になったようです。CIO 1 & 2のRESET TESTして様子見てもらってます。
⇒STYまでNMLでした。CMC見るとTAT 1を数秒前に拾っていました。様子見て下さい。(新井)",相原,2,Field,99999999,2018/03/14,99999999,2018/03/14
58176,ERJ170,JA220J,KMI,,,"From JAMIS",2,CLOSE,"52 ",02,P3,02,R3,,,0,0,0,0,"L/H LDG UPPER DOOR AFT側のBONDING WIREのCONDが良くありません。ITM STAY時交換お願いします。P/N:LN9264-10X200",奥村,2,Field,99999999,2018/03/14,99999999,2018/03/14
58175,ERJ170,JA220J,FUK,,,"From JAMIS",2,CLOSE,"38 ",02,P3,02,R3,,,0,0,0,0,"朝市の立ち上げで、FWD LAV SINKの HOT WATERが出ませんでした。WATER BOILERのRESET SWのRESETでOKになっています。",安達,2,Field,99999999,2018/03/14,99999999,2018/03/14
58174,ERJ190,JA252J,SDJ,,,"From JAMIS",2,CLOSE,"25 ",02,P3,02,R3,,,0,0,0,0,"15A SEAT BELTが WET CONDでしたのでBELT交換しました。",赤島,2,Field,99999999,2018/03/14,99999999,2018/03/14
58173,ERJ170,JA214J,ITM,,,"From JAMIS",2,CLOSE,"53 ",02,P3,02,R3,,,0,0,0,0,"一昨日のBIRD STRIKEによるFWD FUSELAGEのDAMAGEの件ですが、EVにて叩きだししてもらい、すべてのDENTがLIMIT INとなりました。よって50FCのC/OはCLOSEとなってます。",佐藤TO,2,Field,99999999,2018/03/14,99999999,2018/03/14
58172,ERJ170,JA215J,MSJ,,,"From JAMIS",2,CLOSE,"38 ",02,P3,02,R3,,,0,0,0,0,"CRZ中に一瞬WTR SYS FAULT LTが点灯したとの事でした。　FWD D/MASTを拾っていました。WATCH願います。",千葉,2,Field,99999999,2018/03/14,99999999,2018/03/14
58171,ERJ190,JA244J,CTS,,,"From JAMIS",2,CLOSE,"24 ",02,P3,02,R3,,,0,0,0,0,"F2906 ENG START後BPTしたようです。一時的に多数MSGでましたがその後NML。CCD STUCKなし。
⇒JL2909 DEPではNORMALでNBPTしています。澤田＠SDJ",奥田,2,Field,99999999,2018/03/14,99999999,2018/03/14
58170,ERJ190,JA245J,CTS,,,"From JAMIS",2,CLOSE,"38 ",02,P3,02,R3,,,0,0,0,0,"GND SQ:FWD CARGOのFUSE DRAINからWATER LEAK有り、FWD LAV SINKのLINE周辺に水漏れの形跡が有ります。
POTABLE WATER TANKをDARINしMEL38-10-00を適用しました。
各GALLEYのBOILER.COFFEE MAKERにINOP PLACARDとCCB PULL OUT
GALLEYのFAUCET.LAV DOORとPOTABLE WATER SVC PNL内にINOP PLACARD貼ってます。
AMOS NO:100391745
⇒2202 FWD LAV SINK下 防水パンの所のSUPPLY LINE CLAM SHELL COUPLING(紫色のやつ）よりLEAKあり。PACKING切れてたので交換しLEAK CK OK. MEL CLOSED,PLA RMVD.
合わせてFWD E-BAY & LH SIDE TUNNEL COND CK OKでした。防水パンの透明なDRAIN HOSEはNLG W/W AFT BLKHD & FWD CGO FWD BLKHD間のFUSE BTMに出口があり、正常なROUTEを通ってFUSE DRAINから出た様です。周辺は完全にDRYでした。(赤坂）",大城,2,Field,99999999,2018/03/14,99999999,2018/03/14
58169,ERJ170,JA212J,ITM,,,"From JAMIS",2,CLOSE,"25 ",02,P3,02,R3,,,0,0,0,0,"STAYにてストレッチャーFIT CKのCOA実施しました。CK OKで復旧済みです。",角田,2,Field,99999999,2018/03/14,99999999,2018/03/14
58168,ERJ190,JA241J,FUK,,,"From JAMIS",2,CLOSE,"33 ",02,P3,02,R3,,,0,0,0,0,"3642/STAY NOSE TAXI L'T OUTでしたので確認したところ、WIREがCUTしていましたのでCUTした部分をTAPEで保護してMEL33-42-00を適用しC/Oしています。AMOS 100392297
⇒TERMINAL P/N = 50840  ITMに62個あり、CLIMP TOOL = 69710-1 (69710製造終了後の代替品) @ ITM HGR VIDMAR M-8-B CRIMP DIE = 69734 @ ITM HGR VIDMAR M-8-Bで全てITMにあります。タ－ミナルの見つけ方はWDMでWIRE IDを見つけ、WDM 91のWIRE LISTから該当ENDのPIN CODEを見つける。SWPMに移ってPIN CODEからTERMINALのP/N, 必要器材を見つける流れとなります。今回の場合は、WDM 33-42-50（WIRE ID = W182-00005-14, W182-00006-14) ⇒ WDM 91-1-03-W182 (PIN CODE = TAR) ⇒ SWPM 20-41-10 P70 WIRE TERMINATION CODE - DESCRIPTION (TAR ⇒ P/N = 50840)   (3/14 LS 上田)",林田,2,Field,99999999,2018/03/14,99999999,2018/03/14
58167,ERJ170,JA213J,ITM,,,"From JAMIS",2,CLOSE,"25 ",02,P3,02,R3,,,0,0,0,0,"申送りのCAPT SEAT LONGI CBL COND NGの件はCBL交換してOKです。",鈴木J,2,Field,99999999,2018/03/14,99999999,2018/03/14
58166,ERJ170,JA214J,ITM,,,"From JAMIS",2,CLOSE,"56 ",02,P3,02,R3,,,0,0,0,0,"申し送りのCO-PI SIDE DV WINDOWのADJUSTの件ですが、STYにてDV WINDOW取り外して、ADJ実施しました。
ADJは、FWD LOWER BELLCRANK SUPORT(OPEN/CLOSE LEVERの下）のMOUNTに切ってある、SELATIONを2山ほど下側にずらして、WINDOW前側が上に持ち上がるように調整し、CLOSEのFEELINGはとても軽くなりました。合わせてガタガタだったUPPER ROLLERのWASHERも交換実施。CBN PRESS LEAK CKもOKでした。作業時間は2×4.0HRくらいです。
しばらく様子見願います。OKそうであれば申し送りのレ点外してください。",佐藤TO,2,Field,99999999,2018/03/14,99999999,2018/03/14
58165,ERJ170,JA224J,KMI,,,"From JAMIS",2,CLOSE,"31 ",02,P3,02,R3,,,0,0,0,0,"JL2443 FLT SQ:〝PRINTER JOB FAIL MSG APPERED DURING CRZ”のSQにてCMC確認使用とした所、CMCにCONNECTIONできず""CMC CONNECTION FAILED""MSGが表示されたためMAU 1 PWR3 CCB RECYCLEにてCMC CONNECTION可能となりPRESENT LEGにて関連するMAINT MSGを確認しましたがPRINTER FAULT以外ありませんでした、現在LAN STATUS OK又PRINTER OPE CK OKです。",新宮領,2,Field,99999999,2018/03/14,99999999,2018/03/14
58164,ERJ170,JA211J,KMI,,,"From JAMIS",2,CLOSE,"77 ",02,P3,02,R3,,,0,0,0,0,"#2 ENG VIBの件、3641CREWは全く気にならなかったそうです(全5LEG）。念のためFAN BLADE　SHAKINGしておきました。",奥村,2,Field,99999999,2018/03/14,99999999,2018/03/14
58163,ERJ170,JA218J,FUK,,,"From JAMIS",2,CLOSE,"35 ",02,P3,02,R3,,,0,0,0,0,"3684/STY CREW O2 PRESS 1700 PSIでした。
時間あるときにSUPPLYお願いします。",前田,2,Field,99999999,2018/03/14,99999999,2018/03/14
58162,ERJ170,JA222J,CTS,,,"From JAMIS",2,CLOSE,"25 ",02,P3,02,R3,,,0,0,0,0,"JL2718でFWD GLY 206 COMPT DOORのSPRINGがCUTしているとのCABIN MEMO UPが有りました。C'Kした所、SPRING 2EAが切れていましたのでAMM18章にてC/Oしました(W/O:100392279)。
⇒SPRING交換してOKです。C/O CLOSEしました。(CTS 宮谷内)",宮谷内,2,Field,99999999,2018/03/14,99999999,2018/03/14
58161,ERJ170,JA217J,ITM,,,"From JAMIS",2,CLOSE,"25 ",02,P3,02,R3,,,0,0,0,0,"SEAT 10C RECLININGが手で押すと倒れる為、RECLINING ACT交換実施。OPE C'K OKです。",新井,2,Field,99999999,2018/03/14,99999999,2018/03/14
58160,ERJ190,JA252J,KMI,,,"From JAMIS",2,CLOSE,"25 ",02,P3,02,R3,,,0,0,0,0,"FWD GLYゴミ箱へACCするPNLのLATCHがCLSしていても勝手にOPENするとの事。
LATCHをCLS方向へADJしましたが今度はかなり硬くなってしまいました。CLS FUNC OKです。
CAさんに言われたら時間ある時に再ADJ願います。
⇒LATCH ADJしました。OK。（SDJ 平野）",森村,2,Field,99999999,2018/03/13,99999999,2018/03/13
58159,ERJ170,JA217J,KIJ,,,"From JAMIS",2,CLOSE,"05 ",02,P3,02,R3,,,0,0,0,0,"音はやはりするようで、JL2872ではSPDを210から240ktに加速中に出たとのことです。NOSE R/H、NOSE DOOR AREA、RAT DOOR AREA COND CK OK。引き続きMONOTORお願いしています。
⇒JL2871でも同様との事です。(CTS大森)
⇒最終便NO INFOでした。(CTS 滝)",岩井,2,Field,99999999,2018/03/13,99999999,2018/03/13
58158,ERJ170,JA224J,ITM,,,"From JAMIS",2,CLOSE,"45 ",02,P3,02,R3,,,0,0,0,0,"LAN BUS FAULTの件
先日T/S後のNIC/PROC6 INST後のSOFTWAREのLOADINGとOPE C'KはOKでした。またLAN STATUSは何度かPWR IN/OFFしてOK確認できてます。",鈴木J,2,Field,99999999,2018/03/13,99999999,2018/03/13
58157,ERJ170,JA224J,ITM,,,"From JAMIS",2,CLOSE,"57 ",02,P3,02,R3,,,0,0,0,0,"RH W/WにあるAIL TQ TUBE FUSE SECTORを固定しているSUPPORT FITTING(SECTORの一番下にあるやつ)にCRACKの件
COAによりREPAIR完了。FUELINGしてTANK PANELのLEAK C'K OK & DE-GAS後のR/U OKです。
長い期間ありがとうございました。REMAIN FUEL：6800lbです。",鈴木J,2,Field,99999999,2018/03/13,99999999,2018/03/13
58156,ERJ170,JA215J,SHM,,,"From JAMIS",2,CLOSE,"05 ",02,P3,02,R3,,,0,0,0,0,"CREW INFO : 500FT以下でF/O WINDOWSHIELD前方からも小さいPEE SOUNDあり。
F/O SIDE WINDOWSHIELD AREA COND CKED OKにより様子を見てもらってます。
⇒状況変わらず。DV WINDOW側もCOND' C'K実施してOK,こちらにもDC-4 APPLYして再度様子を見てもらっています。(HND藤田)
⇒3/14 ITM NO INFO(岸)",藪下,2,Field,99999999,2018/03/13,99999999,2018/03/13
58155,ERJ190,JA251J,ITM,,,"From JAMIS",2,CLOSE,"38 ",02,P3,02,R3,,,0,0,0,0,"VACUUM EXHより茶色のお水垂れていたのでCLEANING実施。B/O前に見るとすでに垂れていました、、、。SEPARATERはNRTまで来ているようですが書類関係でまだかかるようです。",田村A,2,Field,99999999,2018/03/13,99999999,2018/03/13
58154,ERJ190,JA244J,KIJ,,,"From JAMIS",2,CLOSE,"38 ",02,P3,02,R3,,,0,0,0,0,"JL2243 CRZ中にWATER FAULT LTが数分間ONになったとのこと。CMCにはいつものMM（FAULT CODE 38000221WWS)を拾っていました。FWD DRAIN MAST ACTUAL HEATING CK OK。MONITORお願いしています。",岩井,2,Field,99999999,2018/03/13,99999999,2018/03/13
58153,ERJ170,JA212J,ITM,,,"From JAMIS",2,CLOSE,"25 ",02,P3,02,R3,,,0,0,0,0,"208 COMPT SPRING CUTのためC/O実施。100391719
⇒HINGE SPRING 交換完了(望月@ITM)",恩田,2,Field,99999999,2018/03/13,99999999,2018/03/13
58152,ERJ170,JA213J,KMI,,,"From JAMIS",2,CLOSE,"27 ",02,P3,02,R3,,,0,0,0,0,"CREW INF:AILを左に切ったときに若干の引っ掛かりがあるとの事
⇒GNDでC'Kしましたが問題ありませんでした。LOAD FEEL MECAのRODをCLEAN UPして様子を見てもらっています。",中重,2,Field,99999999,2018/03/13,99999999,2018/03/13
58151,ERJ170,JA215J,HND,,,"From JAMIS",2,CLOSE,"56 ",02,P3,02,R3,,,0,0,0,0,"F2233/174にてCAPT' SIDE DV WINDOW後方あたりからPEE SOUNDありとの事です。ALT20000~22000FTくらいでそれ以上、以下では出なかったとの事です。CAPT'SIDE DV WINDOW SEAL &あたり面のCOND' C'K OK. ただSEAL側に古いDC-4が軽くダマになっていたのでCLEAN UP実施。DV WINDOWを強めに閉めてF215/214で様子を見てもらっています。
⇒F215でも音がしたとの事でした。引き続き様子を見てもらっています。(SHM 藪下)
⇒状況変わらず。SEAL&あたり面をしっかりCLEANIG実施、再度DC-4 APPLYして状況WATCHお願いしています。(HND藤田)
⇒178/STY 山形往復で音が鳴った時に WINDOW を押して変化有るか確認してもらいましたが変化無かったそうです。(HND田中A)",藤田,2,Field,99999999,2018/03/13,99999999,2018/03/13
58150,ERJ170,JA216J,AXT,,,"From JAMIS",2,CLOSE,"54 ",02,P3,02,R3,,,0,0,0,0,"L/H PILON O/B AFT SIDEのHEATSHEILD前にあるSKIRT(IPC 54-50-02 FIG 3 ITEM310)のBOLT HOLEのところに引っかき傷があります。TIME CKに入ると聞きました。RECKお願いします。PNLのCONDITION,BOLTの締め付けは、問題ありません。",桜井,2,Field,99999999,2018/03/13,99999999,2018/03/13
58149,ERJ170,JA217J,CTS,,,"From JAMIS",2,CLOSE,"38 ",02,P3,02,R3,,,0,0,0,0,"F2901(SDJ-CTS),FLT中WATER FAULT LT 15分程点灯したとINFありました。CMCでFWD DRAIN MAST拾ってました。F/CODE:38000221WWS.
DRAIN MAST HEATING CK OK.
音の件はT/O後600～1500FTあたりでBOOM音がCOCKPITであるようです。あまり気にならない感じで、またMONITORしておきます。で出発しました。
⇒JL2872でもWATER FAULT LT点灯したそうです。MMは同じです。引き続きMONITORお願いしています。（KIJ岩井）
⇒JL2871でも同様でした。(CTS大森)
⇒最終便NO INFOでした。(CTS 滝)",奥田,2,Field,99999999,2018/03/13,99999999,2018/03/13
58148,ERJ170,JA219J,HNA,,,"From JAMIS",2,CLOSE,"45 ",02,P3,02,R3,,,0,0,0,0,"JL2181 HNA ARVでCAPより今は大丈夫だけど、FLT中にPRINTER調子悪かったんだよねー、とINFOありました。AHEADでも拾っていました、HNA 到着時はMSGも無くNML.　CMCはMNT MSGでLAN BUS FAULT 4545222CMCを拾っていました。FWD RAMP PNL コネクターグリグリ＆CMC (B-15)をRESETして次便で様子見て頂きます。
⇒FLT中は同様だったそうです。CTS ARR C'Kにて LAN BUS STATUS ALL GREEN,ACTIVE MAINT MSG NO MEMORY,DLK MEMUからのPRINTER TEST OK,念のためPRINTER前面 PNLにあるON/OFF SW RECYLCED CREWに様子を見て貰っています。(CTS大森)
⇒AXTARRにてPRINTER出来ないとのこと　LAN BUS CKで真っ赤でした。RAMP PNLのタ－ミネ－タぐりぐりで戻っています（AXT佐々木）
⇒F2822(AXT-CTS),上記NORMALでした。(CTS奥田)",関,2,Field,99999999,2018/03/13,99999999,2018/03/13
58147,ERJ170,JA218J,ASJ,,,"From JAMIS",2,CLOSE,"00 ",02,P3,02,R3,,,0,0,0,0,"本日からNEW LOG突入したのでITMに寄った時にSPARE LOG搭載願います。
⇒ITMの機番毎JOB CARD入れに入れときました。LS川﨑",藤原,2,Field,99999999,2018/03/13,99999999,2018/03/13
58146,ERJ190,JA244J,ITM,,,"From JAMIS",2,CLOSE,"24 ",02,P3,02,R3,,,0,0,0,0,"初便BRK TXRしました。一時的にMSG多数出たがCCD2 STUCKはせず。",恩田,2,Field,99999999,2018/03/13,99999999,2018/03/13
58145,ERJ170,JA227J,ITM,,,"From JAMIS",2,CLOSE,"25 ",02,P3,02,R3,,,0,0,0,0,"昨日申し送られているL2 ATT SEAT BELTの件ですが、CAさんが気にされていましたので、本日STYにてお願いします。
⇒PARTS交換　完了。。　　ITM  岡元　相","高橋 豊",2,Field,99999999,2018/03/13,99999999,2018/03/13
58144,ERJ170,JA215J,ITM,,,"From JAMIS",2,CLOSE,"25 ",02,P3,02,R3,,,0,0,0,0,"FWD GLY 206 COMP'T HINGE SPRING CUTのINFO有り。時間無き為18章C/Oとしました。ITMに帰ってきたらCORRECTION願います。
AMOS NO : 100391624。",角田,2,Field,99999999,2018/03/13,99999999,2018/03/13
58143,ERJ190,JA247J,ITM,,,"From JAMIS",2,CLOSE,"25 ",02,P3,02,R3,,,0,0,0,0,"お客様の声であがっていた1A SEATのRECLINE BTNが固い件ですが、現状は他のSEATと変わらないぐらいでした。少しバラしてLUBしてます。",遠藤,2,Field,99999999,2018/03/13,99999999,2018/03/13
58142,ERJ190,JA249J,ITM,,,"From JAMIS",2,CLOSE,"24 ",02,P3,02,R3,,,0,0,0,0,"お客様の声でPAX SEAT 2HK AC OUTLET充電できない件でC'Kした所 SEAT 2Hが充電できない状態でした。
（コンセント差し込むとAMBER L'Tが点灯する）コンセントガチャガチャやコンセントアダプターつけてみたりしたが変わらず。
2H AC OUTLET 交換してOPE C'K OKです。",杉山,2,Field,99999999,2018/03/13,99999999,2018/03/13
58141,ERJ170,JA214J,ITM,,,"From JAMIS",2,CLOSE,"56 ",02,P3,02,R3,,,0,0,0,0,"FO SIDE DV WINDOWから異音の件

STYでDV WINDOWのCOND確認したところ、DV WINDOWが下がっており、UPR FWD BELLCRANKについているBEARINGがちゃんと当たっていない状態でした。よって上げ側にADJUSTが必要です。（写真はLSに送っています）
また、BEARINGに一緒に取り付いているWASHERのCONDが良くないので合わせて交換をお願いします。
WASHER P/N:171-00360-001 在庫あり

⇒明日はBIRD STRIKE DAMAGE REPAIRで一日STBYとなるのでM/Pに余裕があればこちらのCORRもお願いします（LS村上）
⇒他機SQのため、日中帯FLTとなりました。3/18に一日STBYとなる予定なので、そこでREQ JOBお願いします。(LS林あ)",小島,2,Field,99999999,2018/03/13,99999999,2018/03/13
58140,ERJ170,JA223J,CTS,,,"From JAMIS",2,CLOSE,"31 ",02,P3,02,R3,,,0,0,0,0,"-JUST INFO-
CREW INFOで時々CCD1の反応が悪い時があるとの事です。現在OKですが、また悪くなったら端っこの方使ってみて下さいと依頼してます。",滝,2,Field,99999999,2018/03/13,99999999,2018/03/13
58139,ERJ170,JA216J,AXT,,,"From JAMIS",2,CLOSE,"36 ",02,P3,02,R3,,,0,0,0,0,"JL2179 CRZにてカンパニーでCREWよりINFO有り　Ｎo1 ENG BLEEDがCRZ中　9～44PSIの間でFLAXするとの事。ARR時に話を聞くとCRZではFLAXしDESではNMLとのこと。CABINではPRESS変化を感じたCAと感じなかった人かいたとの事。CMCにはNO MEMORYでした。BLEED1 TM CONTROLLER IBIT CH1 & 2 PASSEDでしたのでOK FOR SVCにてDEPしています。
⇒次便はFLUXなくNMLだったそうです。明日からC C'Kで#1 ENG CHGも入っている為、NA & HPを流用なしで交換依頼済。またFCSOVもP/Mにて交換してもらえるようです。(LS金澤)
⇒NAPRSOVとHPSOVの追加REQ JOBしました。FCVに関しては、今回C CK中にSHOPの方が簡易CKを試しに来阪するとのことでその時にLHもOK/NG判断してもらうことになりました。FCV MUST交換の話はしていません。(3/14林あ)",佐々木,2,Field,99999999,2018/03/13,99999999,2018/03/13
58138,ERJ190,JA246J,NGS,,,"From JAMIS",2,CLOSE,"21 ",02,P3,02,R3,,,0,0,0,0,"JL2377 ITM DEPでENG START後にENG REF ECS DISAGが出た件は、CDUのTDSをRESELECTしてOKとCREWよりINFOありました。その時PACKのCAS MSGは出ていなかったが、ECS SYNOPTICページでFCV POSIは見ていませんでしたとのことでした。FAULT CODE: 73217702CMC。
⇒その後、STYまでNORMALだとINFOもらいました。(ITM 村井)",上野,2,Field,99999999,2018/03/13,99999999,2018/03/13
58137,ERJ190,JA246J,NGS,,,"From JAMIS",2,CLOSE,"27 ",02,P3,02,R3,,,0,0,0,0,"JL2377 ITM DEP時にCAPT SIDE CONT YOKEのBEEP SWで""PITCH TRIM FAIL""(C) MSG出た件は、その後NORMALとCREWよりINFOありました。
⇒STYまでNORMALとINFOもらいました。（ITM 村井）",上野,2,Field,99999999,2018/03/13,99999999,2018/03/13
58136,ERJ170,JA221J,ASJ,,,"From JAMIS",2,CLOSE,"22 ",02,P3,02,R3,,,0,0,0,0,"CREW 口頭 INFO:THROTTLE LEVERの動きが軽い。そのためAPP中にA/TがOVER SHOOTしPARAMETERとTHROTTLE LEVERが常に
動くとのこと。昨日はこの状態で2回A/TがDISENGAGEしたと言っていました。
続くようであればTCQの手配、交換を検討してください。
TCQ P/N:4260-0018-5 在庫なし
⇒最終便でも同様だったとINFOありました。WATCHでお願いします。（FUK 秋山）
⇒TCQはITMまで来ましたが、書類の不備で週明け以降に入荷となる予定。(3/16 前甲)
⇒未入荷(3/18 松原)
⇒交換しました（3/21相原）",西谷,2,Field,99999999,2018/03/13,99999999,2018/03/13
58135,ERJ170,JA227J,ITM,,,"From JAMIS",2,CLOSE,"25 ",02,P3,02,R3,,,0,0,0,0,"2058/2309
CBN CLNGしていたCAさんより14CのBELTが濡れているとのINFO。
交換してOK。",大星,2,Field,99999999,2018/03/13,99999999,2018/03/13
58134,ERJ170,JA224J,ITM,,,"From JAMIS",2,CLOSE,"38 ",02,P3,02,R3,,,0,0,0,0,"FWD LAVのゴミ箱のDOORをRMVしてる件だけ作業が残ってます。216Jから流用予定の為遅番に申し送りしてます。
この作業が完了すれば、SHIPはDEP可能となります。
⇒遅番にて216Jから流用しINST OK。ALL MAINT WORK COMPLETEです。
長い間ありがとうございました！（西垣/欠端）",鈴木J,2,Field,99999999,2018/03/13,99999999,2018/03/13
58133,ERJ190,JA241J,SDJ,,,"From JAMIS",2,CLOSE,"30 ",02,P3,02,R3,,,0,0,0,0,"F3537/3538 ENG SHUT DN時　ICE DET FAULT MSG APPEARED. LH ICE DETECTOR/WRG FAULT 30813200UT1. PERFORMED ICE PROTECT TEST THEN MSG OFF(INFO ONLY)
⇒STYまでNO INFO(ITM 山下S)",平野,2,Field,99999999,2018/03/13,99999999,2018/03/13
58132,ERJ170,JA221J,ASJ,,,"From JAMIS",2,CLOSE,"22 ",02,P3,02,R3,,,0,0,0,0,"CREW口頭で""ASJ APP中の3000ftあたりでATがカチャンという音ともにDISENGAGEされた""とありました。
外れた後はMANUALで操作したためRE-ENGAGEはしていないとのこと。
外れた時FDEはなしでCMCにもM/MSGなし。
時間なかったのでCMCのTESTはやっていません。WATCH依頼して出しています。
⇒F3726 ASJ/KOJ間 ALL PHASE NORMALでした。　　　KOJ 加藤A
⇒F3730で2回外れたとのことです。RE-ENGAGEはOK,CMCで関連MSG見当たりませんでした。　KOJ久高
⇒TCQ P/N:4260-0018-5 在庫無し。ORDERしました。明日ITMに来ますが予証品ですので3/16ぐらいに在庫になるかもしれません。
（LS村上）⇒3/17未入荷
⇒とりあえず最速でとCSZ口頭で伝えています。(3/14林あ)
⇒3/15 ASJ DECSENT中一度AT外れたとINFOあり。昨日も乗ったCREWによるとAPのSRCがCO-PI側の場合のみに発生するとのことでした。JUST INFO。(石川義/ASJ)
⇒未入荷(3/18 松原) ⇒3/21頃入荷予定です（赤坂）
⇒交換しました（3/21 相原）",藤原,2,Field,99999999,2018/03/13,99999999,2018/03/13
58131,ERJ170,JA214J,ITM,,,"From JAMIS",2,CLOSE,"05 ",02,P3,02,R3,,,0,0,0,0,"昨日のBIRD STRIKE DAMAGE CORRECTIONの為、ITMより応援部隊入りました。以下やった事。
１）ICE DET #1交換
２）ADSP #3交換
３）FWD FUSELAGE SKINのDENT DAMAGE再計測＆ECI。
　　結果はNO CRACKという事で、DENT DAMAGEについては技検を上げて50FC C/O可能となりました。
本日17時過ぎのFERRYにてITMに戻ります。

⇒50FC以内のPERMANENT REPAIRです。明日STBYなのでREPAIR実施予定です。（小島）
⇒他機SQのため、日中帯FLTとなりました。(島岡)",佐藤TO,2,Field,99999999,2018/03/13,99999999,2018/03/13
58130,ERJ190,JA250J,FUK,,,"From JAMIS",2,CLOSE,"36 ",02,P3,02,R3,,,0,0,0,0,"3/12のSTAY時にありました、RH HPSOV (CLOSED)[C1]/WRG FAULT本日も同様STAY時ACTIVEでした。CH2も1日のうちでは拾っていました。CAS MSGはありません。INFO ONLY.",秋山,2,Field,99999999,2018/03/13,99999999,2018/03/13
58129,ERJ190,JA250J,MYJ,,,"From JAMIS",2,CLOSE,"30 ",02,P3,02,R3,,,0,0,0,0,"JL2305 NO1 ICE DETECTOR FAIL MSG APPR AFTER LDG.MCM LH ICE DETECTOR/WRG FAULT 30813200UT1 MEMORY.A/I SYS TEST THEN MSG DISAPPR SO OK FOR SVC.
⇒最終便までNML(FUK 秋山)",神谷,2,Field,99999999,2018/03/13,99999999,2018/03/13
58128,ERJ170,JA221J,KOJ,,,"From JAMIS",2,CLOSE,"25 ",02,P3,02,R3,,,0,0,0,0,"C/Aからの指摘で、L2 DOOR側C/A SEAT BELT一部ほつれがあるとの事。　機能上問題無しですが、見栄えは良くありません。
ITM N/STAY時に出来れば交換願います。
⇒P/N:504580-407-8013 在庫有。(LS 前甲)
⇒交換実施(3/17 藤原)",加藤A,2,Field,99999999,2018/03/13,99999999,2018/03/13
58127,ERJ170,JA227J,ITM,,,"From JAMIS",2,CLOSE,"31 ",02,P3,02,R3,,,0,0,0,0,"2058/2309
交代したCREWの1LEG目にACARSが数分程INOPになったそうです。ARR時にはNORMAL。
様子を見てもらっています。

2309/2310
MYJ ARRでも上記INFOありました、ACARSのレスポンスが遅いともINFO有りARR時はNORMAL
様子を見てもらっています。
⇒その後ＳＴＹまでOK.   ITM　岡元　相",大星,2,Field,99999999,2018/03/13,99999999,2018/03/13
58126,ERJ190,JA242J,SHM,,,"From JAMIS",2,CLOSE,"24 ",02,P3,02,R3,,,0,0,0,0,"昨日34HK AC OUTLET OUTでCBN MEMO UPされ、その際はMASTER SW RECYCLEでOKになりました。
本日念のためRE C'Kしたところ33HK,34HKのSTATUS L'TがOFFになっており同様にSW RECYCLEでOKになっています。
MONITORお願いします。
⇒ISPC P/N = Z285H0122110 ITM 1個あり(LOCは多分R/H PAX SEAT ROW 34のWINDOW下辺りのDADO PNL内)、ACOU P/N = Z280H3040000 ITM 7個ありです。 (3/12 LS 上田)",百谷,2,Field,99999999,2018/03/12,99999999,2018/03/12
58125,ERJ190,JA244J,FUK,,,"From JAMIS",2,CLOSE,"34 ",02,P3,02,R3,,,0,0,0,0,"JL2051/3531 F/O SIDEのALT INDがCAP に比べて12OFT程低いとのINFOありました。
ALT20000～25000FTで－120ＦＴという事でLIMIT INですが、引き続きCREW MONITORしているそうです。（FUK佐藤）
⇒3530/3537 NOTE SQ UPあり ALT DIFF'VALUE L-ALT28000 IESS 27940  R-ALT 27840  (160FT) FUK 林田
⇒STAYのCREWは、NMLでした。との事でした。（河内＠ITM）",佐藤,2,Field,99999999,2018/03/12,99999999,2018/03/12
58124,ERJ170,JA215J,HNA,,,"From JAMIS",2,CLOSE,"05 ",02,P3,02,R3,,,0,0,0,0,"CREW INFO : JL2831 CTS-HNA 20T- 24T FEET間　FLT 中にCAP SEAT左側からピー音が暫く聞こえたとINFOありました、（AIRがLEAKする音よりも、電子音の様な感じがするそうです。）その時L1 CAさんは聞こえないそうです。　
 機体外部のCONDはOK,CAP側のWINDOW SEAL CUT等 無し＆CLEANING実施して様子見て頂いています。
⇒F2365でも同様なINFOがCOCKPIT CREWよりありました。22000～24000FTの間との事です。(OIT 大島(弘))",平井,2,Field,99999999,2018/03/12,99999999,2018/03/12
58123,ERJ190,JA244J,FUK,,,"From JAMIS",2,CLOSE,"24 ",02,P3,02,R3,,,0,0,0,0,"JL2051/3531 PUSH BACK ENG STARTでBPT発生しMAU 1B FAILのMSGが一時的にAPPERしたとカンパニー無線で一報ありました。その後すべてのMSGが消えたためそのまま出発するという事で出発しています。到着時INFOあるかも知れないのでMONITORお願いします。（FUK佐藤）
⇒乗員間INFOの為、LOG-UPされました。合わせてBPT関連と思われますが、SEAT 30以降でCABIN LTが一瞬ちらつき、SINGLE STROKE CHAIMEが鳴ったとの事でした。様子を見て貰っています。（伊藤＠SDJ）
⇒STAYまで、NML(河内＠ITM）",佐藤,2,Field,99999999,2018/03/12,99999999,2018/03/12
58122,ERJ170,JA212J,SDJ,,,"From JAMIS",2,CLOSE,"38 ",02,P3,02,R3,,,0,0,0,0,"CA INFO :AFT LAV FAUCETの水が止まらない。（1分程度）
FAUCETをADJし、様子を見て貰っています。",伊藤礼二,2,Field,99999999,2018/03/12,99999999,2018/03/12
58121,ERJ190,JA241J,SDJ,,,"From JAMIS",2,CLOSE,"24 ",02,P3,02,R3,,,0,0,0,0,"GTB ""REMOTE CB TRIP"" MSG APP' RAT HEATER & NOSE TAXI LT CB TRIPPED WHEN ENG START. CB RECYCLE OK.NOSE TAXY L' OPE C'KED OK.RUN UP C'K OK. TC0035. AMOS W/O:100391547 (SDJ@小林)
⇒履歴は去年の3月に1回 NOSE TAXI LT CBがTRIPしたのみです。(3/12 LS上田)",伊藤,2,Field,99999999,2018/03/12,99999999,2018/03/12
58120,ERJ170,JA213J,FUK,,,"From JAMIS",2,CLOSE,"25 ",02,P3,02,R3,,,0,0,0,0,"JL3591始発 CAP SEAT前後方向動かず。 LEVER側 CBL ADJとLUBしてOKになっています。
CBLが伸びているためこれ以上ADJ出来ないとこまで引っ張っているので、時間有る時にP/MでCBL CHGの交換を計画お願いします。
しばらくは使用に問題はないと思います。（FUK佐藤）
⇒ITM STY 3/14の予定, CBL P/N = F0453408 ITM 10個あり、STOP PLATE P/N = 180200-450-0 ITM 2個あり or 180201-450-0 ITM 8個あり,　SCREW P/N = NAS514P632-6 ITM 81個あり　(3/12 LS上田)
⇒CBL交換してOKです。（鈴木J）",佐藤,2,Field,99999999,2018/03/12,99999999,2018/03/12
58119,ERJ190,JA247J,KIJ,,,"From JAMIS",2,CLOSE,"21 ",02,P3,02,R3,,,0,0,0,0,"JL2243 SEAT NO.27～28HK DADO PANEL内から”ピー音”が聞こえます。CAからは特にINFOありませんが、GNDだとよく聞こえました。時間無きためCORRまで出来ませんでした。STYでも音がしていましたらCORRお願いします。
⇒STYではNOISEはありませんでした。(望月@ITM)",岩井,2,Field,99999999,2018/03/12,99999999,2018/03/12
58118,ERJ170,JA215J,HNA,,,"From JAMIS",2,CLOSE,"52 ",02,P3,02,R3,,,0,0,0,0,"JL2180 DEP時 FWD CGO DOOR STABILIZATION HANDLE ROD STOWAGE COMPT HANDLE CLIP 調子が良くありません、HI-SPEED TAPE にて留めています。ＩＴＭにて宜しくお願いします
⇒AMMB18-00でC/Oしました。HI-SPD TAPEで止めてあったBROKEN CLIPは廃棄しました。SQ CARD転機済み　W/O:100391548（樋口）
⇒CLIP INSTしC/O CLSしました。レ点を外します。（ITM 三上）",平井,2,Field,99999999,2018/03/12,99999999,2018/03/12
58117,ERJ170,JA219J,ITM,,,"From JAMIS",2,CLOSE,"31 ",02,P3,02,R3,,,0,0,0,0,"上空でMCDUに〝PRINTER JOB FAIL""MSGが出ていて、PRINT OUTできないSQで、CMCのPAGE見ると、〝CMC CONNECTION FAILD""MSGが出ていてCMCが全く使えない状態でした。CMCのCB RESETでNMLです。",長井,2,Field,99999999,2018/03/12,99999999,2018/03/12
58116,ERJ170,JA218J,ITM,,,"From JAMIS",2,CLOSE,"34 ",02,P3,02,R3,,,0,0,0,0,"GPS2 MEL適用。
朝立ち上げて20分ぐらいしたらTERRAIN FAIL?MSGが出ていてMCDUのGPS1表示が赤文字で""FAIL""と出ていました。CMCも「MAU1 GPS1(EGPWS)/WRG FAULT」「MAU1 GPS1/IRU1(IRS1)/WRG FAULT」「MAU1 GPS1/IRU2(IRS2)/WRG FAULT」が出てました。
GPS1 RESET TEST受け付けず。ALL PWR RESETしてもTERRAIN FAILは消えずでしたのでGPS1/GPS2 SWAPしたところでNMLに戻ったのですが""UNRELIABLE""ということでCREW了承のもとGPS2 INOPとして運航して頂いています。SWAP BACKはしていません。
AMOS 100391507/SWAP処理/SQ CARD作成済み。
⇒その後のKMJ,ITMにて数回GPS2 INOPしたそうです。(岩渕)
⇒2306便で数秒""TERRAIN FAIL""MSGがでたとNOTE UPあり。CORRしていたMAINT MSGは""MAU3 GPS2[EGPWS]WRG/FAULT:34410033EG1""。
C/OしているGPS 2 がUNRELIABLEになった時にMSGが出たのかな？と思います。
ARR後はCAS＆ACTIVE M/Mなし。GPS 1 & 2 NMLのためEGPWS SYS TEST PASSでNOTE CLOSE。
GPS SYSのMEL OP NOTEでMCDU POSI SNSR PAGEで、C/OしているGPS POSIをDESELECTする記載あるので再度実施してもらいました(西垣)
⇒3/15入荷目途が立っているため、216J C CKから流用はせず入荷を待つこととします。(3/14林あ)
⇒P/N:245-604067-001(3/15)
⇒GPS MOD交換してMEL CLOSEしました。（3/16 榎本）",竹田,2,Field,99999999,2018/03/12,99999999,2018/03/12
58115,ERJ170,JA217J,MMB,,,"From JAMIS",2,CLOSE,"23 ",02,P3,02,R3,,,0,0,0,0,"JL2713
始発便(CTS→MMB)DEPで#2 ENGINE START後""NAVCOM 2 FAIL""MESSAGE APPEARしたとのINFO有、すぐに消えたとの事。
MMBでMMを確認しましたがMEMORY無し。様子を見てもらっています。(MMB 碓井)
⇒JL2712ではOKでした。(CTS 宮谷内)",碓井,2,Field,99999999,2018/03/12,99999999,2018/03/12
58114,ERJ170,JA220J,KOJ,,,"From JAMIS",2,CLOSE,"18 ",02,P3,02,R3,,,0,0,0,0,"FWD LAV PAPER TOWEL MAGNETIC LATCH COND NG.  AMMB18-00にてC/Oしました。
⇒支援からのINFの通りMAGNET TARGET ADJしてOKです。18章C/O CLSです。AMOS NO 100391570（FUK 進）　",濟藤,2,Field,99999999,2018/03/12,99999999,2018/03/12
58113,ERJ190,JA246J,SDJ,,,"From JAMIS",2,CLOSE,"25 ",02,P3,02,R3,,,0,0,0,0,"CA INF:CLASS J 4H SEATが隣の4Kより若干倒れている。REC ACT ADJしようとしましたが、適正なTOOL&時間無きため、引き続き様子見でFLTしてます。機会ありましたら、ADJUSTお願いします。
⇒4H SEAT RECLINE ADJUSTしました、他の2H,3H SEATも状況が同じでしたのでADJUSTしました。CBN MEMOなしです。(樋口）",小林A,2,Field,99999999,2018/03/12,99999999,2018/03/12
58112,ERJ190,JA248J,ITM,,,"From JAMIS",2,CLOSE,"52 ",02,P3,02,R3,,,0,0,0,0,"朝一、AFT LAV DOORがIN FLTでのみ固かったそうです。MNTでLUB実施してその後はNORMとの事。念の為2434/2207にてDOOR周り見てみましたが、NO DEFECT。また固くなったらINFO下さいと伝えているので、次回の便間で聞いてみて下さい。
⇒JL2207ではNORMALでした。澤田＠SDJ
→STYまでNORMALだったとINFOありました。(ITM 村井)",角田,2,Field,99999999,2018/03/12,99999999,2018/03/12
58111,ERJ190,JA248J,SDJ,,,"From JAMIS",2,CLOSE,"32 ",02,P3,02,R3,,,0,0,0,0,"JL2207 SDJ DES-APP間FLT5000FtくらいでAURAL WARNING”LANDING GEAR""2回あったとのこと。
ACTIVE MM NO FOUND,CMC CUURENT LEG NO MSGでした。一時的にいずれかのR/ALTがUNRELAだった可能性がありますが、CMC上その関連でのMMもありません。JL2208にて様子を見て頂いています。
⇒2208便ではOKとの事でした。AHEAD上も特にMAINT MSG無しです。(ITM河内)
→STYまでNORMALだったとINFOありました。(ITM 村井）",澤田,2,Field,99999999,2018/03/12,99999999,2018/03/12
58110,ERJ170,JA211J,GAJ,,,"From JAMIS",2,CLOSE,"77 ",02,P3,02,R3,,,0,0,0,0,"昨日の#2 ENG VIBの件は、JL2233ではNORMALでした。
⇒JL174 も NORMAL でした。 (@HND 田中A)",河村,2,Field,99999999,2018/03/12,99999999,2018/03/12
58109,ERJ170,JA219J,ITM,,,"From JAMIS",2,CLOSE,"34 ",02,P3,02,R3,,,0,0,0,0,"レ点申し送りにある。WX RDRに""GHOST ECHO""が表示される件
⇒WX RTA交換しました。様子見て下さい。レ点は残しておきます。",松原,2,Field,99999999,2018/03/12,99999999,2018/03/12
58108,ERJ170,JA219J,ITM,,,"From JAMIS",2,CLOSE,"57 ",02,P3,02,R3,,,0,0,0,0,"レ点申し送りのL/H I/B FLAP I/B FAIRINGのSEAL NGの件
⇒SEAL交換しました。レ点外します。",松原,2,Field,99999999,2018/03/12,99999999,2018/03/12
58107,ERJ170,JA219J,ITM,,,"From JAMIS",2,CLOSE,"25 ",02,P3,02,R3,,,0,0,0,0,"SEAT NO15Hに着席される方が使うSEAT POCKET(SEAT NO14H)のLH SEAT SPRINGがCUTしていました。
⇒SPRING末端をテフロンテープで保護しています。AMMB18-00でC/Oしています。MAINT CHANCEで交換願います。
⇒2362/2173 便間にてPOCKET SPRING交換しました。C/O CLOSED  (ITM 角)",角,2,Field,99999999,2018/03/12,99999999,2018/03/12
58106,ERJ190,JA250J,ITM,,,"From JAMIS",2,CLOSE,"36 ",02,P3,02,R3,,,0,0,0,0,"STYでCMC ACTIVE MMで'RH HPSOV(CLOSE)【C1】/WRG FAULT'36112103AM1'拾っていました。TOVではWING A-I VLV OPEN後に出ていました。CAS MSGはなし。HISTORY ATAはBOTH CH共に3/10から1日1回程度拾い始めています。
TM IBITでACTIVEは消えた。RH ENG COWL OPENしてCORE内のCOND C'K & SERVO LINEのB-NUTをレンチであたりました。OKでした。
しばらくMONITORお願いします。
HPSOV P/N:1001246-3(在庫あり)
⇒HPSOV交換しました。(3/17石井）
⇒STYにて""RH HPSOV(CLOSED)[C1]/WRG FAULT""36112103AM1 ACTIVEでした。TQ MTR IBITで消えました。APP WAIV OPENのタイミングから拾っていました。CMCでの履歴は3月入ってからCH1 5回、CH2 8回でした。INFO ONLYです。（3/23赤坂）
⇒HPSOV(1001246-3)在庫1EA有りです。(LS梅本)",山下S,2,Field,99999999,2018/03/12,99999999,2018/03/12
58105,ERJ170,JA214J,AXT,,,"From JAMIS",2,CLOSE,"05 ",02,P3,02,R3,,,0,0,0,0,"JL2179でRADOME後方のLH FUSELAGEにBIRD STRIKE。DMGは下記5カ所
①ICE DET#1 MSG出っ放し。⇒明日交換
②ADSP#3に直撃。⇒外観&IND OKだが穴に入っている可能性ありなのでP/Mで明日交換
③FRM1-2間DENT⇒明日詳細計測後EMB INPUT
④FRM2-3間DENTその1⇒明日詳細計測後EMB INPUT
⑤FRM2-3間DENTその2⇒明日詳細計測後EMB INPUT
BIRD STRIKE INSPまでAMOS INPUTしてます(W/O 100391581)
⇒明朝JL2171で4名送り込み。計測&ECI&PARTS CHG実施予定。(LS金澤)",佐々木R,2,Field,99999999,2018/03/12,99999999,2018/03/12
58104,ERJ190,JA246J,ITM,,,"From JAMIS",2,CLOSE,"34 ",02,P3,02,R3,,,0,0,0,0,"ALT DIFF F/O SIDEがFL280で-170FT低い。CAP SIDEとIESSはそろっていた。
全LEG F/Oが低かったとの事。
GNDでは、全てそろっています。
LIMIT INなので口頭INFOのみでした。",稲村,2,Field,99999999,2018/03/12,99999999,2018/03/12
58103,ERJ170,JA227J,FUK,,,"From JAMIS",2,CLOSE,"25 ",02,P3,02,R3,,,0,0,0,0,"3588/3641 L2 ATT SEAT BELTのほつれがあるとINFO受けました。
確認して左側のBUCKLE付近がほつれてました、TRIMINGしてます。
WATCHお願いします。
⇒3641でもほつれてました。可能ならITMで交換おねがいします。（KMI イシイ）",一川,2,Field,99999999,2018/03/12,99999999,2018/03/12
58102,ERJ190,JA241J,SDJ,,,"From JAMIS",2,CLOSE,"23 ",02,P3,02,R3,,,0,0,0,0,"JL2211にてCRZ中、WI-FI SYSTEMが使用できなかったとCA INFOあり
時間なきため、FWD FAP上部のMASTER PWR RESETをしてJL2212にて再確認して頂けるようお願いしました。
⇒その後のFLTは、NMLでした。（西田）",澤田,2,Field,99999999,2018/03/12,99999999,2018/03/12
58101,ERJ190,JA242J,KOJ,,,"From JAMIS",2,CLOSE,"27 ",02,P3,02,R3,,,0,0,0,0,"JL2411 T/O時にFLSP/SLAT LEVERをPOSI:4にSETした所,SLAT LO RATE MSG APPEAR,
LEVERをPOSI:3にSETにてMSG DISAPPEARとのNOTE UPありました。
CMC PRESENT LEGにSFCL/SLAT PSU FAULT 27830001ACEがLOGされたいました。
SLAT OPE NML & NO MT MSGにてOK FOR SVC、JL2412でKOJ DEP時もNMLでした。(KOJ 久高)",久高,2,Field,99999999,2018/03/12,99999999,2018/03/12
58100,ERJ170,JA217J,KIJ,,,"From JAMIS",2,CLOSE,"05 ",02,P3,02,R3,,,0,0,0,0,"JL2876 CREW ORAL (NO LOG IN)
STRANGE SOUND (ブーン音) FROM F/O FWD FLOOR
T/O AIR SPD 240knotから始まりALT 6000FT 程度まで続き、音はだんだん後ろに移動する感じで小さくなったとの事です。
NOSE AREA VISUAL INSP CHK OK (FWD AVIO COMP'T HATCH, RAT DOOR, RADOME, NOSE GEAR DOOR) 様子を見て貰っています。
⇒再度INFOされました。状況は220kt過ぎて、発生し、20000FTを超えるとだんだん、小さくなり消えるとの事。但し、CLIMB中だけに発生するとの事。音はDV WINDOWから発生音と似ているとの事。FWD E-BAY DOOR OPEN/CLOSEしてみました。又、可能ならば、発生時にAIR SPEED REDUCEを依頼しました。(CTS/金坂)
⇒NOTE LOG UP。再度INFOされました。上昇中220ktを過ぎて6000ft～23000ftでブー音がCOCKPIT足元あたりからするような気がする。それ以降は、徐々に音がなくなるそうです。AIR SPDに関連しているような気がするそうです。振動はなく、ENG出力にも関係ないそうです。AC NOSE AREA, NOSE LDG DOOR, L1&L2 DOOR, FWD E-BAY, COCKPITのGEN COND CHECK OK。OK FOR SVCとします。（SDJ平野)",村松,2,Field,99999999,2018/03/12,99999999,2018/03/12
58099,ERJ190,JA250J,ITM,,,"From JAMIS",2,CLOSE,"29 ",02,P3,02,R3,,,0,0,0,0,"先日SHYD 3 SYS QTY LOWでACUUM PRESS CKしたところLIMIT OUTだったのでCHARGE実施した件でRE-CK実施しました。
⇒ACUUM PRESS 1000PSI/OAT13℃、FLUID LEVELも80％/FLUID TEMP26℃でOKでした。レ点外します。",山下S,2,Field,99999999,2018/03/12,99999999,2018/03/12
58098,ERJ170,JA216J,FUK,,,"From JAMIS",2,CLOSE,"30 ",02,P3,02,R3,,,0,0,0,0,"CA INFO:WATER SYS FAULT LT約5分間点灯したとの事。CMC ""FWD DRAIN MAST/WWSC/WRG FAULT"" CODE:3800221WWSをSTORE。
FWD DRAIN MAST HEATING CK OKにより様子を見てもらっています。過去歴ありです。
⇒その後STAYまでNML（みおうぎ）",秋山,2,Field,99999999,2018/03/12,99999999,2018/03/12
58097,ERJ190,JA244J,SDJ,,,"From JAMIS",2,CLOSE,"38 ",02,P3,02,R3,,,0,0,0,0,"F3537/3538 CA INFO:上空で WATER SYS FAULT L'T ON,CMCは AFT DRAIN MAST & FWD DRAIN MASTを拾ってました。ACT HEAT CHECK OK。様子みてもらってます。
⇒F2060/STAY便：NMLとの事でした。NO.ACTIONです。（河内＠ITM）",平野,2,Field,99999999,2018/03/12,99999999,2018/03/12
58096,ERJ190,JA251J,KIJ,,,"From JAMIS",2,CLOSE,"31 ",02,P3,02,R3,,,0,0,0,0,"USED SPARE PRINTER PAPER AT KIJ (SPARE REMAIN 1-ROLL)
⇒SPARE PAPER SUPPLYしました。（ITM 近藤D)",村松,2,Field,99999999,2018/03/12,99999999,2018/03/12
58095,ERJ190,JA245J,"LS ",,,"From JAMIS",2,CLOSE,"23 ",02,P3,02,R3,,,0,0,0,0,"長期要目でWI-FI INSTされました。これでE190も全てWI-FI装備されました。",金澤,1,Fleet,99999999,2018/03/12,99999999,2018/03/12
58094,ERJ190,JA250J,ITM,,,"From JAMIS",2,CLOSE,"25 ",02,P3,02,R3,,,0,0,0,0,"3/6に報告があったFWD GLY COFFEE MAKER OVERFLOWが再発しました。(2402)
SENSOR CLEANING & COFFEE MAKER REINST後OKになりました。NO SQ UPです。
⇒STYまでNO INFO(ITM山下S)",金山,2,Field,99999999,2018/03/12,99999999,2018/03/12
58093,ERJ190,JA252J,AOJ,,,"From JAMIS",2,CLOSE,"52 ",02,P3,02,R3,,,0,0,0,0,"（CBN CREW INFO）AFT ENTRY DOOR UPPER SIDEから水滴が垂れてくるとINFOありました。DOOR OPENして確認したところ、DOOR SIDE及び機体SIDEにかなりの水滴がついていました。CLEANしてあります。
CREWの方には、雨が降った時にDOOR OPENしたか、結露によるものだろうと説明してあります。WATCHお願いします。
⇒ KOJ STY NO INFOでした。　(新垣@KOJ)",桜井,2,Field,99999999,2018/03/11,99999999,2018/03/11
58092,ERJ170,JA226J,FUK,,,"From JAMIS",2,CLOSE,"32 ",02,P3,02,R3,,,0,0,0,0,"INFO ONLY : L/H INBD BRK WORN気味です。LWR/NEAR LIMIT、UPR/0.5mm位でした。
⇒THANKS INFO, BRAKE交換しました（赤坂）",水野,2,Field,99999999,2018/03/11,99999999,2018/03/11
58091,ERJ170,JA224J,ITM,,,"From JAMIS",2,CLOSE,"25 ",02,P3,02,R3,,,0,0,0,0,"213Jに流用するためにFWD LAVのゴミ箱のDOORをRMVしてます。INST用のSCREWはSHIP SIDEに残しています。

⇒PARTSはすぐには入荷しません。224JのAIL FUSE SECTOR SUPPORTのREPAIRが終了(3/14)するまでに、12日のSTAYからC-C'Kに入る216Jから流用して復旧して下さい。DOOR P/N:170-94441-403、DOORにINSTされているPLACARDは全て在庫有り。(LS 前甲)
⇒216Jから流用されている模様です。(3/14林あ)",廣中,2,Field,99999999,2018/03/11,99999999,2018/03/11
58090,ERJ170,JA219J,TKS,,,"From JAMIS",2,CLOSE,"25 ",02,P3,02,R3,,,0,0,0,0,"SEAT NO15Hに着席される方が使うSEAT POCKET(SEAT NO14H)のLH SEAT SPRINGがCUTしていました。
⇒SPRING末端をテフロンテープで保護しています。AMMB18-00でC/Oしています。MAINT CHANCEで交換願います。
⇒2362/2173 便間にてPOCKET SPRING交換しました。C/O CLOSED  (ITM 角)",加藤正,2,Field,99999999,2018/03/11,99999999,2018/03/11
58089,ERJ170,JA213J,KOJ,,,"From JAMIS",2,CLOSE,"18 ",02,P3,02,R3,,,0,0,0,0,"FWD LAV TRASH CAN COMPARTMENT DOOR MINOR破損。AMMB18-00にてC/Oしました。
⇒ASJ STILL C/Oのため、CAさんのSECURITY C'K後にTAPE RE-APPLYしました。(ASJ 藤原)
⇒AOG中の224JからDOOR ASSYを流用して、FUKに託送します。STAYでの交換お願いします。(LS 前甲)
⇒DOOR交換してC/O CLOSEです。(FUK 谷邨)",濟藤,2,Field,99999999,2018/03/11,99999999,2018/03/11
58088,ERJ190,JA250J,ITM,,,"From JAMIS",2,CLOSE,"52 ",02,P3,02,R3,,,0,0,0,0,"2401 DEP時 INTERPHONEよりL2 DOORのARMEDの文字が少し隠れているとのINFOあり、一度 やり直してもらいましたが、変化なしでしたがすべてINDはREDになっているのでそのままDEPさせました。一応 KOJに到着時詳細を見てもらうよう連絡しました。
⇒2401/2402便間でCKしました。DOORはR2 DOORのARMED/DISARMED INDのことで""ARMED""状態では上側の字が1/5程かくれる状態（RED表示はNML)、ARMED/DISARMED IND自体に引っ掛かりは無し、Girt barの動きも良さうで、ARMED/DISARMED Leverを強く押しこんでもINDの変化ない状態です。ARMED/DISARMEDはINDでの確認に問題無い状態なのでそのままDEPしてもらいました。宇根@KOJ
⇒上記の通りDISARMはど真ん中ですが、ARMにするとUPSHIFTしてしまう状態でした。ARM/DISARM INDICATION FLAGに繋がっているCONTROL ROD ENDのJAM-NUTがLOOSEでした。RODを回転させて調整した後TQ UPしてTQ SEAL APPLYしています。DOOR OPE & INDICATION C'K OKです。残りの3つのDOORも念の為確認しましたがOKでした。（仙波）",増瀬,2,Field,99999999,2018/03/11,99999999,2018/03/11
58087,ERJ170,JA221J,HNA,,,"From JAMIS",2,CLOSE,"05 ",02,P3,02,R3,,,0,0,0,0,"CA INFO :JL2832 ARR時CBN内で鼻を衝く臭いがするとの事、尚DEP時もしたそうです。FLT中はOKとの事。確かにOILっぽい臭いがしました。PACK OFF,REC ONでしばらくすると収まってきました。APU TAIL AREA CLEANです。CA さんにはNEXT MONITOR依頼してます。NEXT CTSにて確認お願いします。",平井,2,Field,99999999,2018/03/11,99999999,2018/03/11
58086,ERJ170,JA218J,ITM,,,"From JAMIS",2,CLOSE,"27 ",02,P3,02,R3,,,0,0,0,0,"2180便にてITM APPR中、""FLAP FAIL"" MSG APPEARによりG/A。
状況はAPPにて0⇒1 UNITでFLAP FAIL MSG ON & FLAPが途中で止まった。SLATはNML。
その後CREW 操作により1⇒0 UNITにSETしたがSAME(SLATはRET、FLAP NOT MOVE)のためG/Aした。
その後CK LISTに従い再度0⇒1 UNITでBACK TO NMLとなり、FLAP MOVE & FLAP FAIL MSG OFF。
そのままNML CONDでBLOCK INしてきました。(NML LANDING)

M/Mは
①27512014ACE:FLAP SURFACE JAMMED/UNDERSPEED、それと共に、②22310001TA1/2:FLAP/SLAT HANDLE UNIT FAULT　
③34410017EG1:INV FLAP DATA/MAU2 EGPWS/WRG FAULT 3つをSTORE。
FIMに従い各ACTのTQ LIMITER確認。LH IB FLAP IB ACTのTRIP INDがTRIP POSITIONにあるものの、TRIP PINはTRIPしておらず。TRIP IND(SPRINGの方) RESETし、何回もOPEしましたがTRIPせず。また、FLAP/SLAT MECHもGVI実施しNO DEFFECT。
FLAP PDUのTQ TUBEは特にLOADを持っている感じも無く。FIMではここでTRANSITORY CONDとなっていますが、PRECAUTIONでPDU及びFLAP/SLAT CONT LVR交換。2173 DEP NMLでした。(DLY CODE:DD 0031)",西垣,2,Field,99999999,2018/03/11,99999999,2018/03/11
58085,ERJ170,JA225J,SHM,,,"From JAMIS",2,CLOSE,"25 ",02,P3,02,R3,,,0,0,0,0,"G3GLY WATER BOILER FAIL/NO WATER L'T ONでCBN MEMO UPされました。
LONG CB RESETでOKになりました。",百谷,2,Field,99999999,2018/03/11,99999999,2018/03/11
58084,ERJ170,JA211J,MYJ,,,"From JAMIS",2,CLOSE,"52 ",02,P3,02,R3,,,0,0,0,0,"REFUELING PNL LOCK のSAFTY WIREがCUTしてます。NUTに緩みないこと確認し、危ないのでWIREを外しています。時間があるときやり直しをお願いします。
⇒ITM便間で完了です。REPORTもCLOSED。(ITM木戸)",中村,2,Field,99999999,2018/03/11,99999999,2018/03/11
58083,ERJ170,JA211J,ITM,,,"From JAMIS",2,CLOSE,"23 ",02,P3,02,R3,,,0,0,0,0,"昨日のVHF COMM 1不調でCOMM 1交換した件。本日朝2LEG(F2301/2302)はGOODとの事。
⇒STYまでOK(ITM 小川）",木戸,2,Field,99999999,2018/03/11,99999999,2018/03/11
58081,ERJ190,JA244J,CTS,,,"From JAMIS",2,CLOSE,"24 ",02,P3,02,R3,,,0,0,0,0,"JL2900 DEP時、ENG START後にBREAK PWR TRANSFERしたとのINFOありましたが、その後NORMALとのことによりDEPしています。
⇒SDJ ARR時NOTEでLOG UPされました。CMC C'Kで前日同様たくさんのMSG APPEARしてましたが、その後はALL MSG OFF,CCD2 OPE C'K OK、その他　ALL NMLのため、引き続き状況みてもらってます。SDJ@小林A
⇒ITM STYまでNORM（永村＠ITM）",宮谷内,2,Field,99999999,2018/03/11,99999999,2018/03/11
58080,ERJ190,JA247J,KIJ,,,"From JAMIS",2,CLOSE,"33 ",02,P3,02,R3,,,0,0,0,0,"JL2247、2251でFWD CARGO LOADING LTが点灯せず、TAPPINGでOKになっています。接触が悪いのかもしれません、STYで確認できたらお願いします。
⇒STYでも点灯していませんでした。BULB交換してOPE C'K OK。SOCKET裏等のCOND C'K実施しましたが、OKでした。（下川M）",岩井,2,Field,99999999,2018/03/11,99999999,2018/03/11
58079,ERJ170,JA214J,HNA,,,"From JAMIS",2,CLOSE,"53 ",02,P3,02,R3,,,0,0,0,0,"JL2185 HNA ARVでLH WING TO BODY FILLET SCREWいつもの場所AFT SIDEより10本 LOOSEでRETIGHTしました、ITMでのSTAY時緩み止めお願い致します。
⇒便間にてLH/RH共にLOCKTITE APPLYして締めました。(ITM 廣中)",平井,2,Field,99999999,2018/03/11,99999999,2018/03/11
